mtllib saveddata.mtl
# vertices
v 448 -16 -32
v 448 -16 112
v 448 0 112
v 448 0 -32
v 1152 0 112
v 1152 -16 112
v 1152 -16 -32
v 1152 0 -32
v 1152 -16 -16
v 1152 -16 96
v 1152 0 96
v 1152 0 -16
v 1296 0 96
v 1296 -16 96
v 1296 -16 -16
v 1296 0 -16
v 1152 -16 -400
v 1152 -16 -16
v 1152 0 -16
v 1152 0 -400
v 1296 0 -16
v 1296 -16 -16
v 1296 -16 -400
v 1296 0 -400
v 1152 -16 96
v 1152 -16 1168
v 1152 0 1168
v 1152 0 96
v 1296 0 1168
v 1296 -16 1168
v 1296 -16 96
v 1296 0 96
v 1152 -16 -720
v 1152 -16 -400
v 1152 0 -400
v 1152 0 -720
v 1296 0 -400
v 1296 -16 -400
v 1296 -16 -720
v 1296 0 -720
v 704 -16 -864
v 704 -16 -720
v 704 0 -720
v 704 0 -864
v 2832 0 -720
v 2832 -16 -720
v 2832 -16 -864
v 2832 0 -864
v 1152 -16 -1216
v 1152 -16 -864
v 1152 0 -864
v 1152 0 -1216
v 1296 0 -864
v 1296 -16 -864
v 1296 -16 -1216
v 1296 0 -1216
v 1904 -16 -1216
v 1904 -16 -864
v 1904 0 -864
v 1904 0 -1216
v 2048 0 -864
v 2048 -16 -864
v 2048 -16 -1216
v 2048 0 -1216
v 1920 -16 112
v 1920 -16 800
v 1920 0 800
v 1920 0 112
v 2064 0 800
v 2064 -16 800
v 2064 -16 112
v 2064 0 112
v 2832 -16 -864
v 2832 -16 -32
v 2832 0 -32
v 2832 0 -864
v 2976 0 -32
v 2976 -16 -32
v 2976 -16 -864
v 2976 0 -864
v 1296 -16 -32
v 1296 -16 112
v 1296 0 112
v 1296 0 -32
v 2976 0 112
v 2976 -16 112
v 2976 -16 -32
v 2976 0 -32
v 2064 -16 112
v 2064 -16 800
v 2064 0 800
v 2064 0 112
v 2976 0 800
v 2976 -16 800
v 2976 -16 112
v 2976 0 112
v 1296 -16 656
v 1296 -16 800
v 1296 0 800
v 1296 0 656
v 1920 0 800
v 1920 -16 800
v 1920 -16 656
v 1920 0 656
v 640 -16 656
v 640 -16 800
v 640 0 800
v 640 0 656
v 1152 0 800
v 1152 -16 800
v 1152 -16 656
v 1152 0 656
v 448 -16 -51.88225085982231
v 448 4.571428571420256 -44.523292017154745
v 448 33.786490253265804 -64
v 448 26.176623509157952 -80
v 1104 26.176623540943044 -80
v 1104 33.78649028505085 -64
v 1104 4.571428571420289 -44.52329199596459
v 1104 -16 -51.88225083863214
v 448 -16 -51.88225099393094
v 448 -16 -32
v 448 4.57142857142788 -32
v 448 4.571428571428016 -44.5232922343866
v 1104 4.57142857142809 -44.523291995967774
v 1104 4.571428571427954 -32
v 1104 -16 -32
v 1104 -16 -51.882250755512125
v 448 85.82337649086548 -80
v 448 26.176623509138153 -80
v 448 33.786490219856205 -64
v 448 78.21350978014375 -64
v 1104 78.21350978014361 -64
v 1104 33.786490219856205 -64
v 1104 26.176623509138153 -80
v 1104 85.82337649086533 -80
v 448 85.82337649085457 -80
v 448 78.2135098754352 -64
v 448 107.4285714285494 -44.52329205934902
v 448 128 -51.88225077246351
v 1104 78.21350978034837 -64
v 1104 85.82337639576781 -80
v 1104 128 -51.88225070907191
v 1104 107.42857142855001 -44.523291995957436
v 448 107.42857142857261 -44.52329223438937
v 448 107.42857142857247 -32
v 448 128 -32
v 448 128 -51.88225099391278
v 1104 128 -32
v 1104 107.42857142857251 -32
v 1104 128 -51.88225075549396
v 1104 107.42857142857265 -44.52329199597056
v 1344 -16 -51.88225085982049
v 1344 4.571428571420256 -44.52329201715111
v 1344 33.78649025324887 -64
v 1344 26.176623509145582 -80
v 2784 26.176623540931885 -80
v 2784 33.786490285035285 -64
v 2784 4.571428571420422 -44.52329199596009
v 2784 -16 -51.882250838629616
v 1344 -16 -51.882250993934576
v 1344 -16 -32
v 1344 4.571428571427909 -32
v 1344 4.571428571428056 -44.52329223439287
v 2784 4.571428571428389 -44.52329199597449
v 2784 4.571428571428242 -32
v 2784 -16 -32
v 2784 -16 -51.882250755516345
v 1344 85.82337649088004 -80
v 1344 26.17662350914179 -80
v 1344 33.786490219856205 -64
v 1344 78.21350978014007 -64
v 2784 78.21350978013908 -64
v 2784 33.78649021985654 -64
v 2784 26.176623509142125 -80
v 2784 85.82337649087903 -80
v 1344 85.82337649082547 -80
v 1344 78.21350987540427 -64
v 1344 107.42857142853924 -44.52329205933529
v 1344 128 -51.88225077245615
v 2784 78.21350978031714 -64
v 2784 85.82337639573848 -80
v 2784 128 -51.88225070906475
v 2784 107.42857142853927 -44.52329199594388
v 1344 107.4285714285853 -44.523292234385735
v 1344 107.42857142858527 -32
v 1344 128 -32
v 1344 128 -51.882250993903654
v 2784 107.42857142858435 -32
v 2784 107.42857142858438 -44.523291995966964
v 2784 128 -32
v 2784 128 -51.88225075548502
v 1344 128 -700.117749140185
v 1344 107.42857142858338 -707.476707982858
v 1344 78.2135097467457 -688
v 1344 85.82337649085068 -672
v 2784 85.82337645906505 -672
v 2784 78.21350971496013 -688
v 2784 107.4285714285829 -707.476708004048
v 2784 128 -700.117749161375
v 1344 128 -700.1177490060654
v 1344 128 -720
v 1344 107.42857142857389 -720
v 1344 107.42857142857383 -707.4767077656091
v 2784 107.42857142857342 -707.4767080040277
v 2784 107.42857142857348 -720
v 2784 128 -720
v 2784 128 -700.1177492444839
v 1344 26.176623509112687 -672
v 1344 85.82337649085821 -672
v 1344 78.21350978014016 -688
v 1344 33.78649021985666 -688
v 2784 85.82337649085804 -672
v 2784 26.176623509113686 -672
v 2784 33.78649021985764 -688
v 2784 78.21350978013999 -688
v 1344 26.176623509176352 -672
v 1344 33.78649012460119 -688
v 1344 4.57142857146404 -707.4767079406628
v 1344 -16 -700.1177492275411
v 2784 33.78649021968809 -688
v 2784 26.176623604263245 -672
v 2784 -16 -700.1177492909325
v 2784 4.5714285714640335 -707.4767080040542
v 1344 4.5714285714133975 -707.4767077656143
v 1344 4.571428571413341 -720
v 1344 -16 -720
v 1344 -16 -700.1177490060959
v 2784 4.571428571414675 -720
v 2784 4.571428571414732 -707.4767080040331
v 2784 -16 -700.1177492445142
v 2784 -16 -720
v 704 4.571428571416277 -707.4767077656143
v 704 4.571428571416239 -720
v 704 -16 -720
v 704 -16 -700.1177490060886
v 1104 4.5714285714168055 -720
v 1104 4.571428571416844 -707.4767080040326
v 1104 -16 -700.1177492445067
v 1104 -16 -720
v 704 26.176623509158162 -672
v 704 33.78649012459755 -688
v 704 4.571428571489328 -707.4767079406575
v 704 -16 -700.1177492275323
v 1104 33.78649021968543 -688
v 1104 26.176623604245783 -672
v 1104 -16 -700.1177492909236
v 1104 4.5714285714899185 -707.4767080040492
v 704 26.17662350912724 -672
v 704 85.82337649085821 -672
v 704 78.21350978013288 -688
v 704 33.78649021986318 -688
v 1104 85.82337649085821 -672
v 1104 26.176623509127523 -672
v 1104 33.78649021986346 -688
v 1104 78.21350978013284 -688
v 704 128 -700.1177491402032
v 704 107.4285714286234 -707.4767079828653
v 704 78.21350974674489 -688
v 704 85.82337649085588 -672
v 1104 85.82337645906982 -672
v 1104 78.21350971495868 -688
v 1104 107.42857142862294 -707.4767080040558
v 1104 128 -700.1177491613935
v 704 128 -700.1177490060654
v 704 128 -720
v 704 107.42857142857247 -720
v 704 107.42857142857247 -707.4767077656127
v 1104 107.42857142857238 -707.4767080040307
v 1104 107.42857142857238 -720
v 1104 128 -720
v 1104 128 -700.1177492444835
v 704 107.4285714285849 -876.523292234393
v 704 107.42857142858496 -864
v 704 128 -864
v 704 128 -883.8822509939114
v 1104 107.42857142858453 -864
v 1104 107.42857142858448 -876.5232919959747
v 1104 128 -864
v 1104 128 -883.8822507554931
v 704 85.8233764908473 -912
v 704 78.21350987540245 -896
v 704 107.4285714285129 -876.5232920593413
v 704 128 -883.8822507724666
v 1104 78.21350978031488 -896
v 1104 85.8233763957597 -912
v 1104 128 -883.8822507090749
v 1104 107.42857142851283 -876.5232919959496
v 704 85.82337649087276 -912
v 704 26.176623509138153 -912
v 704 33.78649021986348 -896
v 704 78.21350978013677 -896
v 1104 78.2135097801365 -896
v 1104 33.786490219863616 -896
v 1104 26.176623509138288 -912
v 1104 85.82337649087246 -912
v 704 -16 -883.8822508598023
v 704 4.571428571391152 -876.5232920171402
v 704 33.78649025325761 -896
v 704 26.17662350914645 -912
v 1104 26.1766235409323 -912
v 1104 33.78649028504346 -896
v 1104 4.571428571391231 -876.5232919959496
v 1104 -16 -883.8822508386118
v 704 -16 -883.8822509939346
v 704 -16 -864
v 704 4.571428571427532 -864
v 704 4.571428571427532 -876.5232922343874
v 1104 4.571428571427623 -876.5232919959692
v 1104 4.571428571427623 -864
v 1104 -16 -864
v 1104 -16 -883.8822507555165
v 448 4.571428519617212 124.5232928815276
v 448 4.57142833300576 112
v 448 -16 112
v 448 -16 131.88225194758726
v 1104 4.571428333005797 112
v 1104 4.571428519617246 124.52329264310887
v 1104 -16 131.8822517091686
v 1104 -16 112
v 448 26.176623985973492 160
v 448 33.78649036297975 144
v 448 4.571428519635639 124.52329270648406
v 448 -16 131.8822517261384
v 1104 33.786490458066616 144
v 1104 26.17662408106156 160
v 1104 -16 131.8822516627436
v 1104 4.571428519631979 124.5232926430904
v 448 26.176623985971673 160
v 448 85.82337696770264 160
v 448 78.21351001856601 144
v 448 33.78649045827483 144
v 1104 85.82337696770257 160
v 1104 26.176623985971816 160
v 1104 33.786490458274976 144
v 1104 78.21351001856594 144
v 448 128 131.88224966773123
v 448 107.42857137676765 124.52329113160158
v 448 78.21350998515807 144
v 448 85.82337696768455 160
v 1104 85.8233769358992 160
v 1104 78.2135099533727 144
v 1104 107.42857137676802 124.5232911104111
v 1104 128 131.8822496465407
v 448 128 131.88224980183077
v 448 128 112
v 448 107.42857119016165 112
v 448 107.42857137677308 124.52329134883468
v 1104 107.42857137677282 124.52329111041604
v 1104 107.42857119016139 112
v 1104 128 112
v 1104 128 131.88224956341222
v 1344 128 131.88224980183077
v 1344 128 112
v 1344 107.42857119016165 112
v 1344 107.42857137677308 124.52329134883479
v 1872 107.42857137677287 124.52329111041624
v 1872 107.42857119016143 112
v 1872 128 112
v 1872 128 131.88224956341227
v 1344 128 131.88224966772395
v 1344 107.4285713767822 124.52329113159612
v 1344 78.21350998515946 144
v 1344 85.82337696768592 160
v 1872 85.8233769359004 160
v 1872 78.21350995337393 144
v 1872 107.42857137678224 124.5232911104056
v 1872 128 131.88224964653344
v 1344 26.176623985971673 160
v 1344 85.82337696770264 160
v 1344 78.21351001856601 144
v 1344 33.78649045827476 144
v 1872 85.82337696770259 160
v 1872 26.1766239859718 160
v 1872 33.78649045827488 144
v 1872 78.21351001856596 144
v 1344 26.17662398597895 160
v 1344 33.786490362983386 144
v 1344 4.571428519641358 124.52329270648784
v 1344 -16 131.88225172614094
v 1872 33.78649045807242 144
v 1872 26.176624081068347 160
v 1872 -16 131.88225166274697
v 1872 4.5714285196399445 124.5232926430942
v 1344 4.571428519617212 124.52329288152396
v 1344 4.57142833300576 112
v 1344 -16 112
v 1344 -16 131.88225194758712
v 1872 4.571428333005791 112
v 1872 4.57142851961724 124.52329264310542
v 1872 -16 131.8822517091686
v 1872 -16 112
v 1296 -16 -672
v 1296 -16 -80
v 1296 4.571428571416716 -80
v 1296 4.571428571417439 -672
v 1308.5232919959635 4.57142857141748 -672
v 1308.523292234387 4.571428571416757 -80
v 1315.8822509939173 -16 -80
v 1315.8822507554935 -16 -672
v 1315.8822507724726 -16 -80
v 1308.5232920593537 4.57142857146697 -80
v 1308.5232919959556 4.5714285714761385 -672
v 1315.8822507090747 -16 -672
v 1328 33.786490219714324 -672
v 1328 33.78649012460934 -80
v 1344 26.17662350916362 -80
v 1344 26.176623604267505 -672
v 1328 33.78649021985734 -672
v 1328 33.78649021986756 -80
v 1328 78.2135097801375 -80
v 1328 78.2135097801326 -672
v 1344 26.176623509130877 -80
v 1344 26.176623509121086 -672
v 1344 85.82337649085821 -672
v 1344 85.82337649086281 -80
v 1315.8822508385729 128 -672
v 1308.5232919959453 107.4285714286296 -672
v 1308.523292017124 107.42857142861132 -80
v 1315.8822508597564 128 -80
v 1328 78.21350974669622 -80
v 1328 78.21350971495349 -672
v 1344 85.8233764908077 -80
v 1344 85.82337645905682 -672
v 1296 107.42857142857234 -672
v 1296 107.42857142857247 -80
v 1296 128 -80
v 1296 128 -672
v 1315.8822509939273 128 -80
v 1308.5232922343876 107.42857142857247 -80
v 1308.5232919959758 107.42857142857234 -672
v 1315.882250755516 128 -672
v 1328 33.78649021985385 160
v 1328 33.786490219872725 608
v 1328 78.21350978015538 608
v 1328 78.21350978014246 160
v 1344 26.176623509138153 608
v 1344 26.176623509118052 160
v 1344 85.82337649085821 160
v 1344 85.82337649087285 608
v 1296 -16 160
v 1296 -16 608
v 1296 4.5714285714158756 608
v 1296 4.571428571416423 160
v 1308.5232919959635 4.5714285714164635 160
v 1308.5232922343873 4.571428571415916 608
v 1315.882250993916 -16 608
v 1315.8822507554935 -16 160
v 1315.8822507724708 -16 608
v 1308.5232920593546 4.571428571447706 608
v 1308.5232919959506 4.5714285714743905 160
v 1315.8822507090706 -16 160
v 1328 33.78649021973615 160
v 1328 33.786490124615526 608
v 1344 26.176623509156343 608
v 1344 26.176623604272308 160
v 1315.8822508385547 128 160
v 1308.5232919959499 107.42857142864094 160
v 1308.5232920171293 107.42857142862385 608
v 1315.8822508597368 128 608
v 1328 78.21350974671077 608
v 1328 78.21350971495927 160
v 1344 85.82337649080503 608
v 1344 85.82337645905318 160
v 1296 107.42857142857237 160
v 1296 107.42857142857247 608
v 1296 128 608
v 1296 128 160
v 1315.8822509939273 128 608
v 1308.5232922343876 107.42857142857247 608
v 1308.5232919959758 107.42857142857237 160
v 1315.882250755516 128 160
v 1344 -16 112
v 1296 -16 160
v 1296 128 160
v 1344 128 112
v 1344 128 160
v 1344 -16 160
v 1296 0 160
v 1296 0 112
v 1296 -16 112
v 1296 -16 160
v 1344 -16 112
v 1344 0 112
v 1344 128 -32
v 1296 128 -80
v 1296 -16 -80
v 1344 -16 -32
v 1344 -16 -80
v 1344 128 -80
v 1296 -16 -80
v 1296 -16 -32
v 1296 0 -32
v 1296 0 -80
v 1344 0 -32
v 1344 -16 -32
v 1344 -16 -883.8822509939346
v 1344 -16 -864
v 1344 4.571428571427532 -864
v 1344 4.571428571427532 -876.5232922343876
v 1856 4.57142857142765 -876.5232919959691
v 1856 4.57142857142765 -864
v 1856 -16 -864
v 1856 -16 -883.8822507555161
v 1344 -16 -883.8822508597968
v 1344 4.571428571383876 -876.5232920171293
v 1344 33.7864902532587 -896
v 1344 26.176623509147554 -912
v 1856 26.176623540933583 -912
v 1856 33.78649028504467 -896
v 1856 4.571428571384089 -876.5232919959388
v 1856 -16 -883.8822508386063
v 1344 85.82337649087276 -912
v 1344 26.176623509138153 -912
v 1344 33.78649021986348 -896
v 1344 78.21350978013677 -896
v 1856 78.21350978013648 -896
v 1856 33.78649021986366 -896
v 1856 26.17662350913833 -912
v 1856 85.82337649087246 -912
v 1344 85.82337649084911 -912
v 1344 78.21350987540609 -896
v 1344 107.42857142851796 -876.5232920593379
v 1344 128 -883.8822507724631
v 1856 78.2135097803184 -896
v 1856 85.8233763957614 -912
v 1856 128 -883.8822507090713
v 1856 107.4285714285179 -876.5232919959461
v 1344 107.42857142858507 -876.523292234393
v 1344 107.4285714285851 -864
v 1344 128 -864
v 1344 128 -883.8822509939115
v 1856 107.4285714285845 -864
v 1856 107.42857142858448 -876.5232919959748
v 1856 128 -864
v 1856 128 -883.8822507554935
v 2096 -16 -883.8822509939346
v 2096 -16 -864
v 2096 4.571428571427532 -864
v 2096 4.571428571427532 -876.5232922343857
v 2976 4.571428571427741 -876.5232919959678
v 2976 4.571428571427741 -864
v 2976 -16 -864
v 2976 -16 -883.8822507555168
v 2096 -16 -883.8822508598005
v 2096 4.571428571398428 -876.5232920171347
v 2096 33.7864902532601 -896
v 2096 26.176623509150808 -912
v 2976 26.176623540936703 -912
v 2976 33.78649028504604 -896
v 2976 4.571428571398245 -876.523291995944
v 2976 -16 -883.8822508386097
v 2096 85.82337649086548 -912
v 2096 26.176623509138153 -912
v 2096 33.78649021986348 -896
v 2096 78.21350978013004 -896
v 2976 78.2135097801297 -896
v 2976 33.7864902198639 -896
v 2976 26.176623509138466 -912
v 2976 85.82337649086509 -912
v 2096 85.82337649085457 -912
v 2096 78.21350987540973 -896
v 2096 107.42857142850663 -876.5232920593357
v 2096 128 -883.8822507724651
v 2976 78.21350978032223 -896
v 2976 85.82337639576704 -912
v 2976 128 -883.8822507090732
v 2976 107.42857142850696 -876.5232919959437
v 2096 107.42857142858685 -876.5232922344003
v 2096 107.42857142858688 -864
v 2096 128 -864
v 2096 128 -883.8822509939109
v 2976 107.4285714285861 -864
v 2976 107.42857142858607 -876.5232919959819
v 2976 128 -864
v 2976 128 -883.882250755493
v 1104 85.82337649088367 -672
v 1104 26.17662350914179 -672
v 1104 26.176623509134515 -80
v 1104 85.82337649087097 -80
v 1120 78.21350978013473 -80
v 1120 33.78649021985982 -80
v 1120 33.786490219867055 -672
v 1120 78.21350978014634 -672
v 1132.1177492909264 128 -672
v 1104 85.82337639573313 -672
v 1104 85.82337649083583 -80
v 1132.1177492275306 128 -80
v 1120 78.21350987538972 -80
v 1120 78.21350978028461 -672
v 1139.4767079406495 107.4285714285348 -80
v 1139.4767080040474 107.42857142852517 -672
v 1139.4767077656143 107.42857142857974 -80
v 1132.1177490060836 128 -80
v 1132.1177492445072 128 -672
v 1139.4767080040374 107.42857142858254 -672
v 1152 128 -80
v 1152 107.42857142857979 -80
v 1152 128 -672
v 1152 107.42857142858259 -672
v 1132.1177491402414 -16 -80
v 1104 26.176623509185966 -80
v 1104 26.17662354094317 -672
v 1132.1177491614274 -16 -672
v 1120 33.786490285048785 -672
v 1120 33.786490253297146 -80
v 1139.476707982878 4.571428571383876 -80
v 1139.4767080040538 4.571428571367797 -672
v 1132.117749244484 -16 -672
v 1132.1177490060727 -16 -80
v 1139.4767077656124 4.571428571427532 -80
v 1139.4767080040237 4.5714285714276635 -672
v 1152 4.571428571427532 -80
v 1152 -16 -80
v 1152 4.5714285714276635 -672
v 1152 -16 -672
v 2812.117749244482 -16 -672
v 2812.117749006071 -16 -80
v 2819.4767077656106 4.571428571427532 -80
v 2819.476708004022 4.5714285714276635 -672
v 2832 4.571428571427532 -80
v 2832 -16 -80
v 2832 4.5714285714276635 -672
v 2832 -16 -672
v 2812.1177491402414 -16 -80
v 2784 26.176623509182335 -80
v 2784 26.1766235409396 -672
v 2812.117749161426 -16 -672
v 2800 33.78649028504515 -672
v 2800 33.78649025329445 -80
v 2819.4767079828744 4.571428571391152 -80
v 2819.4767080040524 4.571428571365793 -672
v 2784 85.82337649088367 -672
v 2784 26.17662350914179 -672
v 2784 26.176623509134515 -80
v 2784 85.82337649087091 -80
v 2800 78.21350978013469 -80
v 2800 33.786490219859814 -80
v 2800 33.786490219867076 -672
v 2800 78.21350978014725 -672
v 2819.4767077656143 107.42857142857974 -80
v 2812.1177490060836 128 -80
v 2812.1177492445076 128 -672
v 2819.476708004038 107.42857142858254 -672
v 2832 128 -80
v 2832 107.42857142857979 -80
v 2832 128 -672
v 2832 107.42857142858259 -672
v 2812.117749290923 128 -672
v 2784 85.82337639573686 -672
v 2784 85.82337649083948 -80
v 2812.1177492275283 128 -80
v 2800 78.21350987539154 -80
v 2800 78.21350978028696 -672
v 2819.47670794065 107.42857142853215 -80
v 2819.476708004051 107.42857142852154 -672
v 1139.4767077656124 107.42857142858702 608
v 1132.1177490060854 128 608
v 1132.1177492445079 128 160
v 1139.4767080040367 107.42857142858352 160
v 1152 128 608
v 1152 107.42857142858706 608
v 1152 128 160
v 1152 107.42857142858357 160
v 1132.11774929093 128 160
v 1104 85.82337639572634 160
v 1104 85.82337649084491 608
v 1132.1177492275308 128 608
v 1120 78.21350987538608 608
v 1120 78.21350978026429 160
v 1139.476707940647 107.428571428555 608
v 1139.476708004051 107.42857142852881 160
v 1104 85.82337649088731 160
v 1104 26.17662350914543 160
v 1104 26.17662350912724 608
v 1104 85.82337649086546 608
v 1120 78.21350978012966 608
v 1120 33.78649021984471 608
v 1120 33.786490219863026 160
v 1120 78.21350978015114 160
v 1132.117749244484 -16 160
v 1132.1177490060727 -16 608
v 1139.4767077656124 4.571428571427532 608
v 1139.4767080040237 4.57142857142763 160
v 1152 4.571428571427532 608
v 1152 -16 608
v 1152 4.57142857142763 160
v 1152 -16 160
v 1132.1177491402632 -16 608
v 1104 26.176623509190843 608
v 1104 26.176623540944124 160
v 1132.1177491614428 -16 160
v 1120 33.78649028503969 160
v 1120 33.786490253286985 608
v 1139.476707982867 4.571428571383876 608
v 1139.4767080040501 4.571428571359991 160
v 1152 -16 -80
v 1104 -16 -32
v 1104 0 -32
v 1152 0 -80
v 1152 0 -32
v 1152 -16 -32
v 1104 128 -32
v 1104 128 -80
v 1104 -16 -80
v 1104 -16 -32
v 1152 -16 -80
v 1152 128 -80
v 1152 0 160
v 1104 0 112
v 1104 -16 112
v 1152 -16 160
v 1152 -16 112
v 1152 0 112
v 1104 -16 112
v 1104 -16 160
v 1104 128 160
v 1104 128 112
v 1152 128 160
v 1152 -16 160
v 1344 -16 -720
v 1296 -16 -672
v 1296 128 -672
v 1344 128 -720
v 1344 128 -672
v 1344 -16 -672
v 1296 0 -672
v 1296 0 -720
v 1296 -16 -720
v 1296 -16 -672
v 1344 -16 -720
v 1344 0 -720
v 1344 128 -864
v 1296 128 -912
v 1296 -16 -912
v 1344 -16 -864
v 1344 -16 -912
v 1344 128 -912
v 1296 -16 -912
v 1296 -16 -864
v 1296 0 -864
v 1296 0 -912
v 1344 0 -864
v 1344 -16 -864
v 1104 128 -864
v 1104 128 -912
v 1104 -16 -912
v 1104 -16 -864
v 1152 -16 -912
v 1152 128 -912
v 1104 -16 -720
v 1104 -16 -672
v 1104 128 -672
v 1104 128 -720
v 1152 128 -672
v 1152 -16 -672
v 1152 0 -672
v 1104 0 -720
v 1104 -16 -720
v 1152 -16 -672
v 1152 -16 -720
v 1152 0 -720
v 1152 -16 -912
v 1104 -16 -864
v 1104 0 -864
v 1152 0 -912
v 1152 0 -864
v 1152 -16 -864
v 1344 4.5714285196172355 643.4767073568948
v 1344 -16 636.1177482908316
v 1344 -16 656
v 1344 4.5714283330057945 656
v 1872 -16 636.1177480524132
v 1872 4.571428519617207 643.4767071184764
v 1872 4.571428333005763 656
v 1872 -16 656
v 1344 26.176624081072077 608
v 1344 -16 636.1177483372558
v 1344 4.571428519644542 643.4767073569019
v 1344 33.78649045807204 624
v 1872 -16 636.1177482738618
v 1872 26.17662398598267 608
v 1872 33.786490362983024 624
v 1872 4.571428519645764 643.4767072935084
v 1344 78.2135099533698 624
v 1344 107.42857137678948 643.4767088895969
v 1344 128 636.1177503534673
v 1344 85.823376935901 608
v 1872 85.82337696768661 608
v 1872 128 636.1177503322768
v 1872 107.42857137678935 643.4767088684064
v 1872 78.21350998515545 624
v 1344 107.42857119016142 656
v 1344 128 656
v 1344 128 636.117750436586
v 1344 107.42857137677284 643.476708889582
v 1872 107.42857137677306 643.4767086511637
v 1872 128 636.1177501981678
v 1872 128 656
v 1872 107.42857119016165 656
v 1344 26.176623985973492 608
v 1344 33.7864904582766 624
v 1344 78.21351001856752 624
v 1344 85.82337696770415 608
v 1872 33.786490458276404 624
v 1872 26.176623985973293 608
v 1872 85.82337696770409 608
v 1872 78.21351001856746 624
v 1296 107.42857142857244 848
v 1296 107.42857142857247 976
v 1296 128 976
v 1296 128 848
v 1315.8822509939273 128 976
v 1308.5232922343873 107.42857142857247 976
v 1308.523291995976 107.42857142857244 848
v 1315.882250755516 128 848
v 1315.882250838491 128 848
v 1308.5232919959415 107.4285714286318 848
v 1308.5232920171172 107.42857142862468 1168
v 1315.8822508596672 128 1168
v 1328 78.2135097467035 1168
v 1328 78.2135097149541 848
v 1344 85.82337649079936 1168
v 1344 85.82337645904954 848
v 1328 33.78649021985792 848
v 1328 33.78649021990524 1168
v 1328 78.21350978017045 1168
v 1328 78.21350978013653 848
v 1344 26.176623509174533 1168
v 1344 26.17662350912622 848
v 1344 85.82337649083274 848
v 1344 85.82337649086806 1168
v 1315.8822507724744 -16 1168
v 1308.5232920593523 4.571428571474277 1168
v 1308.523291995942 4.571428571488381 848
v 1315.8822507090656 -16 848
v 1328 33.78649021980891 848
v 1328 33.78649012468094 1168
v 1344 26.176623509154524 1168
v 1344 26.176623604282575 848
v 1296 -16 848
v 1296 -16 1168
v 1296 4.571428571411165 1168
v 1296 4.571428571411662 848
v 1308.5232919959672 4.571428571411714 848
v 1308.5232922343894 4.571428571411217 1168
v 1315.882250993916 -16 1168
v 1315.8822507554935 -16 848
v 1139.4767068119384 107.4285714285725 848
v 1139.476708957698 107.42857142857247 976
v 1132.1177501981583 128 976
v 1132.1177480523986 128 848
v 1152 128 976
v 1152 107.42857142857247 976
v 1152 128 848
v 1152 107.4285714285725 848
v 1132.1177466885492 128 848
v 1104 85.82337837034538 848
v 1104 85.82337645905291 1168
v 1132.117748304818 128 1168
v 1120 78.21350743997755 1168
v 1120 78.21350923059255 848
v 1139.4767091948274 107.42857005457552 1168
v 1139.4767076952594 107.42856956669857 848
v 1104 26.176623509119963 1168
v 1104 85.82337649084366 1168
v 1104 85.82337649089459 848
v 1104 26.176623509167733 848
v 1120 78.21350978014104 1168
v 1120 33.78649021985322 1168
v 1120 33.78649021990069 848
v 1120 78.21350978019196 848
v 1132.1177490915616 -16 1168
v 1104 26.176623604266105 1168
v 1104 26.176621708533716 848
v 1132.1177477908052 -16 848
v 1120 33.786489038033324 848
v 1120 33.78649090854745 1168
v 1139.476708263337 4.571428503280913 1168
v 1139.47670698697 4.5714285714471465 848
v 1139.4767068119472 4.57142857144936 848
v 1132.1177480524075 -16 848
v 1132.1177501981765 -16 1168
v 1139.4767089577035 4.571428571415652 1168
v 1152 4.571428571415587 1168
v 1152 -16 1168
v 1152 -16 848
v 1152 4.571428571449294 848
v 1139.4767068119293 107.42857142857254 -1216
v 1139.476708957689 107.42857142857247 -912
v 1132.1177501981492 128 -912
v 1132.1177480523895 128 -1216
v 1152 128 -912
v 1152 107.42857142857247 -912
v 1152 128 -1216
v 1152 107.42857142857254 -1216
v 1132.117748689161 128 -1216
v 1104 85.8233781062986 -1216
v 1104 85.82337645905056 -912
v 1132.1177498415955 128 -912
v 1120 78.21350786115727 -912
v 1120 78.21350944809281 -1216
v 1139.4767087893613 107.4285697316404 -912
v 1139.4767076952521 107.42856956670221 -1216
v 1104 26.176623509112687 -912
v 1104 85.82337649084366 -912
v 1104 85.82337649089459 -1216
v 1104 26.176623509165886 -1216
v 1120 78.21350978013969 -912
v 1120 33.78649021984822 -912
v 1120 33.786490219901424 -1216
v 1120 78.21350978019059 -1216
v 1132.117749077508 -16 -912
v 1104 26.176623604288945 -912
v 1104 26.176621899873258 -1216
v 1132.1177477764077 -16 -1216
v 1120 33.78648934479497 -1216
v 1120 33.786490908565106 -912
v 1139.4767081520586 4.571428181210649 -912
v 1139.4767069869688 4.571428571447445 -1216
v 1139.4767068119363 4.571428571438446 -1216
v 1132.1177480524007 -16 -1216
v 1132.1177501981692 -16 -912
v 1139.4767089576962 4.571428571415645 -912
v 1152 4.571428571415584 -912
v 1152 -16 -912
v 1152 -16 -1216
v 1152 4.5714285714383855 -1216
v 1296 -16 -1216
v 1296 -16 -912
v 1296 4.571428571429098 -912
v 1296 4.5714285714290135 -1216
v 1308.5232931880746 4.571428571429028 -1216
v 1308.5232910423122 4.571428571429112 -912
v 1315.8822498018526 -16 -912
v 1315.8822519476123 -16 -1216
v 1315.8822501584036 -16 -912
v 1308.5232912106374 4.571430268361103 -912
v 1308.523292304747 4.571430433298026 -1216
v 1315.8822513108375 -16 -1216
v 1328 33.78649055190908 -1216
v 1328 33.786492138844025 -912
v 1344 26.17662354095046 -912
v 1344 26.176621893702446 -1216
v 1328 33.78649021980769 -1216
v 1328 33.78649021985861 -912
v 1328 78.21350978015333 -912
v 1328 78.21350978010013 -1216
v 1344 85.82337649083456 -1216
v 1344 85.82337649088886 -912
v 1344 26.176623509154524 -912
v 1344 26.176623509103692 -1216
v 1315.8822522235914 128 -1216
v 1308.5232930130317 107.42857142855424 -1216
v 1308.52329184794 107.42857181878523 -912
v 1315.882250922492 128 -912
v 1328 78.21350909142348 -912
v 1328 78.21351065519866 -1216
v 1344 85.82337639570086 -912
v 1344 85.82337810011995 -1216
v 1296 107.42857142856326 -1216
v 1296 107.42857142858603 -912
v 1296 128 -912
v 1296 128 -1216
v 1308.5232910423038 107.42857142858595 -912
v 1308.5232931880666 107.42857142856319 -1216
v 1315.8822498018308 128 -912
v 1315.8822519476016 128 -1216
v 1884.1177490775117 -16 -912
v 1856 26.176623604288945 -912
v 1856 26.176621899873258 -1216
v 1884.1177477764081 -16 -1216
v 1872 33.78648934479497 -1216
v 1872 33.78649090856442 -912
v 1891.4767081520586 4.571428181210649 -912
v 1891.4767069869688 4.5714285714474485 -1216
v 1891.4767068119345 4.571428571438446 -1216
v 1884.1177480523988 -16 -1216
v 1884.1177501981674 -16 -912
v 1891.4767089576944 4.571428571415645 -912
v 1904 4.571428571415584 -912
v 1904 -16 -912
v 1904 -16 -1216
v 1904 4.5714285714383855 -1216
v 1856 26.176623509112687 -912
v 1856 85.82337649084366 -912
v 1856 85.82337649089823 -1216
v 1856 26.17662350916587 -1216
v 1872 78.21350978013969 -912
v 1872 33.78649021984822 -912
v 1872 33.7864902199014 -1216
v 1872 78.21350978019423 -1216
v 1884.117748689161 128 -1216
v 1856 85.8233781062986 -1216
v 1856 85.82337645905056 -912
v 1884.1177498415952 128 -912
v 1872 78.21350786115727 -912
v 1872 78.2135094480929 -1216
v 1891.4767087893626 107.42856973163686 -912
v 1891.4767076952521 107.42856956670221 -1216
v 1891.4767068119256 107.42857142857254 -1216
v 1891.4767089576853 107.42857142857247 -912
v 1884.1177501981456 128 -912
v 1884.1177480523859 128 -1216
v 1904 128 -912
v 1904 107.42857142857247 -912
v 1904 128 -1216
v 1904 107.42857142857254 -1216
v 2048 107.4285714285595 -1216
v 2048 107.42857142858229 -912
v 2048 128 -912
v 2048 128 -1216
v 2060.5232910423074 107.42857142858222 -912
v 2060.523293188065 107.42857142855942 -1216
v 2067.8822498018344 128 -912
v 2067.8822519476016 128 -1216
v 2067.8822522235932 128 -1216
v 2060.5232930130337 107.42857142855506 -1216
v 2060.5232918479423 107.42857181878584 -912
v 2067.8822509224933 128 -912
v 2080 78.21350909143075 -912
v 2080 78.21351065519961 -1216
v 2096 85.82337639570646 -912
v 2096 85.82337810012177 -1216
v 2080 33.78649021980769 -1216
v 2080 33.78649021985861 -912
v 2080 78.21350978015333 -912
v 2080 78.21350978010013 -1216
v 2096 85.82337649083638 -1216
v 2096 85.82337649088886 -912
v 2096 26.176623509152705 -912
v 2096 26.176623509103695 -1216
v 2067.8822501584054 -16 -912
v 2060.5232912106385 4.571430268364843 -912
v 2060.523292304748 4.571430433301799 -1216
v 2067.8822513108385 -16 -1216
v 2080 33.78649055190908 -1216
v 2080 33.7864921388446 -912
v 2096 26.17662354095046 -912
v 2096 26.176621893702347 -1216
v 2048 -16 -1216
v 2048 -16 -912
v 2048 4.5714285714273295 -912
v 2048 4.571428571427262 -1216
v 2060.5232931880746 4.571428571427277 -1216
v 2060.523291042313 4.571428571427345 -912
v 2067.8822498018526 -16 -912
v 2067.8822519476125 -16 -1216
v 2096 128 -864
v 2048 128 -912
v 2048 -16 -912
v 2096 -16 -864
v 2096 -16 -912
v 2096 128 -912
v 2048 -16 -912
v 2048 -16 -864
v 2048 0 -864
v 2048 0 -912
v 2096 0 -864
v 2096 -16 -864
v 1904 -16 -912
v 1856 -16 -864
v 1856 0 -864
v 1904 0 -912
v 1904 0 -864
v 1904 -16 -864
v 1856 128 -864
v 1856 128 -912
v 1856 -16 -912
v 1856 -16 -864
v 1904 -16 -912
v 1904 128 -912
v 640 4.571428571415506 812.5232922343966
v 640 4.571428571415467 800
v 640 -16 800
v 640 -16 819.8822509939114
v 1104 4.571428571416098 800
v 1104 4.571428571416137 812.5232919959782
v 1104 -16 819.8822507554931
v 1104 -16 800
v 640 26.17662350914361 848
v 640 33.78649012458118 832
v 640 4.57142857148537 812.5232920593398
v 640 -16 819.882250772465
v 1104 33.786490219669346 832
v 1104 26.176623604231555 848
v 1104 -16 819.8822507090736
v 1104 4.571428571486006 812.5232919959482
v 640 128 819.8822508597932
v 640 107.4285714286234 812.5232920171329
v 640 78.21350974674337 832
v 640 85.82337649085434 848
v 1104 85.82337645906821 848
v 1104 78.21350971495703 832
v 1104 107.4285714286229 812.5232919959424
v 1104 128 819.8822508386029
v 640 128 819.8822509939346
v 640 128 800
v 640 107.42857142857247 800
v 640 107.42857142857247 812.5232922343873
v 1104 107.42857142857237 812.5232919959692
v 1104 107.42857142857237 800
v 1104 128 800
v 1104 128 819.8822507555165
v 640 26.17662350912724 848
v 640 85.82337649085821 848
v 640 78.21350978012929 832
v 640 33.78649021986327 832
v 1104 85.82337649085821 848
v 1104 26.176623509127545 848
v 1104 78.21350978012929 832
v 1104 33.78649021986359 832
v 640 4.571428571416817 643.4767080040261
v 640 -16 636.1177492445
v 640 -16 656
v 640 4.5714285714167815 656
v 1104 -16 636.1177490060819
v 1104 4.5714285714162735 643.4767077656079
v 1104 4.571428571416238 656
v 1104 -16 656
v 640 26.176623604256747 608
v 640 -16 636.1177492909192
v 640 4.57142857148574 643.476708004051
v 640 33.786490219685234 624
v 1104 -16 636.1177492275274
v 1104 26.176623509168884 608
v 1104 33.786490124597435 624
v 1104 4.571428571485477 643.4767079406594
v 640 26.176623509132696 608
v 640 33.78649021986712 624
v 640 78.21350978012806 624
v 640 85.82337649085343 608
v 1104 33.786490219866764 624
v 1104 26.17662350913234 608
v 1104 85.82337649085348 608
v 1104 78.2135097801281 624
v 640 107.42857142857237 656
v 640 128 656
v 640 128 636.1177492444804
v 640 107.42857142857237 643.4767080040262
v 1104 107.42857142857247 643.476707765608
v 1104 128 636.1177490060622
v 1104 128 656
v 1104 107.42857142857247 656
v 640 78.21350971495849 624
v 640 107.4285714286234 643.4767080040583
v 640 128 636.1177491613926
v 640 85.82337645907262 608
v 1104 85.82337649085865 608
v 1104 128 636.1177491402019
v 1104 107.42857142862371 643.4767079828677
v 1104 78.21350974674466 624
v 1296 0 848
v 1296 0 800
v 1296 -16 800
v 1296 -16 848
v 1344 -16 800
v 1344 0 800
v 1344 -16 800
v 1296 -16 848
v 1296 128 848
v 1344 128 800
v 1344 128 848
v 1344 -16 848
v 1296 -16 608
v 1296 -16 656
v 1296 0 656
v 1296 0 608
v 1344 0 656
v 1344 -16 656
v 1344 128 656
v 1296 128 608
v 1296 -16 608
v 1344 -16 656
v 1344 -16 608
v 1344 128 608
v 1152 -16 608
v 1104 -16 656
v 1104 0 656
v 1152 0 608
v 1152 0 656
v 1152 -16 656
v 1104 128 656
v 1104 128 608
v 1104 -16 608
v 1104 -16 656
v 1152 -16 608
v 1152 128 608
v 1152 0 848
v 1104 0 800
v 1104 -16 800
v 1152 -16 848
v 1152 -16 800
v 1152 0 800
v 1104 -16 800
v 1104 -16 848
v 1104 128 848
v 1104 128 800
v 1152 128 848
v 1152 -16 848
v 1344 107.42857148038283 812.5232926430896
v 1344 128 819.8822517091558
v 1344 128 800
v 1344 107.42857166699429 800
v 2064 128 819.8822519475744
v 2064 107.42857148038286 812.5232928815083
v 2064 128 800
v 2064 107.42857166699432 800
v 1344 85.82337591892428 848
v 1344 128 819.8822516627588
v 1344 107.42857148034818 812.5232926431054
v 1344 78.21350954192893 832
v 2064 128 819.8822517261527
v 2064 85.82337601401376 848
v 2064 78.21350963701805 832
v 2064 107.42857148034702 812.5232927064989
v 1344 33.786489981423244 832
v 1344 26.176623032286592 848
v 1344 85.8233760140156 848
v 1344 78.21350954171236 832
v 2064 78.21350954171251 832
v 2064 85.82337601401575 848
v 2064 26.176623032286507 848
v 2064 33.78648998142316 832
v 1344 33.78649004662657 832
v 1344 4.571428623206884 812.523291110414
v 1344 -16 819.8822496465436
v 1344 26.176623064097647 848
v 2064 26.176623032312236 848
v 2064 -16 819.8822496677344
v 2064 4.571428623207801 812.5232911316045
v 2064 33.78649001484149 832
v 1344 4.5714288098385865 800
v 1344 -16 800
v 1344 -16 819.8822495634104
v 1344 4.57142862322717 812.5232911104142
v 2064 4.571428623226939 812.5232913488329
v 2064 -16 819.882249801829
v 2064 -16 800
v 2064 4.571428809838359 800
v 1900.117749244484 -16 160
v 1900.1177490060727 -16 608
v 1907.4767077656124 4.571428571427532 608
v 1907.4767080040237 4.57142857142763 160
v 1920 4.571428571427532 608
v 1920 -16 608
v 1920 4.57142857142763 160
v 1920 -16 160
v 1900.1177491402668 -16 608
v 1872 26.176623509192694 608
v 1872 26.17662354094595 160
v 1900.1177491614442 -16 160
v 1888 33.78649028504151 160
v 1888 33.78649025328765 608
v 1907.476707982867 4.571428571383876 608
v 1907.4767080040506 4.5714285713611105 160
v 1872 85.82337649088731 160
v 1872 26.17662350914543 160
v 1872 26.176623509134515 608
v 1872 85.82337649086551 608
v 1888 78.21350978012971 608
v 1888 33.78649021985197 608
v 1888 33.786490219863026 160
v 1888 78.21350978015114 160
v 1907.4767077656124 107.42857142858702 608
v 1900.1177490060854 128 608
v 1900.1177492445079 128 160
v 1907.4767080040367 107.42857142858352 160
v 1920 128 608
v 1920 107.42857142858706 608
v 1920 128 160
v 1920 107.42857142858357 160
v 1900.11774929093 128 160
v 1872 85.82337639572634 160
v 1872 85.82337649084491 608
v 1900.1177492275306 128 608
v 1888 78.21350987538608 608
v 1888 78.21350978026439 160
v 1907.476707940647 107.428571428555 608
v 1907.476708004051 107.42857142853245 160
v 1920 -16 608
v 1872 -16 656
v 1872 0 656
v 1920 0 608
v 1920 0 656
v 1920 -16 656
v 1872 128 656
v 1872 128 608
v 1872 -16 608
v 1872 -16 656
v 1920 -16 608
v 1920 128 608
v 1920 0 160
v 1872 0 112
v 1872 -16 112
v 1920 -16 160
v 1920 -16 112
v 1920 0 112
v 1872 -16 112
v 1872 -16 160
v 1872 128 160
v 1872 128 112
v 1920 128 160
v 1920 -16 160
v 2832 -16 -80
v 2784 -16 -32
v 2784 0 -32
v 2832 0 -80
v 2832 0 -32
v 2832 -16 -32
v 2784 128 -32
v 2784 128 -80
v 2784 -16 -80
v 2784 -16 -32
v 2832 -16 -80
v 2832 128 -80
v 2832 0 -672
v 2784 0 -720
v 2784 -16 -720
v 2832 -16 -672
v 2832 -16 -720
v 2832 0 -720
v 2784 -16 -720
v 2784 -16 -672
v 2784 128 -672
v 2784 128 -720
v 2832 128 -672
v 2832 -16 -672
v 2976 -16 -864
v 2976 -16 112
v 2976 4.571428571429382 112
v 2976 4.571428571429111 -864
v 2988.523292234393 4.571428571429256 -864
v 2988.523291995977 4.571428571429527 112
v 2995.882250755518 -16 112
v 2995.8822509939337 -16 -864
v 2995.8822508386256 -16 112
v 2988.5232919959544 4.571428571442905 112
v 2988.523292017149 4.571428571435753 -864
v 2995.882250859819 -16 -864
v 3008 33.786490253227385 -864
v 3008 33.78649028502703 112
v 3024 26.17662354093045 112
v 3024 26.1766235091321 -864
v 3008 33.78649021985647 -864
v 3008 33.78649021987829 112
v 3008 78.21350978014564 112
v 3008 78.21350978014537 -864
v 3024 85.82337649088186 -864
v 3024 85.82337649088213 112
v 3024 26.176623509169076 112
v 3024 26.176623509145983 -864
v 2976 107.42857142858702 112
v 2976 128 112
v 2976 128 -864
v 2976 107.42857142858527 -864
v 2995.8822507554796 128 112
v 2988.523291995968 107.42857142858705 112
v 2995.8822509939055 128 -864
v 2988.523292234393 107.4285714285853 -864
v 2995.882250772489 128 -864
v 2988.5232920593344 107.42857142853362 -864
v 2988.5232919959535 107.4285714285549 112
v 2995.8822507091077 128 112
v 3008 78.21350978036935 112
v 3008 78.21350987540706 -864
v 3024 85.82337639579006 112
v 3024 85.8233764908291 -864
v 2976 -16 -912
v 2976 -16 -864
v 2976 128 -864
v 2976 128 -912
v 3024 128 -864
v 3024 -16 -864
v 2048 -16 112
v 2048 -16 832
v 2048 160 832
v 2048 160 112
v 2064 160 832
v 2064 -16 832
v 2064 -16 112
v 2064 160 112
v 2576 -16 112
v 2576 -16 128
v 2576 128 128
v 2576 128 112
v 3008 128 128
v 3008 -16 128
v 3008 -16 112
v 3008 128 112
v 2064 -16 112
v 2064 -16 128
v 2064 128 128
v 2064 128 112
v 2464 128 128
v 2464 -16 128
v 2464 -16 112
v 2464 128 112
v 2571.4285714285725 0 112
v 2571.4285714285725 0 128
v 2571.4285714285725 48.702664395186 128
v 2571.4285714285725 48.70266439518586 112
v 2592 53.01933598375308 112
v 2592 53.01933598375326 128
v 2592 0 128
v 2592 0 112
v 2571.428571428576 48.70266439519037 128
v 2537.109534436585 109.71428571428844 128
v 2537.1095344365867 109.7142857142909 112
v 2571.4285714285775 48.70266439518984 112
v 2549.823376490862 128 112
v 2549.823376490863 128 128
v 2592 53.019335983756825 128
v 2592 53.01933598375581 112
v 2502.8904655634215 109.7142857142826 112
v 2502.8904655634215 109.7142857142826 128
v 2490.176623509136 128 128
v 2490.176623509136 128 112
v 2549.8233764908546 128 128
v 2537.109534436577 109.7142857142826 128
v 2537.109534436577 109.7142857142826 112
v 2549.8233764908546 128 112
v 2490.176623509138 128 112
v 2448 53.019335983754004 112
v 2448 53.019335983754004 128
v 2490.176623509135 128 128
v 2468.571428571426 48.70266439518612 128
v 2468.5714285714257 48.70266439518606 112
v 2502.8904655634196 109.71428571428572 128
v 2502.8904655634224 109.7142857142902 112
v 2448 53.01933598375763 112
v 2448 0 112
v 2448 0 128
v 2448 53.01933598375636 128
v 2468.5714285714284 48.70266439518858 128
v 2468.5714285714284 0 128
v 2468.5714285714284 0 112
v 2468.5714285714284 48.70266439518985 112
v 2560 80 112
v 2560 80 128
v 2560 128 128
v 2560 128 112
v 2576 128 128
v 2576 80 128
v 2576 80 112
v 2576 128 112
v 2464 80 112
v 2464 80 128
v 2464 128 128
v 2464 128 112
v 2480 128 128
v 2480 80 128
v 2480 80 112
v 2480 128 112
v 2464 112 112
v 2464 112 128
v 2464 128 128
v 2464 128 112
v 2496 128 128
v 2496 112 128
v 2496 112 112
v 2496 128 112
v 2544 112 112
v 2544 112 128
v 2544 128 128
v 2544 128 112
v 2576 128 128
v 2576 112 128
v 2576 112 112
v 2576 128 112
v 2976 -16 128
v 2976 -16 800
v 2976 160 800
v 2976 160 128
v 2992 160 800
v 2992 -16 800
v 2992 -16 128
v 2992 160 128
v 2064 -16 800
v 2064 -16 816
v 2064 160 816
v 2064 160 800
v 2992 160 816
v 2992 -16 816
v 2992 -16 800
v 2992 160 800
v 448 131.88225099393821 -48
v 448 112 -48
v 448 112 -22.857142857143543
v 448 124.52329223438663 -22.857142857143387
v 1152 124.52329199596765 -22.857142857143387
v 1152 112 -22.857142857143543
v 1152 112 -48
v 1152 131.88225075551924 -48
v 448 131.88225085981685 -48
v 448 124.5232920171511 -22.857142857152212
v 448 144 12.850154753996865
v 448 160 3.5492065111984488
v 1152 160 3.5492065500468057
v 1152 144 12.85015479284523
v 1152 124.52329199596099 -22.857142857152237
v 1152 131.88225083862676 -48
v 448 160 76.45079348883519
v 448 160 3.5492065111648117
v 448 144 12.850154713152733
v 448 144 67.14984528684231
v 1152 144 12.850154713152653
v 1152 160 3.5492065111647326
v 1152 144 67.14984528684218
v 1152 160 76.45079348883506
v 448 160 76.450793488817
v 448 144 67.14984540330624
v 448 124.52329205935689 102.85714285710131
v 448 131.88225077247142 128
v 1152 144 67.14984528708916
v 1152 160 76.45079337259993
v 1152 131.88225070907967 128
v 1152 124.52329199596511 102.85714285710233
v 448 124.52329223438937 102.8571428571451
v 448 112 102.85714285714494
v 448 112 128
v 448 131.88225099391278 128
v 1152 131.88225075549397 128
v 1152 112 128
v 1152 112 102.85714285714496
v 1152 124.52329199597055 102.85714285714513
v 640 160 764.4507934888134
v 640 144 755.1498454033026
v 640 124.52329205933819 790.8571428571357
v 640 131.88225077245252 816
v 1136 144 755.1498452870854
v 1136 160 764.4507933725962
v 1136 131.8822507090613 816
v 1136 124.523291995947 790.8571428571358
v 640 160 764.4507934888461
v 640 160 691.5492065111684
v 640 144 700.8501547131527
v 640 144 755.1498452868423
v 1136 144 755.149845286842
v 1136 144 700.8501547131528
v 1136 160 691.5492065111686
v 1136 160 764.4507934888459
v 640 131.88225085981503 640
v 640 124.52329201715293 665.1428571428405
v 640 144 700.8501547539846
v 640 160 691.5492065111862
v 1136 160 691.5492065500348
v 1136 144 700.8501547928332
v 1136 124.5232919959629 665.1428571428405
v 1136 131.88225083862497 640
v 640 131.88225099393821 640
v 640 112 640
v 640 112 665.1428571428561
v 640 124.52329223438653 665.1428571428562
v 1136 124.52329199596758 665.1428571428563
v 1136 112 665.1428571428562
v 1136 112 640
v 1136 131.88225075551927 640
v 640 124.52329223438937 790.857142857145
v 640 112 790.8571428571449
v 640 112 816
v 640 131.88225099391278 816
v 1136 131.88225075549371 816
v 1136 112 816
v 1136 112 790.8571428571449
v 1136 124.52329199597031 790.857142857145
v 1260.4507933725909 160 96
v 1251.1498452870865 144 96
v 1251.1498454033037 144 672
v 1260.4507934888077 160 672
v 1286.8571428571377 124.52329205934802 672
v 1286.8571428571424 124.52329199595155 96
v 1312 131.88225077245374 672
v 1312 131.88225070905537 96
v 1286.857142857145 112 96
v 1286.857142857145 112 672
v 1286.857142857145 124.52329223439408 672
v 1286.857142857145 124.52329199597666 96
v 1312 131.88225075550145 96
v 1312 131.88225099391894 672
v 1312 112 672
v 1312 112 96
v 1136 131.88225075550508 96
v 1136 112 96
v 1136 112 672
v 1136 131.88225099393566 672
v 1161.1428571428567 124.52329223438664 672
v 1161.1428571428564 112 672
v 1161.1428571428564 112 96
v 1161.1428571428567 124.52329199595742 96
v 1187.549206550022 160 96
v 1136 131.88225083862454 96
v 1136 131.8822508598129 672
v 1187.5492065111857 160 672
v 1161.1428571428442 124.5232920171511 672
v 1161.1428571428405 124.52329199596232 96
v 1196.8501547539893 144 672
v 1196.850154792828 144 96
v 1196.8501547131457 144 96
v 1196.8501547131455 144 672
v 1187.549206511161 160 672
v 1187.5492065111612 160 96
v 1260.4507934888497 160 672
v 1251.1498452868486 144 672
v 1251.1498452868414 144 96
v 1260.4507934888425 160 96
v 1104 160 678.2943725152238
v 1104 144 678.29437251522
v 1104 144 777.705627484771
v 1104 160 777.705627484771
v 1178.980664016235 144 608
v 1178.9806640162374 160 608
v 1178.980664016243 144 848
v 1178.980664016243 160 848
v 1285.0193359837647 160 848
v 1285.0193359837592 144 848
v 1360 144 777.7056274847681
v 1285.019335983761 144 608
v 1360 144 678.2943725152286
v 1360 160 678.2943725152264
v 1285.019335983765 160 608
v 1360 160 777.7056274847731
v 1312 124.52329223438937 790.857142857145
v 1312 112 790.8571428571449
v 1312 112 816
v 1312 131.8822509939128 816
v 2048 131.88225075549377 816
v 2048 112 816
v 2048 112 790.8571428571449
v 2048 124.52329199597034 790.857142857145
v 1312 160 764.4507934888061
v 1312 144 755.1498454032953
v 1312 124.52329205933778 790.8571428571363
v 1312 131.88225077245195 816
v 2048 144 755.1498452870782
v 2048 160 764.4507933725889
v 2048 131.88225070906077 816
v 2048 124.52329199594656 790.8571428571364
v 1312 131.8822508598205 640
v 1312 124.52329201715656 665.1428571428551
v 1312 144 700.8501547539821
v 1312 160 691.5492065111838
v 2048 160 691.5492065500324
v 2048 144 700.8501547928305
v 2048 124.52329199596643 665.1428571428547
v 2048 131.88225083863026 640
v 1312 131.88225099393821 640
v 1312 112 640
v 1312 112 665.1428571428561
v 1312 124.52329223438653 665.1428571428562
v 1904 124.52329199596754 665.1428571428563
v 1904 112 665.1428571428562
v 1904 112 640
v 1904 131.88225075551927 640
v 1312 160 764.4507934888461
v 1312 160 691.5492065111684
v 1312 144 700.8501547131527
v 1312 144 755.1498452868424
v 2048 144 755.1498452868422
v 2048 144 700.8501547131528
v 2048 160 691.5492065111686
v 2048 160 764.4507934888459
v 1286.857142857145 112 784
v 1286.857142857145 112 1168
v 1286.857142857145 124.52329223439257 1168
v 1286.857142857145 124.52329199598091 784
v 1312 131.88225075551236 784
v 1312 131.8822509939231 1168
v 1312 112 1168
v 1312 112 784
v 1260.4507933726054 160 784
v 1251.1498452871074 144 784
v 1251.1498454033074 144 1168
v 1260.4507934888009 160 1168
v 1286.8571428571304 124.5232920593262 1168
v 1286.8571428571272 124.52329199594516 784
v 1312 131.8822507724443 1168
v 1312 131.88225070906265 784
v 1196.8501547131527 144 784
v 1196.8501547131527 144 1168
v 1187.5492065111757 160 1168
v 1187.5492065111757 160 784
v 1260.450793488897 160 1168
v 1251.1498452868475 144 1168
v 1251.1498452868475 144 784
v 1260.450793488897 160 784
v 1187.5492065500657 160 784
v 1136 131.88225083863594 784
v 1136 131.88225085983365 1168
v 1187.5492065111932 160 1168
v 1161.1428571428514 124.52329201717112 1168
v 1161.1428571428526 124.52329199597301 784
v 1196.8501547539727 144 1168
v 1196.8501547928354 144 784
v 1136 131.88225075549417 784
v 1136 112 784
v 1136 112 1168
v 1136 131.88225099393284 1168
v 1161.142857142856 124.52329223438781 1168
v 1161.1428571428555 112 1168
v 1161.142857142856 112 784
v 1161.1428571428564 124.52329199594897 784
v 1104 160 -9.705627484774416
v 1104 144 -9.705627484778255
v 1104 144 89.70562748477099
v 1104 160 89.70562748477099
v 1178.980664016235 144 -80
v 1178.9806640162394 160 -80
v 1178.980664016243 144 160
v 1178.980664016243 160 160
v 1285.0193359837647 160 160
v 1285.0193359837592 144 160
v 1360 144 89.70562748476809
v 1285.0193359837608 144 -80
v 1360 144 -9.705627484771327
v 1360 160 -9.70562748477115
v 1285.0193359837613 160 -80
v 1360 160 89.70562748477306
v 1312 131.88225099393821 -48
v 1312 112 -48
v 1312 112 -22.857142857143668
v 1312 124.52329223438669 -22.857142857143526
v 1984 124.52329199596785 -22.857142857143526
v 1984 112 -22.857142857143668
v 1984 112 -48
v 1984 131.88225075551938 -48
v 1312 131.88225085981503 -48
v 1312 124.52329201714929 -22.857142857144936
v 1312 144 12.850154753995248
v 1312 160 3.5492065111968216
v 1984 160 3.549206550045266
v 1984 144 12.8501547928437
v 1984 124.52329199595921 -22.85714285714502
v 1984 131.88225083862494 -48
v 1312 160 76.45079348883519
v 1312 160 3.5492065111648117
v 1312 144 12.850154713152733
v 1312 144 67.1498452868423
v 1984 144 12.850154713152655
v 1984 160 3.549206511164734
v 1984 144 67.14984528684217
v 1984 160 76.45079348883506
v 1312 160 76.45079348880972
v 1312 144 67.14984540329533
v 1312 124.5232920593585 102.85714285709832
v 1312 131.8822507724728 128
v 1984 144 67.14984528707852
v 1984 160 76.45079337259291
v 1984 131.88225070908123 128
v 1984 124.52329199596696 102.85714285709925
v 1312 124.52329223438937 102.8571428571451
v 1312 112 102.85714285714494
v 1312 112 128
v 1312 131.88225099391272 128
v 1984 131.8822507554939 128
v 1984 112 128
v 1984 112 102.85714285714496
v 1984 124.5232919959705 102.85714285714513
v 1984 131.88225099393821 -48
v 1984 112 -48
v 1984 112 -22.857142857143916
v 1984 124.52329223438531 -22.857142857143803
v 2832 124.52329199596619 -22.857142857143604
v 2832 112 -22.857142857143717
v 2832 112 -48
v 2832 131.88225075551918 -48
v 1984 131.88225085981685 -48
v 1984 124.5232920171602 -22.857142857141298
v 1984 144 12.850154753961512
v 1984 160 3.549206511163824
v 2992 160 3.5492065500126087
v 2992 144 12.850154792810331
v 2992 124.52329199597018 -22.857142857141223
v 2992 131.88225083862685 -48
v 1984 160 76.45079348884246
v 1984 160 3.5492065111648117
v 1984 144 12.850154713152733
v 1984 144 67.14984528684727
v 2992 144 67.14984528684691
v 2992 144 12.85015471315321
v 2992 160 3.549206511165169
v 2992 160 76.45079348884211
v 1984 160 76.45079348882791
v 1984 144 67.14984540331716
v 1984 124.52329205933778 102.85714285713733
v 1984 131.88225077245158 128
v 2992 144 67.14984528709935
v 2992 160 76.4507933726101
v 2992 131.88225070905995 128
v 2992 124.52329199594615 102.85714285713746
v 1984 124.52329223438937 102.85714285714505
v 1984 112 102.85714285714494
v 1984 112 128
v 1984 131.88225099391298 128
v 2992 131.882250755494 128
v 2992 112 128
v 2992 112 102.85714285714494
v 2992 124.52329199597034 102.85714285714505
v 2816 131.8822507554978 -704
v 2816 112 -704
v 2816 112 -32
v 2816 131.8822509939332 -32
v 2841.142857142857 124.52329223438664 -32
v 2841.1428571428564 112 -32
v 2841.142857142857 112 -704
v 2841.1428571428573 124.5232919959511 -704
v 2867.5492065500257 160 -704
v 2816 131.88225083862469 -704
v 2816 131.88225085981202 -32
v 2867.5492065111757 160 -32
v 2841.1428571428405 124.52329201714565 -32
v 2841.1428571428414 124.5232919959599 -704
v 2876.8501547539972 144 -32
v 2876.850154792839 144 -704
v 2876.8501547131527 144 -704
v 2876.8501547131527 144 -32
v 2867.549206511168 160 -32
v 2867.549206511168 160 -704
v 2940.450793488868 160 -32
v 2931.1498452868473 144 -32
v 2931.149845286829 144 -704
v 2940.4507934888497 160 -704
v 2940.4507933725945 160 -704
v 2931.149845287095 144 -704
v 2931.1498454033126 144 -32
v 2940.450793488809 160 -32
v 2966.857142857152 124.52329205934439 -32
v 2966.8571428571486 124.52329199595471 -704
v 2992 131.8822507724458 -32
v 2992 131.8822507090572 -704
v 2966.857142857145 112 -704
v 2966.857142857145 112 -32
v 2966.857142857145 124.52329223439577 -32
v 2966.857142857145 124.52329199597858 -704
v 2992 131.88225075550326 -704
v 2992 131.88225099392056 -32
v 2992 112 -32
v 2992 112 -704
v 2800 112 -64
v 2800 112 -48
v 2800 128 -48
v 2800 128 -64
v 2816 128 -48
v 2816 112 -48
v 2816 112 -64
v 2816 128 -64
v 2976 128 -16
v 2976 128 80
v 2976 144 80
v 2976 144 -16
v 2992 144 80
v 2992 128 80
v 2992 128 -16
v 2992 144 -16
v 1136 131.8822507554978 -720
v 1136 112 -720
v 1136 112 -16
v 1136 131.8822509939315 -16
v 1161.1428571428567 124.52329223438637 -16
v 1161.1428571428564 112 -16
v 1161.1428571428564 112 -720
v 1161.1428571428567 124.52329199595268 -720
v 1187.5492065500293 160 -720
v 1136 131.88225083862062 -720
v 1136 131.88225085981182 -16
v 1187.5492065111869 160 -16
v 1161.1428571428405 124.52329201714747 -16
v 1161.1428571428323 124.523291995958 -720
v 1196.8501547539927 144 -16
v 1196.8501547928354 144 -720
v 1196.8501547131457 144 -720
v 1196.8501547131455 144 -16
v 1187.549206511161 160 -16
v 1187.5492065111612 160 -720
v 1260.4507934888497 160 -16
v 1251.1498452868486 144 -16
v 1251.1498452868339 144 -720
v 1260.4507934888352 160 -720
v 1260.4507933726018 160 -720
v 1251.1498452870908 144 -720
v 1251.1498454033078 144 -16
v 1260.450793488819 160 -16
v 1286.8571428571304 124.52329205935166 -16
v 1286.8571428571463 124.52329199595266 -720
v 1312 131.88225077245843 -16
v 1312 131.8822507090572 -720
v 1286.857142857145 112 -720
v 1286.857142857145 112 -16
v 1286.857142857145 124.52329223440049 -16
v 1286.857142857145 124.52329199598343 -720
v 1312 131.88225075550872 -720
v 1312 131.88225099392565 -16
v 1312 112 -16
v 1312 112 -720
v 1312 112 -64
v 1312 112 -48
v 1312 128 -48
v 1312 128 -64
v 1328 128 -48
v 1328 112 -48
v 1312 128 144
v 1312 128 128
v 1312 112 128
v 1312 112 144
v 1328 112 128
v 1328 128 128
v 1136 128 144
v 1120 128 128
v 1120 112 128
v 1136 112 144
v 1136 112 128
v 1136 128 128
v 1136 112 -64
v 1120 112 -48
v 1120 128 -48
v 1136 128 -64
v 1136 128 -48
v 1136 112 -48
v 1312 112 624
v 1312 112 640
v 1312 128 640
v 1312 128 624
v 1328 128 640
v 1328 112 640
v 1312 128 832
v 1312 128 816
v 1312 112 816
v 1312 112 832
v 1328 112 816
v 1328 128 816
v 1136 128 832
v 1120 128 816
v 1120 112 816
v 1136 112 832
v 1136 112 816
v 1136 128 816
v 1136 112 624
v 1120 112 640
v 1120 128 640
v 1136 128 624
v 1136 128 640
v 1136 112 640
v 2038.857142857145 112 112
v 2038.857142857145 112 656
v 2038.857142857145 124.52329223439982 656
v 2038.857142857145 124.52329199598225 112
v 2064 131.8822507555069 112
v 2064 131.88225099392454 656
v 2064 112 656
v 2064 112 112
v 2012.4507933725909 160 112
v 2003.1498452870862 144 112
v 2003.149845403306 144 656
v 2012.4507934888097 160 656
v 2038.8571428571377 124.52329205935166 656
v 2038.857142857143 124.52329199595201 112
v 2064 131.88225077245662 656
v 2064 131.88225070906083 112
v 1939.549206550033 160 112
v 1888 131.88225083862253 112
v 1888 131.88225085981173 656
v 1939.549206511189 160 656
v 1913.1428571428442 124.52329201714929 656
v 1913.1428571428382 124.52329199596115 112
v 1948.8501547539927 144 656
v 1948.8501547928317 144 112
v 1888 131.88225075550145 112
v 1888 112 112
v 1888 112 656
v 1888 131.88225099393273 656
v 1913.1428571428567 124.52329223438635 656
v 1913.1428571428564 112 656
v 1913.1428571428564 112 112
v 1913.1428571428567 124.52329199595506 112
v 1948.850154713149 144 112
v 1948.850154713149 144 656
v 1939.5492065111644 160 656
v 1939.5492065111644 160 112
v 2012.4507934888497 160 656
v 2003.149845286848 144 656
v 2003.1498452868373 144 112
v 2012.4507934888388 160 112
v 2848 144 -32
v 2848 144 -16
v 2848 160 -16
v 2848 160 -32
v 2976 160 -16
v 2976 144 -16
v 2976 144 -32
v 2976 160 -32
v 1920 144 96
v 1920 144 112
v 1920 160 112
v 1920 160 96
v 2032 160 112
v 2032 144 112
v 2032 144 96
v 2032 160 96
v 2048 124.52329199595988 112
v 2048 124.52329199595988 816
v 2048 160 816
v 2048 160 112
v 2992 160 816
v 2992 124.52329199595988 816
v 2992 124.52329199595988 112
v 2992 160 112
v 1296 124.52329223438937 -729.142857142855
v 1296 112 -729.1428571428551
v 1296 112 -704
v 1296 131.8822509939128 -704
v 2048 131.88225075549374 -704
v 2048 112 -704
v 2048 112 -729.1428571428551
v 2048 124.52329199597034 -729.142857142855
v 1296 160 -755.5492065111903
v 1296 144 -764.850154596701
v 1296 124.52329205934063 -729.1428571428689
v 1296 131.88225077245482 -704
v 2048 144 -764.8501547129182
v 2048 160 -755.5492066274074
v 2048 131.8822507090636 -704
v 2048 124.5232919959494 -729.1428571428689
v 1296 160 -755.5492065111539
v 1296 160 -828.4507934888316
v 1296 144 -819.1498452868509
v 1296 144 -764.8501547131576
v 2048 144 -764.8501547131578
v 2048 144 -819.149845286851
v 2048 160 -828.4507934888316
v 2048 160 -755.5492065111541
v 1296 131.8822508598205 -880
v 1296 124.52329201715656 -854.8571428571522
v 1296 144 -819.149845246013
v 1296 160 -828.4507934888113
v 2048 160 -828.4507934499627
v 2048 144 -819.1498452071645
v 2048 124.5232919959664 -854.8571428571526
v 2048 131.88225083863026 -880
v 1296 131.88225099393821 -880
v 1296 112 -880
v 1296 112 -854.8571428571439
v 1296 124.52329223438657 -854.8571428571438
v 1904 124.52329199596758 -854.8571428571437
v 1904 112 -854.8571428571438
v 1904 112 -880
v 1904 131.88225075551927 -880
v 1104 160 -841.7056274847762
v 1104 144 -841.70562748478
v 1104 144 -742.2943725152289
v 1104 160 -742.2943725152289
v 1178.980664016235 144 -912
v 1178.9806640162374 160 -912
v 1178.980664016243 144 -672
v 1178.980664016243 160 -672
v 1285.0193359837647 160 -672
v 1285.0193359837592 144 -672
v 1360 144 -742.2943725152319
v 1285.0193359837608 144 -912
v 1360 144 -841.7056274847714
v 1360 160 -841.7056274847736
v 1285.019335983765 160 -912
v 1360 160 -742.2943725152269
v 704 124.52329223438937 -729.1428571428548
v 704 112 -729.1428571428551
v 704 112 -704
v 704 131.88225099391153 -704
v 1136 131.8822507554925 -704
v 1136 112 -704
v 1136 112 -729.1428571428551
v 1136 124.52329199597034 -729.1428571428548
v 704 160 -755.5492065112085
v 704 144 -764.8501545967156
v 704 124.52329205933793 -729.142857142846
v 704 131.88225077244982 -704
v 1136 144 -764.8501547129326
v 1136 160 -755.5492066274255
v 1136 131.8822507090586 -704
v 1136 124.52329199594669 -729.1428571428457
v 704 160 -755.5492065111466
v 704 160 -828.4507934888279
v 704 144 -819.1498452868509
v 704 144 -764.8501547131491
v 1136 144 -819.149845286851
v 1136 160 -828.450793488828
v 1136 144 -764.8501547131498
v 1136 160 -755.5492065111474
v 704 131.88225085982776 -880
v 704 124.52329201715293 -854.8571428571122
v 704 144 -819.1498452459969
v 704 160 -828.4507934888094
v 1136 160 -828.450793449961
v 1136 144 -819.1498452071487
v 1136 124.52329199596282 -854.8571428571128
v 1136 131.88225083863753 -880
v 704 131.88225099393821 -880
v 704 112 -880
v 704 112 -854.8571428571449
v 704 124.5232922343868 -854.8571428571449
v 1152 124.52329199596785 -854.8571428571449
v 1152 112 -854.8571428571449
v 1152 112 -880
v 1152 131.8822507555193 -880
v 1286.857142857145 112 -1216
v 1286.857142857145 112 -848
v 1286.857142857145 124.52329223440628 -848
v 1286.857142857145 124.52329199599542 -1216
v 1312 131.88225075552873 -1216
v 1312 131.88225099393767 -848
v 1312 112 -848
v 1312 112 -1216
v 1260.4507933725909 160 -1216
v 1251.149845287097 144 -1216
v 1251.1498454032978 144 -848
v 1260.450793488788 160 -848
v 1286.8571428571267 124.52329205932983 -848
v 1286.857142857127 124.5232919959466 -1216
v 1312 131.88225077244743 -848
v 1312 131.88225070906446 -1216
v 1196.8501547131382 144 -1216
v 1196.8501547131382 144 -848
v 1187.5492065111612 160 -848
v 1187.5492065111612 160 -1216
v 1260.4507934888934 160 -848
v 1251.149845286847 144 -848
v 1251.149845286847 144 -1216
v 1260.4507934888934 160 -1216
v 1187.5492065500584 160 -1216
v 1136 131.88225083864188 -1216
v 1136 131.8822508598405 -848
v 1187.5492065111916 160 -848
v 1161.1428571428696 124.52329201718021 -848
v 1161.1428571428735 124.52329199598087 -1216
v 1196.8501547539738 144 -848
v 1196.8501547928463 144 -1216
v 1136 131.8822507554978 -1216
v 1136 112 -1216
v 1136 112 -848
v 1136 131.88225099393287 -848
v 1161.1428571428562 124.52329223438623 -848
v 1161.142857142856 112 -848
v 1161.142857142856 112 -1216
v 1161.1428571428562 124.52329199595115 -1216
v 1312 112 -896
v 1312 112 -880
v 1312 128 -880
v 1312 128 -896
v 1328 128 -880
v 1328 112 -880
v 1312 128 -688
v 1312 128 -704
v 1312 112 -704
v 1312 112 -688
v 1328 112 -704
v 1328 128 -704
v 1136 128 -688
v 1120 128 -704
v 1120 112 -704
v 1136 112 -688
v 1136 112 -704
v 1136 128 -704
v 1136 112 -896
v 1120 112 -880
v 1120 128 -880
v 1136 128 -896
v 1136 128 -880
v 1136 112 -880
v 1888 131.8822507554978 -1216
v 1888 112 -1216
v 1888 112 -880
v 1888 131.88225099393293 -880
v 1913.1428571428562 124.52329223438629 -880
v 1913.142857142856 112 -880
v 1913.142857142856 112 -1216
v 1913.1428571428562 124.52329199595118 -1216
v 1939.549206550062 160 -1216
v 1888 131.88225083863824 -1216
v 1888 131.88225085983686 -848
v 1939.549206511194 160 -848
v 1913.142857142866 124.52329201717839 -848
v 1913.1428571428698 124.52329199597884 -1216
v 1948.8501547539738 144 -848
v 1948.8501547928427 144 -1216
v 1948.8501547131382 144 -1216
v 1948.8501547131382 144 -848
v 1939.5492065111612 160 -848
v 1939.5492065111612 160 -1216
v 2012.4507934888934 160 -848
v 2003.1498452868473 144 -848
v 2003.1498452868473 144 -1216
v 2012.4507934888934 160 -1216
v 2012.4507933725909 160 -1216
v 2003.149845287099 144 -1216
v 2003.1498454032999 144 -848
v 2012.45079348879 160 -848
v 2038.8571428571267 124.5232920593262 -848
v 2038.8571428571267 124.52329199594642 -1216
v 2064 131.88225077244505 -848
v 2064 131.88225070906628 -1216
v 2038.857142857145 112 -1216
v 2038.857142857145 112 -896
v 2038.857142857145 124.5232922344059 -896
v 2038.857142857145 124.52329199599427 -1216
v 2064 131.8822507555251 -1216
v 2064 131.88225099393648 -896
v 2064 112 -896
v 2064 112 -1216
v 2048 160 -755.5492065111757
v 2048 160 -828.4507934888352
v 2048 144 -819.1498452868473
v 2048 144 -764.850154713158
v 2992 144 -819.1498452868474
v 2992 160 -828.4507934888353
v 2992 144 -764.8501547131593
v 2992 160 -755.5492065111771
v 2048 160 -755.5492065111757
v 2048 144 -764.8501545966865
v 2048 124.52329205935791 -729.142857142901
v 2048 131.8822507724722 -704
v 2992 144 -764.8501547129036
v 2992 160 -755.5492066273929
v 2992 131.88225070908092 -704
v 2992 124.52329199596664 -729.1428571429009
v 2048 124.52329223438937 -729.1428571428548
v 2048 112 -729.1428571428551
v 2048 112 -704
v 2048 131.88225099391295 -704
v 2832 131.88225075549374 -704
v 2832 112 -704
v 2832 112 -729.1428571428551
v 2832 124.52329199597017 -729.1428571428548
v 2048 131.88225099393821 -880
v 2048 112 -880
v 2048 112 -854.8571428571439
v 2048 124.5232922343865 -854.8571428571438
v 2992 124.52329199596778 -854.8571428571438
v 2992 112 -854.8571428571439
v 2992 112 -880
v 2992 131.88225075551946 -880
v 2048 131.88225085980775 -880
v 2048 124.52329201714201 -854.8571428571631
v 2048 144 -819.1498452460144
v 2048 160 -828.450793488812
v 2992 160 -828.4507934499637
v 2992 144 -819.1498452071659
v 2992 124.52329199595226 -854.8571428571624
v 2992 131.88225083861823 -880
v 2832 144 -720
v 2832 144 -704
v 2832 160 -704
v 2832 160 -720
v 2976 160 -704
v 2976 144 -704
v 2976 144 -720
v 2976 160 -720

# texture coordinates
vt 0.0625 -0.03125
vt -0.21875 -0.03125
vt -0.21875 -0
vt 0.0625 -0
vt 2.28125 -0
vt 0.90625 -0
vt 0.90625 -0.03125
vt 2.28125 -0.03125
vt 2.28125 -0.21875
vt 0.90625 -0.21875
vt 0.90625 0.0625
vt 2.28125 0.0625
vt 0.03125 -0.03125
vt -0.1875 -0.03125
vt -0.1875 -0
vt 0.03125 -0
vt 2.53125 -0
vt 2.25 -0
vt 2.25 -0.03125
vt 2.53125 -0.03125
vt 2.53125 -0.1875
vt 2.25 -0.1875
vt 2.25 0.03125
vt 2.53125 0.03125
vt 0.78125 -0.03125
vt 0.78125 -0
vt 2.5 -0
vt 2.21875 -0
vt 2.21875 -0.03125
vt 2.5 -0.03125
vt 2.5 0.03125
vt 2.21875 0.03125
vt 2.21875 0.78125
vt 2.5 0.78125
vt -2.3125 -0
vt -2.3125 -0.03125
vt 2.5 -2.3125
vt 2.21875 -2.3125
vt 2.21875 -0.21875
vt 2.5 -0.21875
vt -1.53125 -0.03125
vt -0.87648815 -0.03125
vt -0.87648815 -0
vt -1.53125 -0
vt 2.53125 -0.87648815
vt 2.25 -0.87648815
vt 2.25 -1.53125
vt 2.53125 -1.53125
vt 1.6875 -0.03125
vt 1.40625 -0.03125
vt 1.40625 -0
vt 1.6875 -0
vt 5.5 -0
vt 1.34375 -0
vt 1.34375 -0.03125
vt 5.5 -0.03125
vt 5.5 1.40625
vt 1.34375 1.40625
vt 1.34375 1.6875
vt 5.5 1.6875
vt 2.40625 -0.03125
vt 1.71875 -0.03125
vt 1.71875 -0
vt 2.40625 -0
vt 2.53125 1.71875
vt 2.25 1.71875
vt 2.25 2.40625
vt 2.53125 2.40625
vt 4.03125 -0
vt 3.75 -0
vt 3.75 -0.03125
vt 4.03125 -0.03125
vt 4.03125 1.71875
vt 3.75 1.71875
vt 3.75 2.40625
vt 4.03125 2.40625
vt -0.25 -0.03125
vt -1.59375 -0.03125
vt -1.59375 -0
vt -0.25 -0
vt 4.03125 -1.59375
vt 3.75 -1.59375
vt 3.75 -0.25
vt 4.03125 -0.25
vt 5.84375 -0
vt 5.5625 -0
vt 5.5625 -0.03125
vt 5.84375 -0.03125
vt 5.84375 0.0625
vt 5.5625 0.0625
vt 5.5625 1.6875
vt 5.84375 1.6875
vt 5.8125 -0
vt 5.8125 -0.03125
vt 5.8125 -0.21875
vt 2.53125 -0.21875
vt 2.53125 0.0625
vt 5.8125 0.0625
vt 5.78125 -0
vt 4 -0
vt 4 -0.03125
vt 5.78125 -0.03125
vt 5.78125 -1.53125
vt 4 -1.53125
vt 4 -0.1875
vt 5.78125 -0.1875
vt -1.25 -0.03125
vt -1.25 -0
vt 3.78125 -0
vt 2.5625 -0
vt 2.5625 -0.03125
vt 3.78125 -0.03125
vt 3.78125 -1.53125
vt 2.5625 -1.53125
vt 2.5625 -1.25
vt 3.78125 -1.25
vt -1.28125 -0.03125
vt -1.5625 -0.03125
vt -1.5625 -0
vt -1.28125 -0
vt 1.25 -0
vt 1.25 -0.03125
vt 2.25 -1.5625
vt 1.25 -1.5625
vt 1.25 -1.28125
vt 2.25 -1.28125
vt -1.8626451e-09 0.16383252
vt 0.031249996 0.14945954
vt 0.075630516 0.18749999
vt 0.06407039 0.21874999
vt 0.15625 -2.15625
vt 0.15625 -0.875
vt 0.125 -0.875
vt 0.125 -2.15625
vt 0.03125 -2.15625
vt 0.03125 -0.875
vt 1.8626451e-09 -0.875
vt 1.8626451e-09 -2.15625
vt 0.075630516 -2.15625
vt 0.075630516 -0.875
vt -2.2351742e-08 -2.15625
vt -2.2351742e-08 -0.875
vt 0.06407037 -0.875
vt 0.06407037 -2.15625
vt 1.8626451e-09 0.16383252
vt 1.8626451e-09 0.124999985
vt 0.03125 0.124999985
vt 0.03125 0.14945954
vt 0.14945954 -2.15625
vt 0.14945954 -0.875
vt 0.12499999 -0.875
vt 0.12499999 -2.15625
vt 0.124999955 -2.15625
vt 0.124999955 -0.875
vt 0.16383249 -0.875
vt 0.16383249 -2.15625
vt 0.1546796 0.15625
vt 0.06407039 0.15625
vt 0.075630516 0.125
vt 0.14311948 0.125
vt 0.14311948 -2.15625
vt 0.14311948 -0.875
vt 0.06407039 -2.15625
vt 0.06407039 -0.875
vt 0.1546796 -0.875
vt 0.1546796 -2.15625
vt 0.15467961 0.21874999
vt 0.14311948 0.18749999
vt 0.1875 0.14945954
vt 0.21875 0.16383252
vt 0.21875 -2.15625
vt 0.21875 -0.875
vt 0.1875 -0.875
vt 0.1875 -2.15625
vt 0.18749999 -2.15625
vt 0.18749999 -0.875
vt 0.14311947 -0.875
vt 0.14311947 -2.15625
vt 0.15467961 -2.15625
vt 0.15467961 -0.875
vt 0.1875 0.124999985
vt 0.21875 0.124999985
vt 0.15625 -5.40625
vt 0.15625 -2.59375
vt 0.125 -2.59375
vt 0.125 -5.40625
vt 0.031249998 -5.40625
vt 0.031249998 -2.59375
vt 0 -2.59375
vt 0 -5.40625
vt 0.075630516 -5.40625
vt 0.075630516 -2.59375
vt 0.031249996 -2.59375
vt 0.031249996 -5.40625
vt 0.06407039 -2.59375
vt 0.06407039 -5.40625
vt 0 0.16383252
vt 0 0.124999985
vt 0.031249998 0.124999985
vt 0.031249998 0.14945954
vt 0.14945954 -5.40625
vt 0.14945954 -2.59375
vt 0.12499999 -2.59375
vt 0.12499999 -5.40625
vt 0.124999955 -5.40625
vt 0.124999955 -2.59375
vt 0.16383249 -2.59375
vt 0.16383249 -5.40625
vt 0.14311947 0.125
vt 0.14311947 -5.40625
vt 0.14311947 -2.59375
vt 0.1546796 -2.59375
vt 0.1546796 -5.40625
vt 0.1546796 0.21874999
vt 0.14311947 0.18749999
vt 0.18749999 0.14945954
vt 0.21874999 0.16383252
vt 0.21874999 -5.40625
vt 0.21874999 -2.59375
vt 0.18749999 -2.59375
vt 0.18749999 -5.40625
vt 0.18749999 0.124999985
vt 0.21874999 0.124999985
vt -0.18749999 -1.3361675
vt -0.15624999 -1.3505404
vt -0.11186947 -1.3125
vt -0.1234296 -1.28125
vt -1.28125 -5.40625
vt -1.28125 -2.59375
vt -1.3125 -2.59375
vt -1.3125 -5.40625
vt -0.15625 -5.40625
vt -0.15625 -2.59375
vt -0.1875 -2.59375
vt -0.1875 -5.40625
vt -0.11186947 -5.40625
vt -0.11186947 -2.59375
vt -0.15624999 -2.59375
vt -0.15624999 -5.40625
vt -0.18749999 -5.40625
vt -0.18749999 -2.59375
vt -0.1234296 -2.59375
vt -0.1234296 -5.40625
vt -0.18749999 -1.375
vt -0.15624999 -1.375
vt -1.3505404 -5.40625
vt -1.3505404 -2.59375
vt -1.375 -2.59375
vt -1.375 -5.40625
vt -1.3361675 -2.59375
vt -1.3361675 -5.40625
vt -0.032820385 -1.28125
vt -0.044380512 -1.3125
vt -0.12342961 -5.40625
vt -0.12342961 -2.59375
vt -0.0328204 -2.59375
vt -0.0328204 -5.40625
vt -0.044380527 -5.40625
vt -0.044380527 -2.59375
vt -0.111869484 -2.59375
vt -0.111869484 -5.40625
vt -1.2812501 -5.40625
vt -1.2812501 -2.59375
vt -1.3125001 -2.59375
vt -1.3125001 -5.40625
vt 3.7252903e-09 -1.3505404
vt 0.03125 -1.3361675
vt 0.031249985 -5.40625
vt 0.031249985 -2.59375
vt -1.3038516e-08 -2.59375
vt -1.3038516e-08 -5.40625
vt -1.1175871e-08 -5.40625
vt -1.1175871e-08 -2.59375
vt -0.03282042 -5.40625
vt -0.03282042 -2.59375
vt 0.03124997 -2.59375
vt 0.03124997 -5.40625
vt 0 -1.3505404
vt -0.044380516 -1.3125
vt -0.03282039 -1.28125
vt 0.031249998 -1.3361675
vt 9.313226e-10 -1.3505404
vt 9.313226e-10 -1.375
vt 0.03125 -1.375
vt -1.375 -2.125
vt -1.375 -1.34375
vt -1.3505404 -1.34375
vt -1.3505404 -2.125
vt -1.3361675 -2.125
vt -1.3361675 -1.34375
vt 0.031249985 -2.125
vt 0.031249985 -1.34375
vt -1.3038516e-08 -1.34375
vt -1.3038516e-08 -2.125
vt -1.3125001 -2.125
vt -1.3125001 -1.34375
vt -1.2812501 -1.34375
vt -1.2812501 -2.125
vt -1.1175871e-08 -2.125
vt -1.1175871e-08 -1.34375
vt -0.044380527 -1.34375
vt -0.044380527 -2.125
vt -0.03282042 -2.125
vt -0.03282042 -1.34375
vt 0.03124997 -1.34375
vt 0.03124997 -2.125
vt -0.12342961 -2.125
vt -0.12342961 -1.34375
vt -0.0328204 -1.34375
vt -0.0328204 -2.125
vt -0.111869484 -1.34375
vt -0.111869484 -2.125
vt -1.3125 -2.125
vt -1.3125 -1.34375
vt -1.28125 -1.34375
vt -1.28125 -2.125
vt -0.15625 -2.125
vt -0.15625 -1.34375
vt -0.1875 -1.34375
vt -0.1875 -2.125
vt -0.11186947 -2.125
vt -0.11186947 -1.34375
vt -0.15624999 -1.34375
vt -0.15624999 -2.125
vt -0.18749999 -2.125
vt -0.18749999 -1.34375
vt -0.1234296 -1.34375
vt -0.1234296 -2.125
vt 0.125 1.7119596
vt 0.125 1.6875
vt 0.15625 1.6875
vt 0.15625 1.7263325
vt 1.6875 -2.1875
vt 1.6875 -1.40625
vt 1.7119596 -1.40625
vt 1.7119596 -2.1875
vt 0.21874999 -2.1875
vt 0.21874999 -1.40625
vt 0.18749999 -1.40625
vt 0.18749999 -2.1875
vt 1.7263325 -2.1875
vt 1.7263325 -1.40625
vt 0.09217961 1.78125
vt 0.080619484 1.75
vt 1.7500001 -2.1875
vt 1.7500001 -1.40625
vt 1.7812501 -1.40625
vt 1.7812501 -2.1875
vt 0.14311947 -1.40625
vt 0.14311947 -2.1875
vt 0.15467961 -2.1875
vt 0.15467961 -1.40625
vt 0.21875 -1.40625
vt 0.21875 -2.1875
vt 0.0015703999 1.78125
vt 0.013130527 1.75
vt 0.075630516 -1.40625
vt 0.075630516 -2.1875
vt 0.06407039 -2.1875
vt 0.06407039 -1.40625
vt 0.1546796 -1.40625
vt 0.1546796 -2.1875
vt 1.75 -2.1875
vt 1.75 -1.40625
vt 1.78125 -1.40625
vt 1.78125 -2.1875
vt -0.062499985 1.7263325
vt -0.031249985 1.7119596
vt 0.013130531 1.75
vt 0.0015704036 1.78125
vt 0.031249996 -2.1875
vt 0.031249996 -1.40625
vt -1.8626451e-09 -1.40625
vt -1.8626451e-09 -2.1875
vt 0.013130527 -2.1875
vt 0.013130527 -1.40625
vt -0.031249989 -1.40625
vt -0.031249989 -2.1875
vt -0.06249997 -2.1875
vt -0.06249997 -1.40625
vt 0.0015704185 -1.40625
vt 0.0015704185 -2.1875
vt -0.062499985 1.6875
vt -0.031249985 1.6875
vt 9.313226e-10 0.27445954
vt 1.3969839e-09 0.24999999
vt 0.03125 0.24999999
vt 0.03125 0.2888325
vt 0.24999999 -2.125
vt 0.24999999 -0.84375
vt 0.27445954 -0.84375
vt 0.27445954 -2.125
vt 0.28883255 -2.125
vt 0.28883255 -0.84375
vt 0.25 -0.84375
vt 0.25 -2.125
vt 0.03125 -2.125
vt 0.03125 -0.84375
vt 3.259629e-09 -0.84375
vt 3.259629e-09 -2.125
vt 9.313226e-10 -2.125
vt 9.313226e-10 -0.84375
vt -0.03282039 0.34375
vt -0.044380516 0.3125
vt 0 0.27445954
vt 0.031249998 0.28883252
vt 0.3125 -2.125
vt 0.3125 -0.84375
vt 0.34375 -0.84375
vt 0.34375 -2.125
vt -1.1175871e-08 -0.84375
vt -0.044380527 -0.84375
vt -0.03282039 -2.125
vt -0.03282039 -0.84375
vt -0.032820385 0.34375
vt -0.1234296 0.34375
vt -0.11186947 0.3125
vt -0.044380512 0.3125
vt -0.1234296 -0.84375
vt -0.032820385 -0.84375
vt -0.032820385 -2.125
vt -0.044380512 -2.125
vt -0.044380512 -0.84375
vt -0.11186947 -0.84375
vt -0.1875 0.28883252
vt -0.15625 0.27445954
vt -0.111869484 0.3125
vt -0.12342961 0.34375
vt -0.15625 -0.84375
vt -0.1875 -0.84375
vt -0.111869484 -0.84375
vt -0.18750003 -2.125
vt -0.18750003 -0.84375
vt -0.12342964 -0.84375
vt -0.12342964 -2.125
vt -0.1875 0.2888325
vt -0.1875 0.24999999
vt -0.15625 0.24999999
vt 0.27445954 -3.65625
vt 0.27445954 -2.625
vt 0.25 -2.625
vt 0.25 -3.65625
vt 0.28883255 -2.625
vt 0.28883255 -3.65625
vt -0.15625 -3.65625
vt -0.15625 -2.625
vt -0.1875 -2.625
vt -0.1875 -3.65625
vt 0.34375 -3.65625
vt 0.34375 -2.625
vt 0.3125 -2.625
vt 0.3125 -3.65625
vt -0.111869484 -3.65625
vt -0.111869484 -2.625
vt -0.18750003 -3.65625
vt -0.18750003 -2.625
vt -0.12342964 -2.625
vt -0.12342964 -3.65625
vt -0.1234296 -3.65625
vt -0.1234296 -2.625
vt -0.032820385 -2.625
vt -0.032820385 -3.65625
vt -0.044380512 -3.65625
vt -0.044380512 -2.625
vt -0.11186947 -2.625
vt -0.11186947 -3.65625
vt 0.03125 -3.65625
vt 0.03125 -2.625
vt 9.313226e-10 -2.625
vt 9.313226e-10 -3.65625
vt -1.1175871e-08 -3.65625
vt -1.1175871e-08 -2.625
vt -0.044380527 -2.625
vt -0.044380527 -3.65625
vt -0.03282039 -3.65625
vt -0.03282039 -2.625
vt 0.24999999 -3.65625
vt 0.24999999 -2.625
vt 3.259629e-09 -2.625
vt 3.259629e-09 -3.65625
vt 0.031249985 -1.28125
vt 0.031249985 -0.125
vt -1.3038516e-08 -0.125
vt -1.3038516e-08 -1.28125
vt 2.5869596 -1.28125
vt 2.5625 -1.28125
vt 2.5625 -0.125
vt 2.5869596 -0.125
vt 9.313226e-10 2.5869596
vt 9.313226e-10 2.5625
vt 0.03125 2.5625
vt 0.03125 2.6013324
vt 2.6013324 -0.125
vt 2.6013324 -1.28125
vt -0.044380527 -1.28125
vt -1.1175871e-08 -1.28125
vt -1.1175871e-08 -0.125
vt -0.044380527 -0.125
vt -0.032820385 2.65625
vt -0.044380512 2.625
vt 3.7252903e-09 2.5869596
vt 0.031249998 2.6013324
vt 0 2.5869596
vt -0.044380516 2.625
vt -0.03282039 2.65625
vt 2.6562502 -1.28125
vt 2.6250002 -1.28125
vt 2.6250002 -0.125
vt 2.6562502 -0.125
vt 0.03124997 -0.125
vt 0.03124997 -1.28125
vt -0.03282042 -1.28125
vt -0.03282042 -0.125
vt -0.111869484 -0.125
vt -0.111869484 -1.28125
vt 2.65625 -1.28125
vt 2.625 -1.28125
vt 2.625 -0.125
vt 2.65625 -0.125
vt -0.1234296 2.65625
vt -0.11186947 2.625
vt -0.12342961 -1.28125
vt -0.12342961 -0.125
vt -0.0328204 -0.125
vt -0.0328204 -1.28125
vt -0.1875 -1.28125
vt -0.15625 -1.28125
vt -0.15625 -0.125
vt -0.1875 -0.125
vt -0.11186947 -0.125
vt -0.15624999 -0.125
vt -0.15624999 -1.28125
vt -0.11186947 -1.28125
vt -0.18749999 2.6013324
vt -0.15624999 2.5869596
vt -0.18749999 -1.28125
vt -0.18749999 -0.125
vt -0.1234296 -0.125
vt -0.18749999 2.5625
vt -0.15624999 2.5625
vt -0.044380527 0.28125
vt -0.044380527 1.15625
vt -0.111869484 1.15625
vt -0.111869484 0.28125
vt 2.6562502 1.15625
vt 2.6250002 1.15625
vt 2.6250002 0.28125
vt 2.6562502 0.28125
vt 2.65625 0.28125
vt 2.625 0.28125
vt 2.625 1.15625
vt 2.65625 1.15625
vt -0.12342961 0.28125
vt -0.12342961 1.15625
vt -0.0328204 1.15625
vt -0.0328204 0.28125
vt 0.031249985 0.28125
vt 0.031249985 1.15625
vt -1.3038516e-08 1.15625
vt -1.3038516e-08 0.28125
vt 2.5869596 0.28125
vt 2.5625 0.28125
vt 2.5625 1.15625
vt 2.5869596 1.15625
vt 2.6013324 1.15625
vt 2.6013324 0.28125
vt -1.1175871e-08 0.28125
vt -1.1175871e-08 1.15625
vt 0.03124997 1.15625
vt 0.03124997 0.28125
vt -0.03282042 0.28125
vt -0.03282042 1.15625
vt -0.1875 0.28125
vt -0.15625 0.28125
vt -0.15625 1.15625
vt -0.1875 1.15625
vt -0.11186947 1.15625
vt -0.15624999 1.15625
vt -0.15624999 0.28125
vt -0.11186947 0.28125
vt -0.1234296 0.28125
vt -0.18749999 0.28125
vt -0.18749999 1.15625
vt -0.1234296 1.15625
vt -0.3125 -0.03125
vt -0.3125 0.25
vt -0.21875 0.25
vt 2.625 0.25
vt 2.53125 0.25
vt 2.625 -0.03125
vt 2.625 -0.3125
vt 2.53125 -0.3125
vt 2.625 -0.21875
vt 0.28125 -0
vt 0.1875 -0
vt 0.1875 -0.03125
vt 0.28125 -0.03125
vt -2.5 0.28125
vt -2.5 0.1875
vt -2.59375 0.1875
vt -2.59375 -0.03125
vt -2.5 -0.03125
vt -2.5 -0
vt -2.59375 -0
vt 0.0625 0.25
vt 0.15625 0.25
vt 0.15625 -0.03125
vt 0.125 -2.53125
vt 0.125 -2.625
vt -2.625 -0.03125
vt -2.53125 -0.03125
vt -2.53125 0.25
vt -2.625 0.25
vt 0.03125 0.25
vt 0.125 -0.03125
vt 0.125 0.25
vt -0.15625 -0.03125
vt -0.0625 -0.03125
vt -0.0625 -0
vt -0.15625 -0
vt 2.65625 -0
vt 2.65625 -0.03125
vt -0.0625 2.65625
vt -0.0625 2.5625
vt -0.15625 2.5625
vt -0.03125 -0.03125
vt -0.125 -0.03125
vt -0.125 -0
vt -0.03125 -0
vt 1.7119596 -3.625
vt 1.7119596 -2.625
vt 1.6875 -2.625
vt 1.6875 -3.625
vt 0.031249996 -3.625
vt 0.031249996 -2.625
vt -1.8626451e-09 -2.625
vt -1.8626451e-09 -3.625
vt 1.7263325 -2.625
vt 1.7263325 -3.625
vt 1.78125 -3.625
vt 1.78125 -2.625
vt 1.75 -2.625
vt 1.75 -3.625
vt 0.013130527 -3.625
vt 0.013130527 -2.625
vt -0.031249989 -2.625
vt -0.031249989 -3.625
vt -0.06249997 -3.625
vt -0.06249997 -2.625
vt 0.0015704185 -2.625
vt 0.0015704185 -3.625
vt 0.14311947 -3.625
vt 0.14311947 -2.625
vt 0.075630516 -2.625
vt 0.075630516 -3.625
vt 0.06407039 -3.625
vt 0.06407039 -2.625
vt 0.1546796 -2.625
vt 0.1546796 -3.625
vt 1.7812501 -3.625
vt 1.7812501 -2.625
vt 1.7500001 -2.625
vt 1.7500001 -3.625
vt 0.21874999 -3.625
vt 0.21874999 -2.625
vt 0.18749999 -2.625
vt 0.18749999 -3.625
vt 0.15467961 -3.625
vt 0.15467961 -2.625
vt 0.21875 -2.625
vt 0.21875 -3.625
vt 1.7119596 -5.84375
vt 1.7119596 -4.125
vt 1.6875 -4.125
vt 1.6875 -5.84375
vt 0.031249996 -5.84375
vt 0.031249996 -4.125
vt -1.8626451e-09 -4.125
vt -1.8626451e-09 -5.84375
vt 1.7263325 -4.125
vt 1.7263325 -5.84375
vt 1.78125 -5.84375
vt 1.78125 -4.125
vt 1.75 -4.125
vt 1.75 -5.84375
vt 0.013130527 -5.84375
vt 0.013130527 -4.125
vt -0.031249989 -4.125
vt -0.031249989 -5.84375
vt -0.06249997 -5.84375
vt -0.06249997 -4.125
vt 0.0015704185 -4.125
vt 0.0015704185 -5.84375
vt 0.14311947 -5.84375
vt 0.14311947 -4.125
vt 0.075630516 -4.125
vt 0.075630516 -5.84375
vt 0.06407039 -5.84375
vt 0.06407039 -4.125
vt 0.1546796 -4.125
vt 0.1546796 -5.84375
vt 1.7812501 -5.84375
vt 1.7812501 -4.125
vt 1.7500001 -4.125
vt 1.7500001 -5.84375
vt 0.21874999 -5.84375
vt 0.21874999 -4.125
vt 0.18749999 -4.125
vt 0.18749999 -5.84375
vt 0.15467961 -5.84375
vt 0.15467961 -4.125
vt 0.21875 -4.125
vt 0.21875 -5.84375
vt 0.1546796 -1.34375
vt 0.06407039 -1.34375
vt 0.06407039 -0.1875
vt 0.1546796 -0.1875
vt 0.080619484 -2.1875
vt 0.09217961 -2.15625
vt 0.0015703999 -2.15625
vt -2.1875 -0.1875
vt -2.15625 -0.1875
vt -2.15625 -1.34375
vt -2.1875 -1.34375
vt -2.1875002 -1.34375
vt -2.1562502 -1.34375
vt -2.1562502 -0.1875
vt -2.1875002 -0.1875
vt 0.14311947 -1.34375
vt 0.14311947 -0.1875
vt 0.075630516 -0.1875
vt 0.075630516 -1.34375
vt 0.21874999 -1.34375
vt 0.21874999 -0.1875
vt 0.15625 -2.2111676
vt 0.125 -2.2255404
vt 0.18749999 -0.1875
vt 0.18749999 -1.34375
vt 0.15625 -2.25
vt 0.125 -2.25
vt -2.25 -1.34375
vt -2.2111676 -1.34375
vt -2.2111676 -0.1875
vt -2.25 -0.1875
vt -2.2255404 -0.1875
vt -2.2255404 -1.34375
vt -0.06249997 -0.1875
vt 0.0015704185 -0.1875
vt 0.0015704185 -1.34375
vt -0.06249997 -1.34375
vt -0.031249985 -2.2255404
vt 0.013130531 -2.1875
vt 0.0015704036 -2.15625
vt -0.062499985 -2.2111676
vt -0.031249989 -1.34375
vt 0.013130527 -1.34375
vt 0.013130527 -0.1875
vt -0.031249989 -0.1875
vt 0 -0.1875
vt 0 -1.34375
vt 0.031249998 -1.34375
vt 0.031249998 -0.1875
vt -0.031249985 -2.25
vt -0.062499985 -2.25
vt -0.031249985 -5.5
vt -0.031249985 -5.4755406
vt -0.062499985 -5.4611673
vt -0.062499985 -5.5
vt -5.5 -1.34375
vt -5.4755406 -1.34375
vt -5.4755406 -0.1875
vt -5.5 -0.1875
vt -5.4611673 -0.1875
vt -5.4611673 -1.34375
vt -5.4375 -1.34375
vt -5.40625 -1.34375
vt -5.40625 -0.1875
vt -5.4375 -0.1875
vt 0.013130531 -5.4375
vt 0.0015704036 -5.40625
vt 0.080619484 -5.4375
vt 0.09217961 -5.40625
vt 0.0015703999 -5.40625
vt 0.013130527 -5.4375
vt -5.4375005 -1.34375
vt -5.4062505 -1.34375
vt -5.4062505 -0.1875
vt -5.4375005 -0.1875
vt 0.15625 -5.5
vt 0.15625 -5.4611673
vt 0.125 -5.4755406
vt 0.125 -5.5
vt 0.18749999 1.21875
vt 0.21874999 1.21875
vt 0.21874999 0.34375
vt 0.18749999 0.34375
vt -2.25 0.34375
vt -2.2111676 0.34375
vt -2.2111676 1.21875
vt -2.25 1.21875
vt -2.2255404 1.21875
vt -2.2255404 0.34375
vt 0.1546796 0.34375
vt 0.1546796 1.21875
vt -2.1875002 1.21875
vt -2.1562502 1.21875
vt -2.1562502 0.34375
vt -2.1875002 0.34375
vt 0.14311947 1.21875
vt 0.14311947 0.34375
vt 0.06407039 0.34375
vt 0.06407039 1.21875
vt -2.1875 1.21875
vt -2.15625 1.21875
vt -2.15625 0.34375
vt -2.1875 0.34375
vt 0.075630516 1.21875
vt 0.075630516 0.34375
vt 0 0.34375
vt 0 1.21875
vt 0.031249998 1.21875
vt 0.031249998 0.34375
vt -0.06249997 1.21875
vt 0.0015704185 1.21875
vt 0.0015704185 0.34375
vt -0.06249997 0.34375
vt -0.031249989 0.34375
vt 0.013130527 0.34375
vt 0.013130527 1.21875
vt -0.031249989 1.21875
vt 0.15625 -0
vt 2.15625 -0
vt 2.15625 -0.03125
vt 2.25 0.0625
vt 2.15625 0.0625
vt 2.25 0.15625
vt -0.03125 0.25
vt -0.125 0.25
vt -2.1875 -0.03125
vt -2.1875 -0.125
vt -2.28125 -0.125
vt -2.28125 -0.03125
vt -2.1875 0.25
vt -2.28125 0.25
vt -0.3125 -0
vt -0.34375 -2.25
vt -0.25 -2.15625
vt -0.25 -2.25
vt -2.25 -0.03125
vt -2.15625 -0.03125
vt -2.15625 -0
vt -2.25 -0
vt -0.34375 -0
vt -0.34375 -0.03125
vt 0.21875 -0.03125
vt 0.3125 -0.03125
vt 0.3125 0.25
vt 0.21875 0.25
vt 2.28125 0.25
vt 2.1875 0.25
vt 2.1875 -0.03125
vt 0.3125 2.28125
vt 0.3125 2.1875
vt 0.21875 2.1875
vt 0.34375 -0.03125
vt 0.25 -0.03125
vt 0.25 0.25
vt 0.34375 0.25
vt 1.3125 -0.03125
vt 1.3125 0.25
vt 1.40625 0.25
vt 2.625 1.3125
vt 2.53125 1.3125
vt 2.625 1.40625
vt -1.34375 -0
vt -1.4375 -0
vt -1.4375 -0.03125
vt -1.34375 -0.03125
vt -2.5 -1.34375
vt -2.5 -1.4375
vt -2.59375 -1.4375
vt 1.6875 0.25
vt 1.78125 0.25
vt 1.78125 -0.03125
vt 1.71875 -2.625
vt 1.8125 -2.53125
vt 1.8125 -2.625
vt 1.71875 0.25
vt 1.8125 -0.03125
vt 1.8125 0.25
vt -1.78125 -0.03125
vt -1.6875 -0.03125
vt -1.6875 -0
vt -1.78125 -0
vt 2.59375 -0
vt 2.59375 -0.03125
vt -1.6875 2.59375
vt -1.6875 2.5
vt -1.78125 2.5
vt -1.71875 -0.03125
vt -1.8125 -0.03125
vt -1.8125 -0
vt -1.71875 -0
vt -1.71875 0.25
vt -1.8125 0.25
vt -2.125 -1.71875
vt -2.125 -1.8125
vt -2.21875 -1.8125
vt -2.21875 -0.03125
vt -2.125 -0.03125
vt -2.125 0.25
vt -2.21875 0.25
vt -1.40625 -0.03125
vt -1.3125 -0.03125
vt -1.3125 0.25
vt -1.40625 0.25
vt 2.21875 0.25
vt 2.125 0.25
vt 2.125 -0.03125
vt -1.3125 2.21875
vt -1.3125 2.125
vt -1.40625 2.125
vt -1.4375 0.25
vt -1.34375 0.25
vt 1.3125 -0
vt 1.34375 -2.25
vt 1.4375 -2.15625
vt 1.4375 -2.25
vt 1.4375 -0.03125
vt 1.4375 -0
vt 1.78125 -0
vt 2.25 1.6875
vt 2.15625 1.6875
vt 2.25 1.78125
vt 9.313226e-10 -1.2255404
vt 0.03125 -1.2111675
vt 0.03125 -1.25
vt 1.3969839e-09 -1.25
vt 0.03125 3.6875
vt 0.03125 2.65625
vt 9.313226e-10 2.65625
vt 9.313226e-10 3.6875
vt 3.259629e-09 3.6875
vt 3.259629e-09 2.65625
vt -1.25 3.6875
vt -1.25 2.65625
vt -1.2111675 2.65625
vt -1.2111675 3.6875
vt -1.2255404 3.6875
vt -1.2255404 2.65625
vt -0.03282039 -1.15625
vt 0.031249998 -1.2111675
vt 0 -1.2255404
vt -0.044380516 -1.1875
vt -0.03282039 3.6875
vt -0.044380527 3.6875
vt -0.044380527 2.65625
vt -1.1175871e-08 2.65625
vt -1.1175871e-08 3.6875
vt -1.15625 3.6875
vt -1.15625 2.65625
vt -1.1875 2.65625
vt -1.1875 3.6875
vt -0.111869484 -1.1875
vt -0.15625 -1.2255404
vt -0.1875 -1.2111675
vt -0.12342961 -1.15625
vt -0.12342964 3.6875
vt -0.12342964 2.65625
vt -0.18750003 2.65625
vt -0.18750003 3.6875
vt -0.15625 3.6875
vt -0.15625 2.65625
vt -0.111869484 2.65625
vt -0.111869484 3.6875
vt -0.1875 3.6875
vt -0.1875 2.65625
vt -0.15625 -1.25
vt -0.1875 -1.25
vt -0.032820385 -1.15625
vt -0.044380512 -1.1875
vt -0.11186947 -1.1875
vt -0.1234296 -1.15625
vt -0.11186947 3.6875
vt -0.11186947 2.65625
vt -0.044380512 2.65625
vt -0.044380512 3.6875
vt -0.032820385 3.6875
vt -0.1234296 3.6875
vt -0.15625 1.65625
vt -0.15625 1.90625
vt -0.1875 1.90625
vt -0.1875 1.65625
vt -0.18749999 2.5388324
vt -0.18749999 2.5
vt -0.15624999 2.5
vt -0.15624999 2.5244596
vt 2.5244596 1.90625
vt 2.5 1.90625
vt 2.5 1.65625
vt 2.5244596 1.65625
vt 2.5388324 1.65625
vt 2.5388324 1.90625
vt -0.15625 2.28125
vt -0.1875 2.28125
vt -0.11186947 2.28125
vt -0.15624999 2.28125
vt -0.15624999 1.65625
vt -0.11186947 1.65625
vt -0.11186947 2.5625
vt -0.1234296 2.59375
vt 2.59375 2.28125
vt 2.5625 2.28125
vt 2.5625 1.65625
vt 2.59375 1.65625
vt -0.1234296 1.65625
vt -0.18749999 1.65625
vt -0.18749999 2.28125
vt -0.1234296 2.28125
vt -0.044380527 1.65625
vt -0.044380527 2.28125
vt -0.111869484 2.28125
vt -0.111869484 1.65625
vt 2.5937502 2.28125
vt 2.5625002 2.28125
vt 2.5625002 1.65625
vt 2.5937502 1.65625
vt -0.044380512 2.5625
vt -0.032820385 2.59375
vt -0.12342961 1.65625
vt -0.12342961 2.28125
vt -0.0328204 2.28125
vt -0.0328204 1.65625
vt 0.031249985 2.28125
vt -1.3038516e-08 2.28125
vt -1.3038516e-08 1.65625
vt 0.031249985 1.65625
vt -1.1175871e-08 1.65625
vt -1.1175871e-08 2.28125
vt 3.7252903e-09 2.5244596
vt 0.03125 2.5388324
vt 0.031249998 2.5388324
vt 0 2.5244596
vt -0.044380516 2.5625
vt -0.03282039 2.59375
vt 0.03124997 2.28125
vt 0.03124997 1.65625
vt -0.03282042 1.65625
vt -0.03282042 2.28125
vt 2.5 2.28125
vt 2.5244596 2.28125
vt 9.313226e-10 2.5244596
vt 9.313226e-10 2.5
vt 0.03125 2.5
vt 2.5388324 2.28125
vt -0.15625 -1.65625
vt -0.15625 -1.90625
vt -0.1875 -1.90625
vt -0.1875 -1.65625
vt -0.18749999 -2.25
vt -0.18749999 -2.2111676
vt -0.15624999 -2.2255404
vt -0.15624999 -2.25
vt -2.25 -1.65625
vt -2.2111676 -1.65625
vt -2.2111676 -1.90625
vt -2.25 -1.90625
vt -2.2255404 -1.90625
vt -2.2255404 -1.65625
vt -0.18749999 -1.65625
vt -0.1234296 -1.65625
vt -0.1234296 -2.28125
vt -0.18749999 -2.28125
vt -2.1875 -2.28125
vt -2.15625 -2.28125
vt -2.15625 -1.65625
vt -2.1875 -1.65625
vt -0.1234296 -2.15625
vt -0.11186946 -2.1875
vt -0.11186947 -2.1875
vt -0.15624999 -2.28125
vt -0.11186946 -2.28125
vt -0.11186947 -1.65625
vt -0.15624999 -1.65625
vt -0.15625 -2.28125
vt -0.1875 -2.28125
vt -0.0328204 -2.28125
vt -0.12342961 -2.28125
vt -0.12342961 -1.65625
vt -0.0328204 -1.65625
vt -0.032820385 -2.15625
vt -0.044380512 -2.1875
vt -2.1875002 -2.28125
vt -2.1562502 -2.28125
vt -2.1562502 -1.65625
vt -2.1875002 -1.65625
vt -0.044380527 -2.28125
vt -0.044380527 -1.65625
vt -0.111869484 -1.65625
vt -0.111869484 -2.28125
vt 0.03124997 -2.28125
vt -0.03282042 -2.28125
vt -0.032820415 -1.65625
vt 0.03124997 -1.65625
vt 4.656613e-10 -2.2255404
vt -0.044380516 -2.1875
vt -0.03282039 -2.15625
vt 0.031249998 -2.2111676
vt 0.03125 -2.2111676
vt -0.03282038 -2.15625
vt -0.04438051 -2.1875
vt 3.7252903e-09 -2.2255404
vt -1.1175871e-08 -1.65625
vt -0.044380523 -1.65625
vt -1.071021e-08 -2.28125
vt 0.031249985 -2.28125
vt 0.031249985 -1.65625
vt -1.3038516e-08 -1.65625
vt -1.2572855e-08 -2.28125
vt -1.3038516e-08 -2.28125
vt 9.313226e-10 -2.25
vt 9.313226e-10 -2.2255404
vt 0.03125 -2.25
vt -2.25 -2.28125
vt -2.2111676 -2.28125
vt -2.2255404 -2.28125
vt -0.15625 2.375
vt -0.15625 1.78125
vt -0.1875 1.78125
vt -0.1875 2.375
vt -2.25 2.375
vt -2.2111676 2.375
vt -2.2111676 1.78125
vt -2.25 1.78125
vt -2.2255404 1.78125
vt -2.2255404 2.375
vt -0.18749999 2.375
vt -0.1234296 2.375
vt -0.1234296 1.78125
vt -0.18749999 1.78125
vt -2.1875 1.78125
vt -2.15625 1.78125
vt -2.15625 2.375
vt -2.1875 2.375
vt -0.15624999 1.78125
vt -0.11186946 1.78125
vt -0.11186947 2.375
vt -0.15624999 2.375
vt -0.0328204 1.78125
vt -0.12342961 1.78125
vt -0.12342961 2.375
vt -0.0328204 2.375
vt -2.1875002 1.78125
vt -2.1562502 1.78125
vt -2.1562502 2.375
vt -2.1875002 2.375
vt -0.044380527 1.78125
vt -0.044380527 2.375
vt -0.111869484 2.375
vt -0.111869484 1.78125
vt 0.03124997 1.78125
vt -0.03282042 1.78125
vt -0.032820415 2.375
vt 0.03124997 2.375
vt -1.1175871e-08 2.375
vt -1.0244548e-08 1.78125
vt 0.031249985 1.78125
vt 0.031249985 2.375
vt -1.3038516e-08 2.375
vt -1.21071935e-08 1.78125
vt -1.3038516e-08 1.78125
vt 0 2.375
vt 0 1.78125
vt 0.031249998 1.78125
vt 0.031249998 2.375
vt 2.5869596 2.375
vt 2.5625 2.375
vt 2.5625 1.78125
vt 2.5869596 1.78125
vt -0.031249985 2.5869596
vt -0.031249985 2.5625
vt -0.062499985 2.5625
vt -0.062499985 2.6013324
vt 2.6013324 1.78125
vt 2.6013324 2.375
vt -1.8626451e-09 1.78125
vt 0.03125 2.375
vt -1.8626451e-09 2.375
vt 0.013130527 2.375
vt -0.031249985 2.375
vt -0.031249987 1.78125
vt 0.013130531 1.78125
vt 0.0015703999 2.65625
vt 0.013130531 2.625
vt -0.031249987 2.5869596
vt -0.031249981 2.5869596
vt 2.65625 2.375
vt 2.625 2.375
vt 2.625 1.78125
vt 2.65625 1.78125
vt -0.06249997 1.78125
vt -0.06249997 2.375
vt 0.0015704148 2.375
vt 0.0015704185 1.78125
vt 0.075630516 2.375
vt 0.075630516 1.78125
vt 0.14311947 1.78125
vt 0.14311947 2.375
vt 2.6562502 2.375
vt 2.6250002 2.375
vt 2.6250002 1.78125
vt 2.6562502 1.78125
vt 0.09217961 2.65625
vt 0.080619484 2.625
vt 0.013130527 2.625
vt 0.1546796 2.375
vt 0.1546796 1.78125
vt 0.06407039 1.78125
vt 0.06407039 2.375
vt 0.21874999 2.375
vt 0.18749999 2.375
vt 0.18749999 1.78125
vt 0.21874999 1.78125
vt 0.15625 2.6013324
vt 0.125 2.5869596
vt 0.15625 2.5625
vt 0.125 2.5625
vt -3.6250002 2.375
vt -3.5937502 2.375
vt -3.5937502 1.78125
vt -3.6250002 1.78125
vt 9.313226e-10 -3.6630404
vt -0.044380516 -3.625
vt -0.03282039 -3.59375
vt 0.031249998 -3.6486676
vt 0.03125 -3.6486676
vt -0.03282038 -3.59375
vt -0.044380512 -3.625
vt 3.7252903e-09 -3.6630404
vt 9.313226e-10 -3.6875
vt 0.03125 -3.6875
vt -3.6875 1.78125
vt -3.6486676 1.78125
vt -3.6486676 2.375
vt -3.6875 2.375
vt -3.6630404 2.375
vt -3.6630404 1.78125
vt -0.11186947 -3.625
vt -0.1234296 -3.59375
vt -0.032820385 -3.59375
vt -3.625 2.375
vt -3.59375 2.375
vt -3.59375 1.78125
vt -3.625 1.78125
vt -0.18749999 -3.6486676
vt -0.11186946 -3.625
vt -0.15624999 -3.6630404
vt -0.18749999 -3.6875
vt -0.15624999 -3.6875
vt 4.0244594 1.78125
vt 4 1.78125
vt 4 2.375
vt 4.0244594 2.375
vt 0.15625 4.0388327
vt 0.15625 4
vt 0.125 4
vt 0.125 4.0244594
vt 4.0388327 2.375
vt 4.0388327 1.78125
vt 0.080619484 4.0625
vt 0.09217961 4.09375
vt 4.0937505 1.78125
vt 4.0625005 1.78125
vt 4.0625005 2.375
vt 4.0937505 2.375
vt 4.09375 1.78125
vt 4.0625 1.78125
vt 4.0625 2.375
vt 4.09375 2.375
vt 0.013130527 4.0625
vt 0.0015703999 4.09375
vt 0.013130531 4.0625
vt -0.031249987 4.0244594
vt -0.062499985 4.0388327
vt -0.031249981 4.0244594
vt -0.031249985 4.0244594
vt -0.031249985 4
vt -0.062499985 4
vt 1.71875 -4.125
vt 1.8125 -4.03125
vt 1.8125 -4.125
vt -4.125 -0.03125
vt -4.03125 -0.03125
vt -4.03125 0.25
vt -4.125 0.25
vt 4.09375 -0
vt 4.09375 -0.03125
vt -1.6875 4.09375
vt -1.6875 4
vt -1.78125 4
vt 3.65625 -0
vt 3.65625 -0.03125
vt 3.75 1.6875
vt 3.65625 1.6875
vt 3.75 1.78125
vt -3.625 -1.71875
vt -3.625 -1.8125
vt -3.71875 -1.8125
vt -3.71875 -0.03125
vt -3.625 -0.03125
vt -3.625 0.25
vt -3.71875 0.25
vt 9.313226e-10 1.5869596
vt 9.313226e-10 1.5625
vt 0.03125 1.5625
vt 0.03125 1.6013325
vt 1.5625 -2.1875
vt 1.5625 -1.28125
vt 1.5869596 -1.28125
vt 1.5869596 -2.1875
vt 1.6013325 -2.1875
vt 1.6013325 -1.28125
vt 0.031249985 -2.1875
vt -1.3038516e-08 -2.1875
vt -0.032820385 1.65625
vt -0.044380512 1.625
vt 3.7252903e-09 1.5869596
vt 1.6250001 -2.1875
vt 1.6250001 -1.28125
vt 1.6562501 -1.28125
vt 1.6562501 -2.1875
vt -1.1175871e-08 -2.1875
vt -0.044380527 -2.1875
vt -0.03282042 -2.1875
vt 0.03124997 -2.1875
vt 0 1.5869596
vt -0.044380516 1.625
vt -0.03282039 1.65625
vt 0.031249998 1.6013325
vt -0.18749999 1.6013325
vt -0.15624999 1.5869596
vt -0.11186947 1.625
vt 1.65625 -2.1875
vt 1.65625 -1.28125
vt 1.625 -1.28125
vt 1.625 -2.1875
vt -0.15625 -2.1875
vt -0.1875 -2.1875
vt -0.15624999 -2.1875
vt -0.18749999 -2.1875
vt -0.1234296 -2.1875
vt -0.18749999 1.5625
vt -0.15624999 1.5625
vt -0.12342961 -2.1875
vt -0.0328204 -2.1875
vt -0.111869484 -2.1875
vt 9.313226e-10 -1.2880404
vt 0.03125 -1.2736675
vt 0.03125 -1.3125
vt 9.313226e-10 -1.3125
vt 0.031249985 2.15625
vt 0.031249985 1.25
vt -1.3038516e-08 1.25
vt -1.3038516e-08 2.15625
vt -1.3125 2.15625
vt -1.3125 1.25
vt -1.2736675 1.25
vt -1.2736675 2.15625
vt -1.2880404 2.15625
vt -1.2880404 1.25
vt -0.03282039 -1.21875
vt 0.031249998 -1.2736675
vt 0 -1.2880404
vt -0.044380516 -1.25
vt 0.03124997 2.15625
vt 0.03124997 1.25
vt -0.03282042 1.25
vt -0.03282042 2.15625
vt -0.044380527 2.15625
vt -0.044380527 1.25
vt -1.1175871e-08 1.25
vt -1.1175871e-08 2.15625
vt -1.2187501 2.15625
vt -1.2187501 1.25
vt -1.2500001 1.25
vt -1.2500001 2.15625
vt -0.044380512 -1.25
vt 3.7252903e-09 -1.2880404
vt -0.032820385 -1.21875
vt -0.11186947 -1.25
vt -0.1234296 -1.21875
vt -1.21875 2.15625
vt -1.21875 1.25
vt -1.25 1.25
vt -1.25 2.15625
vt -0.111869484 2.15625
vt -0.111869484 1.25
vt -0.0328204 2.15625
vt -0.0328204 1.25
vt -0.12342961 1.25
vt -0.12342961 2.15625
vt -0.15624999 -1.3125
vt -0.18749999 -1.3125
vt -0.18749999 -1.2736675
vt -0.15624999 -1.2880404
vt -0.15625 2.15625
vt -0.15625 1.25
vt -0.1875 1.25
vt -0.1875 2.15625
vt -0.1234296 2.15625
vt -0.1234296 1.25
vt -0.18749999 1.25
vt -0.18749999 2.15625
vt -0.15624999 2.15625
vt -0.15624999 1.25
vt -0.11186947 1.25
vt -0.11186947 2.15625
vt 1.65625 -0
vt 1.5625 -0
vt 1.5625 -0.03125
vt 1.65625 -0.03125
vt -2.5 1.65625
vt -2.5 1.5625
vt -2.59375 1.5625
vt -1.625 -0.03125
vt -1.625 0.25
vt -1.53125 0.25
vt 2.625 -1.625
vt 2.53125 -1.625
vt 2.625 -1.53125
vt 1.15625 -0.03125
vt 1.15625 -0
vt 1.25 2.59375
vt 1.25 2.5
vt 1.15625 2.5
vt 1.28125 -0.03125
vt 1.1875 -0.03125
vt 1.1875 -0
vt 1.28125 -0
vt -1.25 0.25
vt -1.15625 0.25
vt -1.15625 -0.03125
vt -1.28125 -2.625
vt -1.1875 -2.53125
vt -1.1875 -2.625
vt -1.28125 0.25
vt -1.1875 -0.03125
vt -1.1875 0.25
vt -1.15625 -0
vt 2.25 -1.25
vt 2.15625 -1.25
vt 2.25 -1.15625
vt 1.28125 0.25
vt 1.1875 0.25
vt -2.125 1.28125
vt -2.125 1.1875
vt -2.21875 1.1875
vt -1.625 -0
vt -1.65625 -2.25
vt -1.5625 -2.15625
vt -1.5625 -2.25
vt -1.65625 -0
vt -1.65625 -0.03125
vt 1.53125 -0.03125
vt 1.625 -0.03125
vt 1.625 0.25
vt 1.53125 0.25
vt 1.625 2.21875
vt 1.625 2.125
vt 1.53125 2.125
vt 1.5625 0.25
vt 1.65625 0.25
vt 0.125 1.5869596
vt 0.15625 1.6013325
vt 0.15625 1.5625
vt 0.125 1.5625
vt 0.15625 4.0625
vt 0.15625 2.65625
vt 0.125 2.65625
vt 0.125 4.0625
vt 1.5625 4.0625
vt 1.5625 2.65625
vt 1.6013325 2.65625
vt 1.6013325 4.0625
vt 1.5869596 4.0625
vt 1.5869596 2.65625
vt 0.09217961 1.65625
vt 0.080619484 1.625
vt 0.15625001 4.0625
vt 0.15625001 2.65625
vt 0.092179626 2.65625
vt 0.092179626 4.0625
vt 0.14311947 4.0625
vt 0.14311947 2.65625
vt 0.18749999 2.65625
vt 0.18749999 4.0625
vt 1.65625 4.0625
vt 1.65625 2.65625
vt 1.625 2.65625
vt 1.625 4.0625
vt 0.013130527 1.625
vt 0.0015703999 1.65625
vt 0.09217961 4.0625
vt 0.0015703999 4.0625
vt 0.013130527 2.65625
vt 0.080619484 2.65625
vt 0.075630516 1.625
vt 0.031249996 1.5869596
vt -1.8626451e-09 1.6013325
vt 0.06407039 1.65625
vt 0.06407039 4.0625
vt 0.06407039 2.65625
vt 1.8626451e-09 2.65625
vt 1.8626451e-09 4.0625
vt 0.031249996 4.0625
vt 0.031249996 2.65625
vt 0.075630516 2.65625
vt 0.075630516 4.0625
vt 0 4.0625
vt 0 2.65625
vt 0.031249998 2.65625
vt 0.031249998 4.0625
vt 0.031249998 1.5625
vt 0 1.5625
vt 0 1.6013325
vt 0.031249998 1.5869596
vt 0 0.28125
vt 0 1.15625
vt 0.031249998 1.15625
vt 0.031249998 0.28125
vt -0.031249985 -3.75
vt -0.031249985 -3.7255404
vt -0.062499985 -3.7111676
vt -0.062499985 -3.75
vt -3.75 0.28125
vt -3.7255404 0.28125
vt -3.7255404 1.15625
vt -3.75 1.15625
vt -3.7111676 1.15625
vt -3.7111676 0.28125
vt -0.06249997 1.15625
vt 0.0015704185 1.15625
vt 0.0015704185 0.28125
vt -0.06249997 0.28125
vt -3.6875 0.28125
vt -3.65625 0.28125
vt -3.65625 1.15625
vt -3.6875 1.15625
vt 0.013130531 -3.6875
vt 0.0015704036 -3.65625
vt -0.031249989 0.28125
vt 0.013130527 0.28125
vt 0.013130527 1.15625
vt -0.031249989 1.15625
vt 0.1546796 0.28125
vt 0.06407039 0.28125
vt 0.06407039 1.15625
vt 0.1546796 1.15625
vt 0.080619484 -3.6875
vt 0.09217961 -3.65625
vt 0.0015703999 -3.65625
vt 0.013130527 -3.6875
vt -3.6875002 0.28125
vt -3.6562502 0.28125
vt -3.6562502 1.15625
vt -3.6875002 1.15625
vt 0.14311947 0.28125
vt 0.14311947 1.15625
vt 0.075630516 1.15625
vt 0.075630516 0.28125
vt 0.18749999 1.15625
vt 0.21874999 1.15625
vt 0.21874999 0.28125
vt 0.18749999 0.28125
vt 0.15625 -3.75
vt 0.15625 -3.7111676
vt 0.125 -3.7255404
vt 0.125 -3.75
vt 3.75 -1.3125
vt 3.65625 -1.3125
vt 3.75 -1.21875
vt -1.21875 -0.03125
vt -1.21875 -0
vt -1.3125 -0
vt -3.6875 1.28125
vt -3.6875 1.1875
vt -3.78125 1.1875
vt -3.78125 -0.03125
vt -3.6875 -0.03125
vt -3.6875 0.25
vt -3.78125 0.25
vt -0.28125 -3.75
vt -0.1875 -3.75
vt -3.75 -0.03125
vt -3.65625 -0.03125
vt -3.65625 -0
vt -3.75 -0
vt -0.28125 -0
vt -0.28125 -0.03125
vt 3.78125 0.25
vt 3.6875 0.25
vt 3.6875 -0.03125
vt 0.3125 3.78125
vt 0.3125 3.6875
vt 0.21875 3.6875
vt 0.1875 0.25
vt 0.28125 0.25
vt 5.46875 -0
vt 5.46875 -0.03125
vt 5.46875 0.0625
vt 5.5625 0.15625
vt -0.09375 0.25
vt -0.1875 0.25
vt -0.09375 -0.03125
vt -5.4375 -0.09375
vt -5.53125 -0.1875
vt -5.53125 -0.03125
vt -5.4375 -0.03125
vt -5.4375 0.25
vt -5.53125 0.25
vt 1.34375 -5.5625
vt 1.4375 -5.46875
vt 1.4375 -5.5625
vt -5.5625 -0.03125
vt -5.46875 -0.03125
vt -5.46875 -0
vt -5.5625 -0
vt 5.53125 0.25
vt 5.4375 0.25
vt 5.4375 -0.03125
vt 5.53125 -0.03125
vt -1.3125 5.53125
vt -1.3125 5.4375
vt -1.40625 5.4375
vt 0 1.65625
vt 0 -0.25
vt 0.031249998 -0.25
vt 0.031249998 1.65625
vt 5.8369594 1.65625
vt 5.8125 1.65625
vt 5.8125 -0.25
vt 5.8369594 -0.25
vt 0.031249998 5.8369594
vt 0.031249998 5.8125
vt 0 5.8125
vt 0 5.8513327
vt 5.8513327 -0.25
vt 5.8513327 1.65625
vt 0.075630516 1.65625
vt 0.031249996 1.65625
vt 0.031249996 -0.25
vt 0.075630516 -0.25
vt 0.06407039 5.90625
vt 0.075630516 5.875
vt 0.03125 5.8369594
vt 1.8626451e-09 5.8513327
vt 5.90625 1.65625
vt 5.875 1.65625
vt 5.875 -0.25
vt 5.90625 -0.25
vt 0.06407039 -0.25
vt 0.14311947 -0.25
vt 0.14311947 1.65625
vt 0.1546796 5.90625
vt 0.14311947 5.875
vt 0.1546796 1.65625
vt 0.1546796 -0.25
vt 0.18749999 -0.25
vt 0.21874999 -0.25
vt 0.21874999 1.65625
vt 0.18749999 1.65625
vt 0.21874999 5.8513327
vt 0.21874999 5.8125
vt 0.18749999 5.8125
vt 0.18749999 5.8369594
vt -1.6875 0.25
vt -1.78125 0.25
vt 5.90625 0.25
vt 5.8125 0.25
vt 5.90625 -0.03125
vt -1.6875 5.90625
vt -1.6875 5.8125
vt -1.78125 5.8125
vt -1.625 0.3125
vt -0.21875 0.3125
vt 4.03125 0.3125
vt 4 0.3125
vt 4.03125 -1.625
vt 4 -1.625
vt 4 -0.21875
vt 4.03125 -0.21875
vt -0.28125 0.25
vt -0.25 0.25
vt 5.875 0.25
vt 5.03125 0.25
vt 5.03125 -0.03125
vt 5.875 -0.03125
vt 5.875 -0.28125
vt 5.03125 -0.28125
vt 5.03125 -0.25
vt 4.8125 0.25
vt 4.03125 0.25
vt 4.8125 -0.03125
vt 4.8125 -0.28125
vt 4.03125 -0.28125
vt 4.8125 -0.25
vt -0.25 0.08323209
vt -0.21875 0.08323209
vt 3.96875 -0.21875
vt 3.9375 -0.21875
vt 3.9375 -0.25
vt 3.96875 -0.25
vt 3.96875 0.090609215
vt 3.9375 0.08323209
vt 3.9375 -0
vt 3.96875 -0
vt -0.21875 0.090609215
vt -0.25 0.090609215
vt -0.25 0.18749999
vt -0.21875 0.18749999
vt -0.21875 0.21874999
vt -0.25 0.21874999
vt 3.9046793 0.21874999
vt 3.8853657 0.18749999
vt 3.9374998 0.08323209
vt 3.9687498 0.090609215
vt 3.9046795 0.21874999
vt 3.8140702 0.21874999
vt 3.8333838 0.18749999
vt 3.885366 0.18749999
vt 3.885366 -0.25
vt 3.8333838 -0.25
vt 3.8333838 -0.21875
vt 3.885366 -0.21875
vt 3.9046795 -0.21875
vt 3.8140702 -0.21875
vt 3.8140702 -0.25
vt 3.9046795 -0.25
vt 3.78125 -0.25
vt 3.75 -0.21875
vt 3.78125 -0.21875
vt 3.833384 0.18749999
vt 3.8140705 0.21874999
vt 3.7500002 0.090609215
vt 3.7812502 0.08323209
vt 3.78125 0.08323209
vt 3.75 0.090609215
vt -0.21875 0.15625
vt -0.25 0.15625
vt 5 0.25
vt 4.96875 0.25
vt 4.96875 0.15625
vt 5 0.15625
vt 5 -0.25
vt 4.96875 -0.25
vt 4.96875 -0.21875
vt 5 -0.21875
vt 4.875 0.25
vt 4.84375 0.25
vt 4.84375 0.15625
vt 4.875 0.15625
vt 4.875 -0.25
vt 4.84375 -0.25
vt 4.84375 -0.21875
vt 4.875 -0.21875
vt -0.21875 0.21875
vt -0.25 0.21875
vt 4.8125 0.21875
vt 4.875 0.21875
vt 4.8125 -0.21875
vt 4.96875 0.21875
vt 5.03125 0.21875
vt 5.03125 -0.21875
vt -1.59375 0.3125
vt -0.28125 0.3125
vt 5.84375 0.3125
vt 5.8125 0.3125
vt 5.84375 -1.59375
vt 5.8125 -1.59375
vt 5.8125 -0.28125
vt 5.84375 -0.28125
vt 1.59375 -0.03125
vt 1.59375 0.3125
vt 1.5625 0.3125
vt 1.59375 5.84375
vt 1.59375 4.03125
vt 1.5625 4.03125
vt 1.5625 5.84375
vt -0.0625 0.2888325
vt -0.0625 0.24999999
vt -0.031250007 0.24999999
vt -0.031250007 0.27445954
vt 0.27445954 -2.25
vt 0.27445954 -0.875
vt 0.25 -0.875
vt 0.25 -2.25
vt -0.031250007 -2.25
vt -0.031250007 -0.875
vt -0.0625 -0.875
vt -0.0625 -2.25
vt 0.28883255 -0.875
vt 0.28883255 -2.25
vt -0.06250001 0.28883252
vt -0.03125001 0.27445954
vt 0.013130503 0.3125
vt 0.001570377 0.34375
vt 0.34375 -2.25
vt 0.34375 -0.875
vt 0.3125 -0.875
vt 0.3125 -2.25
vt 0.013130508 -2.25
vt 0.013130508 -0.875
vt -0.031250004 -0.875
vt -0.031250004 -2.25
vt -0.062500015 -2.25
vt -0.062500015 -0.875
vt 0.0015703677 -0.875
vt 0.0015703677 -2.25
vt 0.0921796 0.34375
vt 0.0015703938 0.34375
vt 0.01313052 0.3125
vt 0.08061947 0.3125
vt 0.08061947 -2.25
vt 0.08061947 -0.875
vt 0.01313052 -0.875
vt 0.01313052 -2.25
vt 0.0015703938 -2.25
vt 0.0015703938 -0.875
vt 0.0921796 -0.875
vt 0.0921796 -2.25
vt 0.09217961 0.34375
vt 0.080619484 0.3125
vt 0.125 0.27445954
vt 0.15625 0.28883252
vt 0.12499998 -2.25
vt 0.12499998 -0.875
vt 0.08061946 -0.875
vt 0.08061946 -2.25
vt 0.09217961 -2.25
vt 0.09217961 -0.875
vt 0.125 0.24999999
vt 0.15625 0.24999999
vt 0.15625 0.2888325
vt 0.080619454 0.3125
vt 0.15624994 0.28883252
vt 0.3125 -1.84375
vt 0.34375 -1.84375
vt 0.15624994 -1.84375
vt 0.15624994 -0.875
vt 0.125 -1.84375
vt 0.080619454 -0.875
vt 0.080619454 -1.84375
vt 0.092179656 -1.84375
vt 0.092179656 -0.875
vt 0.15625 -1.84375
vt 0.0015704036 0.34375
vt 0.013130486 0.3125
vt 0.013130486 -0.875
vt 0.013130486 -1.84375
vt 0.0015704036 -1.84375
vt 0.0015704036 -0.875
vt 0.0921796 -1.84375
vt -0.0625 0.28883252
vt -0.03125 0.27445954
vt -0.03125 -1.84375
vt -0.03125 -0.875
vt -0.0625 -1.84375
vt -0.03125 0.24999999
vt 0.27445954 -1.84375
vt 0.25 -1.84375
vt 0.28883255 -1.84375
vt 0.15624994 0.24999999
vt 0.15624994 0.2888325
vt 0.34375 0.0625
vt 0.3125 0.0625
vt 0.3125 1.1875
vt 0.34375 1.1875
vt 1.1250001 1.1875
vt 1.0806196 1.1875
vt 1.0806196 0.0625
vt 1.1250001 0.0625
vt 1.0921795 0.34375
vt 1.0806195 0.3125
vt 1.125 0.27445954
vt 1.15625 0.28883252
vt 1.15625 1.1875
vt 1.125 1.1875
vt 1.125 0.0625
vt 1.15625 0.0625
vt 1.0921795 0.0625
vt 1.0921795 1.1875
vt 0.25 0.0625
vt 0.25 1.1875
vt 0.27445954 1.1875
vt 0.27445954 0.0625
vt 1.15625 0.2888325
vt 1.125 0.24999999
vt 1.15625 0.24999999
vt 0.28883255 0.0625
vt 0.28883255 1.1875
vt 0.96875 0.27445954
vt 0.9375 0.2888325
vt 0.9375 0.24999999
vt 0.96875 0.24999999
vt 0.96875 1.1875
vt 0.9375 1.1875
vt 0.9375 0.0625
vt 0.96875 0.0625
vt 1.0015703 0.0625
vt 1.0015703 1.1875
vt 1.0015703 0.34375
vt 0.9375 0.28883252
vt 1.0131305 0.3125
vt 1.0131307 1.1875
vt 0.9687501 1.1875
vt 0.9687501 0.0625
vt 1.0131307 0.0625
vt 1.0806195 1.1875
vt 1.0131305 1.1875
vt 1.0131305 0.0625
vt 1.0806195 0.0625
vt -1.3247937 0.3125
vt -1.3247937 0.28125
vt -1.5189563 0.28125
vt -1.5189563 0.3125
vt 2.3026967 0.27394104
vt 2.15625 0.27394104
vt 2.15625 0.30519104
vt 2.3026967 0.30519104
vt 2.15625 0.30519092
vt 2.15625 0.27394092
vt 2.3026967 0.27394092
vt 2.3026967 0.30519092
vt 2.5098033 0.3125
vt 2.3026967 0.3125
vt 2.3026967 0.28125
vt 2.5098033 0.28125
vt 2.65625 -1.5189563
vt 2.5098033 -1.65625
vt 2.3026967 -1.65625
vt 2.15625 -1.5189563
vt 2.15625 -1.3247937
vt 2.3026967 -1.1875
vt 2.5098033 -1.1875
vt 2.65625 -1.3247937
vt 2.65625 0.3125
vt 2.65625 0.30519092
vt 2.5098033 0.30519092
vt 2.5098033 0.27394092
vt 2.65625 0.27394092
vt 0.28883255 -4.3125
vt 0.28883255 -2.875
vt 0.25 -2.875
vt 0.25 -4.3125
vt 0.15624994 -4.3125
vt 0.15624994 -2.875
vt 0.125 -2.875
vt 0.125 -4.3125
vt 0.27445954 -2.875
vt 0.27445954 -4.3125
vt 0.3125 -4.3125
vt 0.3125 -2.875
vt 0.34375 -2.875
vt 0.34375 -4.3125
vt 0.080619454 -2.875
vt 0.080619454 -4.3125
vt 0.092179656 -4.3125
vt 0.092179656 -2.875
vt 0.15625 -2.875
vt 0.15625 -4.3125
vt -0.03125 -4.3125
vt -0.03125 -2.875
vt -0.0625 -2.875
vt -0.0625 -4.3125
vt 0.013130486 -4.3125
vt 0.013130486 -2.875
vt 0.0015704036 -2.875
vt 0.0015704036 -4.3125
vt 0.27445954 -4.03125
vt 0.25 -4.03125
vt -0.03125 -4.03125
vt -0.0625 -4.03125
vt 0.28883255 -4.03125
vt 0.0921796 -2.875
vt 0.0921796 -4.3125
vt 0.25 1.21875
vt 0.25 1.96875
vt 0.27445954 1.96875
vt 0.27445954 1.21875
vt 1.15625 1.21875
vt 1.125 1.21875
vt 1.125 1.96875
vt 1.15625 1.96875
vt 0.28883255 1.21875
vt 0.28883255 1.96875
vt 0.34375 1.21875
vt 0.3125 1.21875
vt 0.3125 1.96875
vt 0.34375 1.96875
vt 1.1250001 1.96875
vt 1.0806196 1.96875
vt 1.0806196 1.21875
vt 1.1250001 1.21875
vt 1.0921795 1.21875
vt 1.0921795 1.96875
vt 1.0806195 1.96875
vt 1.0131305 1.96875
vt 1.0131305 1.21875
vt 1.0806195 1.21875
vt 1.0015703 1.21875
vt 1.0015703 1.96875
vt 0.9375 1.21875
vt 0.9375 1.96875
vt 0.96875 1.96875
vt 0.96875 1.21875
vt 1.0131307 1.96875
vt 0.9687501 1.96875
vt 0.9687501 1.21875
vt 1.0131307 1.21875
vt -0.3247937 0.3125
vt -0.3247937 0.28125
vt -0.5189563 0.28125
vt -0.5189563 0.3125
vt 2.65625 -0.5189563
vt 2.5098033 -0.65625
vt 2.3026967 -0.65625
vt 2.15625 -0.5189563
vt 2.15625 -0.3247937
vt 2.3026967 -0.1875
vt 2.5098033 -0.1875
vt 2.65625 -0.3247937
vt -0.062499996 0.2888325
vt -0.062499996 0.24999999
vt 0.27445954 -4.15625
vt 0.27445954 -2.84375
vt 0.25 -2.84375
vt 0.25 -4.15625
vt -0.03125 -4.15625
vt -0.03125 -2.84375
vt -0.062499996 -2.84375
vt -0.062499996 -4.15625
vt 0.28883255 -2.84375
vt 0.28883255 -4.15625
vt -0.062500015 0.28883252
vt -0.03125002 0.27445954
vt 0.013130495 0.3125
vt 0.0015703696 0.34375
vt 0.34375 -4.15625
vt 0.34375 -2.84375
vt 0.3125 -2.84375
vt 0.3125 -4.15625
vt 0.013130514 -4.15625
vt 0.013130514 -2.84375
vt -0.062500015 -4.15625
vt -0.062500015 -2.84375
vt 0.001570364 -2.84375
vt 0.001570364 -4.15625
vt 0.001570405 0.34375
vt 0.013130531 0.3125
vt 0.080619484 -4.15625
vt 0.080619484 -2.84375
vt 0.013130531 -2.84375
vt 0.013130531 -4.15625
vt 0.001570405 -4.15625
vt 0.001570405 -2.84375
vt 0.09217961 -2.84375
vt 0.09217961 -4.15625
vt 0.15625 -4.15625
vt 0.15625 -2.84375
vt 0.125 -2.84375
vt 0.125 -4.15625
vt 0.124999985 -4.15625
vt 0.124999985 -2.84375
vt 0.08061947 -2.84375
vt 0.08061947 -4.15625
vt 0.27445954 -5.40625
vt 0.27445954 -3.75
vt 0.25 -3.75
vt 0.25 -5.40625
vt -0.031250007 -5.40625
vt -0.031250007 -3.75
vt -0.0625 -3.75
vt -0.0625 -5.40625
vt 0.28883255 -3.75
vt 0.28883255 -5.40625
vt -0.062499993 0.28883252
vt -0.031249998 0.27445954
vt 0.013130516 0.3125
vt 0.0015703901 0.34375
vt 0.34375 -5.71875
vt 0.34375 -3.75
vt 0.3125 -3.75
vt 0.3125 -5.71875
vt -0.031250007 -5.71875
vt -0.0625 -5.71875
vt 0.013130529 -5.71875
vt 0.013130529 -3.75
vt -0.031249985 -5.71875
vt -0.06250003 -5.71875
vt -0.06250003 -3.75
vt 0.0015703565 -3.75
vt 0.0015703565 -5.71875
vt 0.0015703975 0.34375
vt 0.013130523 0.3125
vt 0.08061947 -5.71875
vt 0.08061947 -3.75
vt 0.013130523 -3.75
vt 0.013130523 -5.71875
vt 0.0015703975 -5.71875
vt 0.0015703975 -3.75
vt 0.0921796 -3.75
vt 0.0921796 -5.71875
vt 0.15625 -5.71875
vt 0.125 -5.71875
vt 0.124999985 -5.71875
vt 0.124999985 -3.75
vt 0.09217964 -5.71875
vt 0.09217964 -3.75
vt 0.15625003 -3.75
vt 0.15625003 -5.71875
vt 0.28883255 -5.71875
vt 0.25 -5.71875
vt 0.27445954 -5.71875
vt 0.28883255 -1.125
vt 0.25 -1.125
vt 0.25 0.1875
vt 0.28883255 0.1875
vt 2.96875 0.27445954
vt 2.9375 0.2888325
vt 2.9375 0.24999999
vt 2.96875 0.24999999
vt 2.96875 0.1875
vt 2.9375 0.1875
vt 2.9375 -1.125
vt 2.96875 -1.125
vt 0.27445954 -1.125
vt 0.27445954 0.1875
vt 3.0015705 -1.125
vt 3.0015705 0.1875
vt 3.0015705 0.34375
vt 2.9375 0.28883252
vt 3.0131304 0.3125
vt 3.0131304 0.1875
vt 3.0131304 -1.125
vt 0.3125 -1.125
vt 0.34375 -1.125
vt 0.34375 0.1875
vt 0.3125 0.1875
vt 3.0921795 0.34375
vt 3.0806196 0.3125
vt 3.0806196 0.1875
vt 3.0806196 -1.125
vt 3.0921795 -1.125
vt 3.0921795 0.1875
vt 3.125 0.1875
vt 3.125 -1.125
vt 3.125 0.27445954
vt 3.15625 0.28883252
vt 3.15625 0.1875
vt 3.15625 -1.125
vt 3.1562498 -1.125
vt 3.0921793 -1.125
vt 3.0921793 0.1875
vt 3.1562498 0.1875
vt 3.15625 0.2888325
vt 3.125 0.24999999
vt 3.15625 0.24999999
vt 0.09375 0.25
vt 0.09375 0.28125
vt 0.125 0.28125
vt 5.5 0.28125
vt 5.46875 0.28125
vt 5.46875 0.25
vt 5.5 0.25
vt 5.5 0.09375
vt 5.46875 0.09375
vt 5.46875 0.125
vt 5.5 0.125
vt -0.15625 0.25
vt 0.03125 0.28125
vt 5.875 0.28125
vt 5.84375 0.28125
vt 5.84375 0.25
vt 5.875 -0.15625
vt 5.84375 -0.15625
vt 5.84375 0.03125
vt 5.875 0.03125
vt 0.28883255 -1.1875
vt 0.25 -1.1875
vt 0.96875 0.1875
vt 0.9375 0.1875
vt 0.9375 -1.1875
vt 0.96875 -1.1875
vt 0.27445954 -1.1875
vt 1.0015703 -1.1875
vt 1.0015703 0.1875
vt 1.0131307 0.1875
vt 0.9687501 0.1875
vt 0.9687501 -1.1875
vt 1.0131307 -1.1875
vt 0.3125 -1.1875
vt 0.34375 -1.1875
vt 1.0806195 0.1875
vt 1.0131305 0.1875
vt 1.0131305 -1.1875
vt 1.0806195 -1.1875
vt 1.0921795 -1.1875
vt 1.0921795 0.1875
vt 1.1250001 0.1875
vt 1.0806196 0.1875
vt 1.0806196 -1.1875
vt 1.1250001 -1.1875
vt 1.15625 0.1875
vt 1.125 0.1875
vt 1.125 -1.1875
vt 1.15625 -1.1875
vt 0.125 0.21875
vt 0.09375 0.21875
vt -2.59375 0.25
vt -2.5625 0.25
vt -2.5625 0.21875
vt -2.59375 0.21875
vt 0.15625 -2.5625
vt 0.1875 -2.5625
vt -0.28125 0.21875
vt 2.53125 -0.28125
vt 2.53125 -0.25
vt 2.5625 -0.25
vt 2.5625 0.21875
vt 2.53125 0.21875
vt 2.5625 0.25
vt 0.21875 0.21875
vt 0.25 0.21875
vt 0.31250012 2.25
vt 0.28125012 2.21875
vt 0.28125012 2.25
vt 2.25 0.21875
vt 2.21875 0.21875
vt 2.25 0.25
vt 0.3125 0.21875
vt 0.28125 0.21875
vt -0.15625 0.21875
vt -0.125 0.21875
vt -2.1875 0.21875
vt -2.21875 0.21875
vt -2.21875 -0.125
vt -2.21875 -0.15625
vt -1.1875 0.21875
vt -1.21875 0.21875
vt -1.21875 0.25
vt -1.21875 -2.59375
vt -1.21875 -2.5625
vt -1.1875 -2.5625
vt -1.59375 0.25
vt -1.5625 0.25
vt -1.5625 0.21875
vt -1.59375 0.21875
vt 2.59375 -1.59375
vt 2.59375 -1.5625
vt 2.625 -1.5625
vt 2.625 0.21875
vt 2.59375 0.21875
vt 2.59375 0.25
vt 1.59375 0.25
vt 1.59375 0.21875
vt 1.625 0.21875
vt 1.5625001 2.25
vt 1.5312501 2.21875
vt 1.5312501 2.25
vt 1.21875 0.21875
vt 1.25 0.21875
vt 1.25 0.25
vt 1.21875 0.25
vt -2.21875 1.25
vt -2.1875 1.25
vt -2.21875 1.21875
vt 0.25 1.125
vt 0.27445954 1.125
vt 2.125 0.0625
vt 2.125 1.125
vt 2.15625 1.125
vt 2.15625 0.2888325
vt 2.125 0.27445954
vt 2.125 0.24999999
vt 2.15625 0.24999999
vt 0.28883255 1.125
vt 0.3125 1.125
vt 0.34375 1.125
vt 2.0806196 1.125
vt 2.0806196 0.0625
vt 2.0921798 0.34375
vt 2.0806196 0.3125
vt 2.15625 0.28883252
vt 2.1562498 0.0625
vt 2.0921795 0.0625
vt 2.0921795 1.125
vt 2.1562498 1.125
vt 2.0015702 0.0625
vt 1.9374999 0.0625
vt 1.9374999 1.125
vt 2.0015702 1.125
vt 1.96875 1.125
vt 1.9375 1.125
vt 1.9375 0.0625
vt 1.96875 0.0625
vt 2.0015705 0.34375
vt 1.9375 0.28883252
vt 1.96875 0.27445954
vt 2.0131307 0.3125
vt 2.0131307 1.125
vt 2.0131307 0.0625
vt 1.9375 0.2888325
vt 1.9375 0.24999999
vt 1.96875 0.24999999
vt 2.0921798 0.0625
vt 2.0015705 0.0625
vt 2.0015705 1.125
vt 2.0921798 1.125
vt 0.0625 0.28125
vt 0.03125 0.3125
vt 0.0625 0.3125
vt 5.75 0.3125
vt 5.5 0.3125
vt 5.75 0.28125
vt 5.75 0.03125
vt 5.5 0.03125
vt 5.5 0.0625
vt 5.75 0.0625
vt 4.71875 0.3125
vt 4.5 0.3125
vt 4.5 0.28125
vt 4.71875 0.28125
vt 4.71875 0.03125
vt 4.5 0.03125
vt 4.5 0.0625
vt 4.71875 0.0625
vt -0.21875 0.24320956
vt -1.59375 0.24320956
vt 4 0.24320956
vt 5.84375 0.24320956
vt 4 -1.59375
vt 5.84375 -0.21875
vt -0.875 0.27445954
vt -0.875 0.24999999
vt -0.84375 0.24999999
vt -0.84375 0.2888325
vt -0.84375 -4.3125
vt -0.84375 -2.84375
vt -0.875 -2.84375
vt -0.875 -4.3125
vt -0.9078204 0.34375
vt -0.9193805 0.3125
vt -0.84375 0.28883252
vt -0.87499994 -4.3125
vt -0.87499994 -2.84375
vt -0.9193804 -2.84375
vt -0.9193804 -4.3125
vt -0.90782034 -4.3125
vt -0.90782034 -2.84375
vt -0.84374994 -2.84375
vt -0.84374994 -4.3125
vt -0.99842954 0.34375
vt -0.98686945 0.3125
vt -0.9193805 -4.3125
vt -0.9193805 -2.84375
vt -0.98686945 -2.84375
vt -0.98686945 -4.3125
vt -0.99842954 -4.3125
vt -0.99842954 -2.84375
vt -0.9078204 -2.84375
vt -0.9078204 -4.3125
vt -1.0625 0.28883252
vt -1.03125 0.27445954
vt -1.03125 -4.3125
vt -1.03125 -2.84375
vt -1.0625 -2.84375
vt -1.0625 -4.3125
vt -1.0625001 -4.3125
vt -1.0625001 -2.84375
vt -0.99842966 -2.84375
vt -0.99842966 -4.3125
vt -1.0625 0.2888325
vt -1.0625 0.24999999
vt -1.03125 0.24999999
vt -1.03125 -4.03125
vt -1.0625 -4.03125
vt 1.6752063 0.3125
vt 1.6752063 0.28125
vt 1.4810437 0.28125
vt 1.4810437 0.3125
vt 2.65625 1.4810437
vt 2.5098033 1.34375
vt 2.3026967 1.34375
vt 2.15625 1.4810437
vt 2.15625 1.6752063
vt 2.3026967 1.8125
vt 2.5098033 1.8125
vt 2.65625 1.6752063
vt 0.28883255 -2.3125
vt 0.28883255 -1.46875
vt 0.25 -1.46875
vt 0.25 -2.3125
vt -0.84375 -2.3125
vt -0.84375 -1.46875
vt -0.875 -1.46875
vt -0.875 -2.3125
vt 0.27445954 -1.46875
vt 0.27445954 -2.3125
vt 0.3125 -2.3125
vt 0.3125 -1.46875
vt 0.34375 -1.46875
vt 0.34375 -2.3125
vt -0.87499994 -2.3125
vt -0.87499994 -1.46875
vt -0.9193804 -1.46875
vt -0.9193804 -2.3125
vt -0.90782034 -2.3125
vt -0.90782034 -1.46875
vt -0.84374994 -1.46875
vt -0.84374994 -2.3125
vt -0.9193805 -2.3125
vt -0.9193805 -1.46875
vt -0.98686945 -1.46875
vt -0.98686945 -2.3125
vt -0.99842954 -2.3125
vt -0.99842954 -1.46875
vt -0.9078204 -1.46875
vt -0.9078204 -2.3125
vt -1.03125 -2.3125
vt -1.03125 -1.46875
vt -1.0625 -1.46875
vt -1.0625 -2.3125
vt -1.0625001 -2.3125
vt -1.0625001 -1.46875
vt -0.99842966 -1.46875
vt -0.99842966 -2.3125
vt 0.27445954 -2.34375
vt 0.25 -2.34375
vt -1.03125 -2.34375
vt -1.0625 -2.34375
vt 0.28883255 -2.34375
vt 0.25 -1.40625
vt 0.27445954 -1.40625
vt 1.15625 -2.125
vt 1.125 -2.125
vt 1.125 -1.40625
vt 1.15625 -1.40625
vt 0.28883255 -1.40625
vt 0.3125 -1.40625
vt 0.34375 -1.40625
vt 1.1250001 -1.40625
vt 1.0806196 -1.40625
vt 1.0806196 -2.125
vt 1.1250001 -2.125
vt 1.0921795 -2.125
vt 1.0921795 -1.40625
vt 1.0806195 -1.40625
vt 1.0131305 -1.40625
vt 1.0131305 -2.125
vt 1.0806195 -2.125
vt 1.0015703 -2.125
vt 1.0015703 -1.40625
vt 0.9375 -2.125
vt 0.9375 -1.40625
vt 0.96875 -1.40625
vt 0.96875 -2.125
vt 1.0131307 -1.40625
vt 0.9687501 -1.40625
vt 0.9687501 -2.125
vt 1.0131307 -2.125
vt 1.75 0.21875
vt 1.71875 0.21875
vt 1.75 0.25
vt 1.71875 -2.59375
vt 1.71875 -2.5625
vt 1.75 -2.5625
vt 1.34375 0.25
vt 1.375 0.25
vt 1.375 0.21875
vt 1.34375 0.21875
vt 2.59375 1.34375
vt 2.59375 1.375
vt 2.625 1.375
vt -1.375 0.25
vt -1.40625 0.21875
vt -1.375 0.21875
vt -1.375 2.25
vt -1.40625 2.21875
vt -1.40625 2.25
vt -1.78125 0.21875
vt -1.75 0.21875
vt -1.75 0.25
vt -2.21875 -1.75
vt -2.1875 -1.75
vt -2.21875 -1.78125
vt 1.96875 -1.46875
vt 1.9375 -1.46875
vt 1.9375 -2.125
vt 1.96875 -2.125
vt 2.0015702 -2.125
vt 1.9374999 -2.125
vt 1.9374999 -1.40625
vt 2.0015702 -1.40625
vt 1.96875 -1.40625
vt 1.9375 -1.40625
vt 2.0131307 -1.40625
vt 2.0131307 -2.125
vt 2.0806196 -1.40625
vt 2.0806196 -2.125
vt 2.0921798 -2.125
vt 2.0015705 -2.125
vt 2.0015705 -1.40625
vt 2.0921798 -1.40625
vt 2.125 -1.40625
vt 2.125 -2.125
vt 2.15625 -1.40625
vt 2.15625 -2.125
vt 2.1562498 -2.125
vt 2.0921795 -2.125
vt 2.0921795 -1.40625
vt 2.1562498 -1.40625
vt 0.25 -1.5
vt 0.27445954 -1.5
vt 2.125 -1.5
vt 2.15625 -1.5
vt 0.28883255 -1.5
vt 0.3125 -6.6875
vt 0.3125 -4.84375
vt 0.34375 -4.84375
vt 0.34375 -6.6875
vt -0.9193805 -6.6875
vt -0.9193805 -4.84375
vt -0.98686945 -4.84375
vt -0.98686945 -6.6875
vt -0.99842954 -6.6875
vt -0.99842954 -4.84375
vt -0.9078204 -4.84375
vt -0.9078204 -6.6875
vt -0.84375 -6.6875
vt -0.84375 -4.84375
vt -0.875 -4.84375
vt -0.875 -6.6875
vt -0.87499994 -6.6875
vt -0.87499994 -4.84375
vt -0.9193804 -4.84375
vt -0.9193804 -6.6875
vt -0.90782046 -6.6875
vt -0.90782046 -4.84375
vt -0.84375006 -4.84375
vt -0.84375006 -6.6875
vt 0.28883255 -6.375
vt 0.28883255 -4.84375
vt 0.25 -4.84375
vt 0.25 -6.375
vt -0.84375 -6.375
vt -0.875 -6.375
vt 0.27445954 -4.84375
vt 0.27445954 -6.375
vt 0.27445954 -6.6875
vt 0.25 -6.6875
vt -1.03125 -6.6875
vt -1.03125 -4.84375
vt -1.0625 -4.84375
vt -1.0625 -6.6875
vt 0.28883255 -6.6875
vt -0.9868696 -6.6875
vt -0.9868696 -4.84375
vt -1.0312501 -4.84375
vt -1.0312501 -6.6875
vt 1.0625 0.28125
vt 1.03125 0.28125
vt 1.03125 0.3125
vt 1.0625 0.3125
vt 5.78125 0.3125
vt 5.78125 0.28125
vt 5.78125 1.03125
vt 5.5 1.03125
vt 5.5 1.0625
vt 5.78125 1.0625

# normals
vn -1 0 0
vn 0 0 1
vn 0 -1 -0
vn -0 1 -0
vn 0 -0 -1
vn 1 0 0
vn -4.375601536010041e-11 0.9030615623450106 -0.4295111344482104
vn -3.041454304913748e-11 -0.3368242820674987 0.941567524402639
vn -2.6876872504072655e-11 0.5547002000691273 0.8320502917752448
vn 2.6876918875734547e-11 -0.5547001980564115 -0.8320502931170553
vn -1.0966837588843463e-16 1 1.0851084384032037e-14
vn 3.4220642513847867e-10 0.3368242786944148 -0.9415675256092827
vn 0 -0.9030615630759861 0.42951113291130977
vn 2.1519213931296364e-16 0.9030615630759055 0.4295111329114792
vn -1.3089818989024294e-10 -0.9030615651622433 -0.42951112852488404
vn -9.09872593798418e-11 0.3368242768100817 0.9415675262833598
vn -8.040353342924533e-11 -0.5547002009292212 0.8320502912018489
vn 8.040343517497178e-11 0.5547001992496096 -0.8320502923215901
vn 6.49886689802941e-17 -1 -1.1347539225129011e-14
vn 3.4220644111392103e-10 -0.3368242786935748 -0.9415675256095831
vn -1.9934031126078882e-11 0.9030615623451099 -0.4295111344480013
vn -1.3855979300965892e-11 -0.3368242820676114 0.9415675244025987
vn -1.2244325865924722e-11 0.5547002000694752 0.832050291775013
vn 1.2244359568266254e-11 -0.5547001980564704 -0.8320502931170163
vn -2.343804182590028e-16 1 1.1773071946067628e-14
vn 1.558936554274016e-10 0.33682427869430787 -0.9415675256093209
vn 2.1165994510710663e-16 -0.9030615630760659 0.4295111329111422
vn 6.327518358987478e-16 0.9030615630755063 0.4295111329123184
vn -5.963163824060171e-11 -0.9030615651622029 -0.42951112852496903
vn -4.1449494643272786e-11 0.3368242768102271 0.9415675262833078
vn -3.6628379651166177e-11 -0.5547002009292189 0.8320502912018504
vn 3.662829698094638e-11 0.5547001992494669 -0.8320502923216853
vn -6.414621916298867e-16 -1 -2.269507845026459e-15
vn 1.558937942543347e-10 -0.3368242786935374 -0.9415675256095966
vn -1.9933509774213736e-11 -0.9030615623450747 0.4295111344480752
vn -1.3855413180753554e-11 0.3368242820678235 -0.9415675244025227
vn -1.2244023613536469e-11 -0.5547002000693506 -0.8320502917750959
vn 1.2244039920163347e-11 0.554700198056532 0.8320502931169752
vn -2.9605947323337506e-16 -1 -4.539015690050981e-15
vn 1.5589378341353345e-10 -0.3368242786944152 0.9415675256092825
vn 1.069439722646339e-16 0.9030615630759861 -0.42951113291130977
vn 6.238398382099731e-16 -0.9030615630754195 -0.4295111329125009
vn -5.963158254061339e-11 0.903061565162163 0.4295111285250527
vn -4.1449567849136414e-11 -0.33682427681010574 -0.9415675262833512
vn -3.6628365807083794e-11 0.5547002009291493 -0.832050291201897
vn 3.662834679251406e-11 -0.5547001992493272 0.8320502923217782
vn -9.362880841005487e-16 1 -4.539015690052918e-15
vn 1.5589371635188616e-10 0.3368242786935677 0.9415675256095858
vn -1.3589129821411916e-15 1 -3.0496511667541935e-15
vn 5.612169860259166e-10 0.3368242786938236 0.9415675256094941
vn -2.1467537349290037e-10 0.9030615651618393 0.4295111285257333
vn -1.4921803773177582e-10 -0.33682427680996024 -0.9415675262834033
vn -1.3186342087306446e-10 0.5547002009294302 -0.8320502912017096
vn 1.3186192480255022e-10 -0.554700199249419 0.8320502923217169
vn 9.624957503815343e-17 0.9030615630758257 -0.42951113291164666
vn 6.416638335875253e-16 -0.9030615630755946 -0.429511132912133
vn -7.176233559631621e-11 -0.903061562344938 0.4295111344483631
vn -4.988036642661718e-11 0.33682428206791004 -0.9415675244024918
vn -4.4079594010645727e-11 -0.554700200069028 -0.8320502917753112
vn 4.4078523795468846e-11 0.5547001980568386 0.8320502931167706
vn -2.486899575160351e-16 -1 -0
vn 5.612168234997079e-10 -0.33682427869453396 0.9415675256092401
vn -1.0302869695576068e-15 -1 4.539015690050116e-15
vn 5.6121717799001e-10 -0.33682427869354026 -0.9415675256095954
vn -2.1467482807862276e-10 -0.9030615651617645 -0.4295111285258906
vn -1.492188377733627e-10 0.3368242768099308 0.9415675262834137
vn -1.3186274955226173e-10 -0.5547002009294494 0.8320502912016968
vn 1.3186273727386773e-10 0.5547001992494504 -0.832050292321696
vn 3.208319167938451e-16 -0.9030615630758267 0.42951113291164467
vn 6.737470252669004e-16 0.903061563075593 0.42951113291213594
vn -7.176140518375817e-11 0.9030615623449367 -0.42951113444836536
vn -4.988082300840023e-11 -0.3368242820676984 0.9415675244025675
vn -4.4079144933262805e-11 0.5547002000690641 0.832050291775287
vn 4.407901039583172e-11 -0.5547001980567347 -0.83205029311684
vn -2.3980817331903383e-16 1 -0
vn 5.612169085214788e-10 0.33682427869452936 -0.9415675256092416
vn -4.7387568124244473e-17 0.9999999999999998 -1.4901148945272679e-08
vn 3.422061504678897e-10 0.33682429188440505 0.9415675208908648
vn -1.3089833736871793e-10 0.9030615703817261 0.42951111755074584
vn -9.099169070015605e-11 -0.33682429000097636 -0.9415675215646183
vn -8.040350159165533e-11 0.5547001843546426 -0.8320503022515678
vn 8.040761982401799e-11 -0.5547001818830518 0.8320503038992951
vn 9.781460821328088e-17 0.9030615578564819 -0.42951114388549244
vn 1.9562921868793504e-16 -0.9030615682954096 -0.4295111219372964
vn -4.3756328113945886e-11 -0.903061557125505 0.4295111454223958
vn -3.0415165845818734e-11 0.33682426887670697 -0.9415675291213433
vn -2.6877080392832018e-11 -0.5547002213445799 -0.8320502775916093
vn 2.6877065668332784e-11 0.5547002186793015 0.8320502793684615
vn -3.8993198915458713e-16 -0.9999999999999998 1.490114927961646e-08
vn 3.4220605725568416e-10 -0.33682426550341393 0.941567530328062
vn -4.306319610865416e-16 -1 1.490114927961626e-08
vn 4.2516496593055466e-10 -0.3368242655034108 0.9415675303280631
vn -5.436423877906086e-11 -0.9030615571255048 0.4295111454223958
vn -3.778842503507243e-11 0.3368242688768639 -0.9415675291212873
vn -3.3393116444410955e-11 -0.55470022134453 -0.8320502775916426
vn 3.339304444756052e-11 0.5547002186793663 0.8320502793684185
vn 9.722179240592767e-17 0.9030615578564819 -0.42951114388549244
vn 2.1874903544196406e-16 -0.903061568295411 -0.42951112193729385
vn -1.6263492560990948e-10 0.9030615703817105 0.42951111755077875
vn -1.1304903570838787e-10 -0.3368242900007888 -0.9415675215646856
vn -9.989753321047732e-11 0.5547001843545956 -0.8320503022515991
vn 9.989911882522215e-11 -0.5547001818829261 0.8320503038993788
vn -6.055761952500853e-17 1 -1.4901148945272566e-08
vn 4.2516503928867774e-10 0.3368242918843933 0.941567520890869
vn -3.262417465115119e-15 1 1.1882386979397588e-15
vn 0.9415675256094331 0.33682427869399423 -3.792092545026985e-10
vn -0.9415675262834127 -0.33682427680993393 1.0082864367109499e-10
vn -0.8320502912020914 0.5547002009288573 8.911405287744599e-11
vn 0.4295111285261232 0.9030615651616539 1.450735054980186e-10
vn 0.8320502923218176 -0.5547001992492683 -8.911053853912571e-11
vn -0.4295111329121477 -0.9030615630755876 1.557552244704842e-14
vn -0.42951113291164406 0.9030615630758271 -7.478852114451121e-15
vn -0.9415675244029883 0.33682428206652204 3.369485800574132e-11
vn -0.8320502917754597 -0.5547002000688048 2.97493247980013e-11
vn 0.42951113444832645 -0.9030615623449553 4.843616786182386e-11
vn 0.8320502931166563 0.5547001980570101 -2.9770961675914504e-11
vn 0 -1 2.1604339938651696e-16
vn 0.9415675256093435 -0.33682427869424475 -3.7918976482864504e-10
vn -0.4295111329121266 -0.9030615630755976 3.802001442540383e-14
vn -0.42951113291128296 0.9030615630759988 -2.5981656118935084e-14
vn -3.262417465115119e-15 1 1.2648612333627632e-15
vn 0.941567525609448 0.3368242786939523 -5.010956050766769e-10
vn -0.9415675262833968 -0.3368242768099784 1.3323710720545557e-10
vn -0.8320502912023344 0.5547002009284931 1.1779051567107073e-10
vn 0.42951112852672724 0.9030615651613666 1.9173648721975536e-10
vn 0.8320502923218374 -0.5547001992492387 -1.1777299773038486e-10
vn -0.9415675244032236 0.3368242820658642 4.452600142276356e-11
vn -0.8320502917755428 -0.5547002000686805 3.9314511018895485e-11
vn 0.42951113444764943 -0.9030615623452773 6.400470693749254e-11
vn 0.8320502931164704 0.554700198057289 -3.9320424758353905e-11
vn 0 -1 2.220446049250313e-16
vn 0.9415675256093435 -0.33682427869424475 -5.010721892378524e-10
vn -0.7071067811865476 0 -0.7071067811865476
vn 0.7071067811865476 0 0.7071067811865476
vn -0.7071067811865476 0 0.7071067811865476
vn 0.7071067811865476 -0 -0.7071067811865476
vn -2.3418766925686896e-16 1 -0
vn 4.38451336992373e-10 0.336824278694529 -0.9415675256092417
vn -5.6063948709719915e-11 0.9030615623449388 -0.4295111344483611
vn -3.896932183345196e-11 -0.3368242820679507 0.9415675244024773
vn -3.4436939751276894e-11 0.5547002000690946 0.8320502917752668
vn 3.4436945893871655e-11 -0.554700198056776 -0.8320502931168124
vn 3.258449154937489e-16 -0.9030615630758267 0.42951113291164467
vn 5.26364863489766e-16 0.9030615630755932 0.42951113291213594
vn -1.6771496008636704e-10 -0.9030615651618045 -0.429511128525807
vn -1.1657742608042284e-10 0.3368242768100692 0.9415675262833643
vn -1.0301794383219269e-10 -0.5547002009294935 0.8320502912016675
vn 1.0301791745546196e-10 0.5547001992495555 -0.832050292321626
vn -1.1379786012976058e-15 -1 2.2695078450250373e-15
vn 4.3845049853502635e-10 -0.33682427869353776 -0.9415675256095963
vn -2.361747161475333e-16 1 -0
vn 2.55098229860323e-10 0.33682427869457393 -0.9415675256092257
vn -3.2619031995472966e-11 0.9030615623449791 -0.42951113444827643
vn -2.2673367456523183e-11 -0.3368242820677671 0.9415675244025429
vn -2.0036069025376213e-11 0.5547002000692035 0.8320502917751941
vn 2.0036046344585854e-11 -0.5547001980566897 -0.8320502931168698
vn 3.718733581019655e-16 -0.9030615630758478 0.42951113291160053
vn 4.0833153046479334e-16 0.9030615630756046 0.4295111329121117
vn -9.757943814192815e-11 -0.9030615651617757 -0.42951112852586715
vn -6.782723446789341e-11 0.33682427681003674 0.941567526283376
vn -5.993767985611381e-11 -0.5547002009297419 0.8320502912015019
vn 5.993757202102463e-11 0.5547001992495592 -0.8320502923216236
vn -9.204758173950074e-16 -1 2.2695078450237397e-15
vn 2.5509852804935493e-10 -0.3368242786932656 -0.9415675256096937
vn 0.42951113291164406 -0.9030615630758271 -7.478852114451121e-15
vn 0.42951113291214704 0.9030615630755879 1.556468353094053e-14
vn -0.8320502923218176 0.5547001992492682 -8.91105451968655e-11
vn -0.42951112852612283 -0.903061565161654 1.4507351633693476e-10
vn 0.8320502912020914 -0.5547002009288573 8.911404740815222e-11
vn 0.9415675262834127 0.3368242768099341 1.0082864586852737e-10
vn -0.9415675256094331 -0.3368242786939943 -3.792092504599951e-10
vn 3.40426170272882e-15 -1 1.2002411090739143e-15
vn -0.8320502931166563 -0.5547001980570101 -2.9770961675914504e-11
vn -0.42951113444832645 0.9030615623449553 4.843616786182386e-11
vn 0.8320502917754597 0.5547002000688048 2.97493247980013e-11
vn 0.9415675244029883 -0.33682428206652204 3.369485800574132e-11
vn -0.9415675256093435 0.33682427869424475 -3.7918976482864504e-10
vn 0 1 2.1604339938651696e-16
vn -0.9415675256093469 0.33682427869423553 -3.791897648286464e-10
vn -0.8320502931166585 -0.554700198057007 -2.977127990915042e-11
vn 0.9415675244029851 -0.33682428206653126 3.3694858005741204e-11
vn -0.9415675256094331 -0.3368242786939943 -3.7920961209457103e-10
vn 3.404261702728758e-15 -1 1.2002411090739155e-15
vn -0.8320502923218197 0.5547001992492651 -8.9110545196865e-11
vn 0.9415675262834093 0.3368242768099433 1.0082864586852702e-10
vn -0.941567525609448 -0.3368242786939523 -5.010956050766768e-10
vn 3.40426170272882e-15 -1 1.2688263156690562e-15
vn -0.8320502923218374 0.5547001992492387 -1.1777299773038486e-10
vn -0.42951112852672724 -0.9030615651613666 1.9173648721975536e-10
vn 0.8320502912023343 -0.5547002009284933 1.177905228983518e-10
vn 0.9415675262833968 0.3368242768099784 1.332371043017057e-10
vn 0.42951113291128296 -0.9030615630759988 -2.5981656118935084e-14
vn 0.4295111329121267 0.9030615630755974 3.8012852998689675e-14
vn -0.9415675256093435 0.33682427869424475 -5.010721892378524e-10
vn 0 1 2.220446049250313e-16
vn -0.8320502931164704 -0.554700198057289 -3.9320424758353905e-11
vn -0.42951113444764943 0.9030615623452773 6.400470693749254e-11
vn 0.8320502917755428 0.5547002000686805 3.9314511018895485e-11
vn 0.9415675244032236 -0.3368242820658642 4.452600142276356e-11
vn -4.2516491257959367e-10 0.33682429188439506 -0.9415675208908684
vn 6.055761952500853e-17 0.9999999999999999 1.4901148945272614e-08
vn -9.989898289876072e-11 -0.5547001818829266 -0.8320503038993786
vn 9.989753321047793e-11 0.554700184354599 0.832050302251597
vn 1.1304873266249495e-10 -0.33682429000078756 0.9415675215646858
vn 1.6263492560990948e-10 0.9030615703817105 -0.42951111755077875
vn -3.3392820505408336e-11 0.5547002186793659 -0.8320502793684187
vn 3.339299993188143e-11 -0.5547002213445308 0.8320502775916422
vn 3.778829832598753e-11 0.3368242688768668 0.9415675291212862
vn 5.436423877906086e-11 -0.9030615571255048 -0.4295111454223958
vn -4.2516458897102783e-10 -0.33682426550340966 -0.9415675303280633
vn 4.306319610865396e-16 -0.9999999999999999 -1.490114927961619e-08
vn -2.1874903544196406e-16 -0.903061568295411 0.42951112193729385
vn -9.722179240592767e-17 0.9030615578564819 0.42951114388549244
vn 0.9415675256093403 -0.3368242786942536 -1.7537525911906035e-09
vn -0.9415675244040735 0.3368242820634882 6.231491308156403e-11
vn -0.8320502917754214 -0.5547002000688624 5.504787795313978e-11
vn 0.42951113444763045 -0.9030615623452863 8.962006465298489e-11
vn 0.8320502931158577 0.5547001980582082 -5.5048594661654924e-11
vn -0.4295111329119379 -0.9030615630756874 1.3359641535241645e-13
vn -0.4295111329103685 0.9030615630764337 -9.572822317342787e-14
vn -0.9415675262834261 -0.3368242768098964 1.8656387449411748e-10
vn -0.8320502912026806 0.5547002009279737 1.6490155154246868e-10
vn 0.4295111285296837 0.9030615651599604 2.6844488790569095e-10
vn 0.8320502923218339 -0.5547001992492439 -1.6489067695218731e-10
vn -4.2553271284100976e-15 1 1.5293322195916763e-15
vn 0.941567525609453 0.33682427869393866 -7.015346700390619e-10
vn -0.9415675256093403 -0.3368242786942536 1.5784200385369066e-08
vn 0 -1 -2.220446049250313e-16
vn -0.8320503009161091 0.5547001863578307 3.922329931398972e-09
vn -0.42951123958810034 -0.9030615123387185 -5.079310000397109e-09
vn 0.8320502837626402 -0.554700212088034 -3.0534049230092866e-09
vn 0.9415675018185699 0.3368243451995973 -4.925854903060894e-09
vn 0.4295111329105994 0.9030615630763239 1.3346607738631304e-13
vn 0.4295111329119956 -0.9030615630756599 -1.3418794919900092e-13
vn -0.8320502941370773 -0.5547001965263788 3.38216981428391e-09
vn -0.4295111602324484 0.9030615500815966 -5.300310322544356e-09
vn 0.8320502944277708 0.5547001960903384 -3.200600474973803e-09
vn 0.9415675192714795 -0.3368242964112776 -3.827342240989657e-09
vn -0.9415675256094699 0.33682427869389137 6.313707614914487e-09
vn 5.2482363920474744e-15 1 1.0534628724911954e-13
vn -0.9415675256093465 -0.33682427869423665 6.645979139583629e-09
vn 0 -1 -2.337311630789803e-16
vn -0.8320502869235867 0.5547002073466144 3.1507558455790835e-09
vn -0.4295112204300846 -0.9030615214505926 -4.8184244739519594e-09
vn 0.8320502824343491 -0.5547002140804707 -2.693630435690815e-09
vn 0.9415675316887556 0.33682426169969437 -3.571489690615484e-09
vn 0.42951113291066284 0.9030615630762938 1.5121314815212468e-13
vn 0.42951113291211473 -0.9030615630756034 -1.5809414847271746e-13
vn -0.8320502942652042 -0.5547001963341884 3.5428221514433738e-09
vn -0.42951116023222774 0.9030615500817014 -4.839705755723881e-09
vn 0.8320502987129778 0.5547001896625281 -2.4768213692706168e-09
vn 0.9415675190104247 -0.3368242971410369 -4.040959839410028e-09
vn -0.9415675256094699 0.3368242786938914 6.646006607839271e-09
vn 4.8227037116055885e-15 1 7.500725187158328e-14
vn -1.134753814494794e-15 1 -2.337311630789803e-16
vn 0.9415675256093466 0.3368242786942364 6.645979143862835e-09
vn -0.9415675316887556 -0.33682426169969415 -3.571489690615484e-09
vn -0.8320502824343491 0.5547002140804707 -2.693630435690815e-09
vn 0.4295112204300846 0.9030615214505926 -4.8184244739519594e-09
vn 0.8320502869235867 -0.5547002073466143 3.150755845579084e-09
vn -0.4295111329121143 0.9030615630756034 -1.5805193374682355e-13
vn -0.42951113291066284 -0.9030615630762938 1.5121314815212468e-13
vn -0.9415675190104247 0.3368242971410369 -4.040959826572396e-09
vn -0.8320502987129778 -0.5547001896625279 -2.4768213563055438e-09
vn 0.4295111602322276 -0.9030615500817016 -4.839705787384926e-09
vn 0.8320502942652042 0.5547001963341884 3.5428221514433738e-09
vn -5.673769072477163e-15 -1 7.498095711573689e-14
vn 0.9415675256094698 -0.33682427869389153 6.646006607839273e-09
vn -0.9415675190104247 0.3368242971410369 -4.040959124781885e-09
vn -0.8320502987129748 -0.5547001896625324 -2.4768213563055636e-09
vn 0.8320502942652042 0.5547001963341884 3.5428227711607272e-09
vn -0.9415675316887623 -0.33682426169967566 -3.57148898637974e-09
vn -0.832050282434352 0.5547002140804662 -2.6936298072977686e-09
vn 0.8320502869235848 -0.5547002073466175 3.1507564679025365e-09
vn -1.1347538144947733e-15 1 -2.337311630789803e-16
vn 0.9415675256093466 0.3368242786942364 6.6459798456533245e-09
vn -1.3131258532635472e-15 1 -3.1205732869085767e-15
vn 4.838079295611923e-10 0.33682427869340026 0.9415675256096456
vn -1.8506562711027233e-10 0.9030615651618785 0.4295111285256509
vn -1.286364693208323e-10 -0.33682427680996224 -0.9415675262834026
vn -1.1367539786081546e-10 0.5547002009295944 -0.8320502912016001
vn 1.1367428578370618e-10 -0.5547001992495234 0.8320502923216474
vn -6.186422070023656e-11 -0.903061562344937 0.42951113444836503
vn -4.300030556915108e-11 0.33682428206788895 -0.9415675244024995
vn -3.799979650718308e-11 -0.5547002000689709 -0.8320502917753492
vn 3.79987274098864e-11 0.5547001980568563 0.8320502931167589
vn -2.1438789441037507e-16 -1 -0
vn 4.838076064652655e-10 -0.33682427869453396 0.9415675256092401
vn 0 0.903061563075748 -0.4295111329118101
vn 5.946453630229208e-16 -0.9030615630755925 -0.4295111329121372
vn -4.838076797600229e-10 0.33682427869383613 -0.9415675256094896
vn 1.17147671020009e-15 1 2.8368847522738624e-15
vn -1.1367517542085202e-10 -0.5547001992492435 -0.832050292321834
vn 1.1367509664182384e-10 0.5547002009294155 0.8320502912017194
vn 1.2863692911459588e-10 -0.33682427681025306 0.9415675262832984
vn 1.8506503246495e-10 0.9030615651620838 -0.42951112852521955
vn -6.637901726767746e-16 -0.9030615630756277 0.42951113291206333
vn -8.297377158461504e-17 0.903061563075826 0.4295111329116467
vn -4.838076064652747e-10 -0.3368242786944832 -0.9415675256092582
vn 2.1438789441037507e-16 -1 -0
vn -3.799950907202822e-11 0.5547001980568228 -0.8320502931167812
vn 3.799957320912661e-11 -0.554700200068964 0.8320502917753537
vn 4.300070788785022e-11 0.33682428206790693 0.9415675244024928
vn 6.186386114722367e-11 -0.9030615623448934 -0.42951113444845657
vn 0.7071067811865475 0 0.7071067811865475
vn -3.117879003037266e-10 -0.33682429188450264 0.94156752089083
vn 3.9474596439708156e-17 -1 -1.4901149441750246e-08
vn -7.325964955229205e-11 0.5547001818827045 0.8320503038995266
vn 7.325830224835115e-11 -0.5547001843545666 -0.8320503022516186
vn 8.290232734291047e-11 0.3368242900008793 -0.9415675215646532
vn 1.1926566558594372e-10 -0.9030615703818887 0.42951111755040416
vn -3.0300792316775655e-16 0.9030615682954078 -0.42951112193730034
vn -2.049759456558307e-16 -0.9030615578564813 -0.4295111438854934
vn -2.4488594427949157e-11 -0.5547002186792377 0.8320502793685043
vn 2.4487768842314746e-11 0.5547002213442869 -0.8320502775918047
vn 2.7711987579496345e-11 -0.33682426887723826 -0.9415675291211533
vn 3.9866511334134196e-11 0.9030615571254469 0.42951114542251784
vn -3.1178765962135077e-10 0.3368242655034127 0.9415675303280624
vn 3.1579677144893333e-16 0.9999999999999998 1.490114871224186e-08
vn -1.163122748431819e-14 1 -2.821058533607662e-16
vn 0.9415675256093425 0.3368242786942474 2.300047356295065e-10
vn -0.941567524402678 -0.33682428206738935 -2.0444198484403028e-11
vn -0.8320502917747769 0.5547002000698292 -1.8072556446000332e-11
vn 0.42951113444766464 0.9030615623452701 -2.9419277572031553e-11
vn 0.8320502931169262 -0.5547001980566052 1.8070616419004338e-11
vn -0.42951113291215814 0.9030615630755825 -2.498281319295659e-16
vn -0.4295111329109615 -0.9030615630761517 2.0255801959880994e-14
vn 2.2695078018181833e-15 -1 1.790917141916961e-15
vn 0.9415675256096762 -0.33682427869331466 2.3001438769409862e-10
vn -0.9415675262828513 0.3368242768115028 -6.115217978981593e-11
vn -0.8320502912017275 -0.5547002009294036 -5.402077463489147e-11
vn 0.42951112852489703 -0.9030615651622371 -8.794236909150346e-11
vn 0.8320502923219415 0.5547001992490824 5.401808085036539e-11
vn -0.20536557095059507 0.9786853336328977 -8.28199408895449e-15
vn -0.87157553712457 -0.49026123963252205 -1.6809043550510137e-13
vn -0.821045255418811 0.5708631084193996 -0
vn 0.20536557095062855 -0.9786853336328906 -3.9134797068439224e-13
vn 0.8715755371245608 0.49026123963253837 1.959118197174097e-13
vn -0.8210452554187684 -0.5708631084194611 -0
vn 0.8210452554188642 -0.5708631084193234 -0
vn -0.871575537124564 0.490261239632533 -0
vn -0.20536557095064212 -0.9786853336328878 -0
vn 0.8210452554187313 0.5708631084195146 2.0490355007448141e-13
vn 0.8715755371245482 -0.49026123963256096 3.289986978652904e-15
vn 0.2053655709506103 0.9786853336328944 7.736903661670894e-14
vn 0 -1.2482293147644803e-14 1
vn 3.250275992158829e-10 0.9597366481557728 0.28090134600375705
vn -4.7707326235012006e-11 0.5025648348206023 0.8645395229841957
vn -2.8887573648455612e-11 -0.959736647300428 -0.2809013489261555
vn -2.6424185509312752e-11 -0.8778955708994483 0.4788521343746228
vn 2.6424198862754227e-11 0.8778955719544971 -0.4788521324403667
vn -9.598316851792155e-17 -0.5025648331724155 -0.864539523942302
vn 1.5706336666566897e-16 -0.5025648331726129 0.8645395239421872
vn -1.4271920612666107e-10 0.502564828468331 -0.8645395266768299
vn -8.64199573510307e-11 -0.95973664863375 0.28090134437068465
vn -7.904947340806928e-11 -0.8778955704485992 -0.47885213520117953
vn 7.904942742973972e-11 0.877895571329092 0.4788521335869425
vn 4.0371746350005693e-17 1.3617047070154815e-14 -1
vn 3.2502739745211234e-10 0.9597366481560576 -0.2809013460027837
vn -2.0256922056253063e-10 0.5025648284683281 -0.8645395266768315
vn -1.2265890260293786e-10 -0.9597366486336592 0.2809013443709947
vn -1.12199269484877e-10 -0.8778955704486407 -0.4788521352011029
vn 1.1219926963698631e-10 0.8778955713289989 0.47885213358711326
vn 1.9815879952088988e-16 -0.5025648331722686 -0.8645395239423875
vn 3.9631759904157047e-16 -0.5025648331730537 0.864539523941931
vn -6.771403226203115e-11 0.5025648348206027 0.8645395229841955
vn -4.100197334921552e-11 -0.9597366473004837 -0.28090134892596497
vn -3.750538009060096e-11 -0.8778955708995032 0.47885213437452223
vn 3.750551573498058e-11 0.8778955719544955 -0.4788521324403694
vn -2.2920733411616134e-16 -9.078031380105383e-15 1
vn 4.613294406665825e-10 0.9597366481557705 0.28090134600376465
vn -0 9.078031380103385e-15 -1
vn 4.613296606453991e-10 0.9597366481560577 -0.2809013460027834
vn -0.8645395266770023 0.5025648284680342 1.744330708648458e-10
vn -0.478852135200963 -0.8778955704487172 9.661879743696963e-11
vn 0.28090134437073566 -0.9597366486337351 1.0562791526654571e-10
vn 0.4788521335871127 0.8778955713289992 -9.662054849699336e-11
vn -0.28090134600283373 0.959736648156043 -3.972533505268392e-10
vn 0.2809013460036652 0.9597366481557996 -3.972691662593777e-10
vn 1 -1.8156062760222096e-14 7.515440765778846e-24
vn -0.47885213244053954 0.8778955719544029 -3.2292455415142376e-11
vn -0.2809013489260473 -0.9597366473004598 3.5304921717163724e-11
vn 0.4788521343746207 -0.8778955708994494 3.2287540315308855e-11
vn 0.8645395229841021 0.5025648348207634 5.829326570504375e-11
vn -0.8645395239423821 -0.5025648331722777 -3.412734880637527e-16
vn 0.8645395239419924 -0.5025648331729481 -1.0579478129971565e-14
vn -0.6839411288813357 1.7494898429311043e-13 -0.7295372041400794
vn -0.6839411288813326 0 0.7295372041400825
vn 0.6839411288813529 -7.257143052158376e-14 -0.7295372041400635
vn 0.6839411288813623 -2.2808163878211764e-13 0.7295372041400547
vn -0 9.078031380103363e-15 -1
vn 3.108960385907089e-10 0.9597366481560574 -0.2809013460027844
vn -1.3651403994431413e-10 0.5025648284683282 -0.8645395266768316
vn -8.266150806493415e-11 -0.9597366486336717 0.28090134437095227
vn -7.561255117458659e-11 -0.8778955704486815 -0.4788521352010283
vn 7.561255127708763e-11 0.8778955713290397 0.4788521335870383
vn -4.563336956789084e-11 0.5025648348205936 0.8645395229842008
vn -2.763187077939398e-11 -0.9597366473004869 -0.28090134892595403
vn -2.527523572258727e-11 -0.8778955708994473 0.4788521343746247
vn 2.5275557959821983e-11 0.8778955719544977 -0.4788521324403653
vn -1.920385772324595e-16 -9.078031380105362e-15 1
vn 3.865192610990287e-10 0.9597366481557708 0.28090134600376365
vn 1.3354179967712144e-16 -0.5025648331722686 -0.8645395239423875
vn 2.6708359935410104e-16 -0.5025648331730582 0.8645395239419283
vn -0.280901346003032 0.9597366481559849 -5.958656396324847e-10
vn -0.86453952667728 0.5025648284675568 2.6160865347865556e-10
vn -0.4788521352013466 -0.8778955704485081 1.4491070013629955e-10
vn 0.2809013443709975 -0.9597366486336584 1.5841722383057013e-10
vn 0.4788521335870931 0.8778955713290097 -1.449082750776151e-10
vn -0.8645395239425582 -0.5025648331719746 -0
vn 0.8645395239408554 -0.502564833174904 -0
vn -0.4788521324401043 0.8778955719546401 -4.846197703801129e-11
vn -0.28090134892592755 -0.9597366473004947 5.2979800096594515e-11
vn 0.4788521343744338 -0.8778955708995513 4.846731972545191e-11
vn 0.8645395229846146 0.5025648348198819 8.750491115702158e-11
vn 0.28090134600353334 0.9597366481558383 -5.959331602103393e-10
vn 1 -3.6312125520475425e-14 1.1842379154809514e-15
vn 0 -1.1347539225131458e-14 1
vn 3.4050490098392986e-10 0.9597366481557729 0.2809013460037565
vn -4.997918308941979e-11 0.5025648348206019 0.864539522984196
vn -3.026330316218786e-11 -0.9597366473004683 -0.280901348926018
vn -2.768253412909454e-11 -0.8778955708994503 0.47885213437461943
vn 2.7682568306495592e-11 0.8778955719545137 -0.4788521324403361
vn -1.0283910912634451e-16 -0.5025648331724154 -0.8645395239423019
vn 1.64542574602129e-16 -0.5025648331726164 0.8645395239421853
vn -1.4951504799670283e-10 0.5025648284684751 -0.8645395266767462
vn -9.053489636079967e-11 -0.9597366486337746 0.2809013443706004
vn -8.281356351267804e-11 -0.8778955704486605 -0.47885213520106706
vn 8.281356436271973e-11 0.877895571329148 0.4788521335868402
vn 4.229421046191072e-17 1.3617047070154814e-14 -1
vn 3.405049821666387e-10 0.9597366481560582 -0.280901346002782
vn -2.388026883155997e-16 -9.078031380106351e-15 1
vn 2.69834297644682e-10 0.9597366481557579 0.28090134600380773
vn -3.3319685447842873e-11 0.5025648348205738 0.8645395229842122
vn -2.0175447186123118e-11 -0.9597366473005727 -0.28090134892566143
vn -1.8455075438006488e-11 -0.8778955708993623 0.4788521343747803
vn 1.8454996031128005e-11 0.8778955719544055 -0.4788521324405346
vn 3.0013784441318356e-16 -0.5025648331724136 -0.8645395239423029
vn 3.0470847148540507e-16 -0.5025648331727094 0.8645395239421313
vn -9.967753965986238e-11 0.5025648284683282 -0.8645395266768316
vn -6.035649640319627e-11 -0.9597366486336723 0.28090134437095016
vn -5.520950264455127e-11 -0.877895570448564 -0.47885213520124387
vn 5.520950871999838e-11 0.8778955713289518 0.4788521335871996
vn -0 9.078031380103406e-15 -1
vn 2.2700345674877118e-10 0.9597366481560556 -0.2809013460027904
vn 0.2809013460035759 0.9597366481558258 -3.405285654834265e-10
vn 1 -3.631212552046908e-14 6.767073802746513e-16
vn -0.47885213244054425 0.8778955719544002 -2.7680705346891245e-11
vn -0.28090134892610874 -0.9597366473004416 3.025830005338343e-11
vn 0.4788521343745437 -0.8778955708994914 2.768012445072577e-11
vn 0.8645395229836857 0.5025648348214796 4.997589452321543e-11
vn -0.8645395239423768 -0.502564833172287 -0
vn 0.8645395239415333 -0.5025648331737378 -2.340161061006292e-14
vn -0.8645395266771304 0.5025648284678138 1.4951581586211988e-10
vn -0.47885213520096664 -0.8778955704487152 8.281340988571157e-11
vn 0.28090134437068787 -0.9597366486337491 9.052993245963565e-11
vn 0.47885213358713874 0.877895571328985 -8.281003564417291e-11
vn -0.2809013460028312 0.9597366481560438 -3.405025473803318e-10
vn 0.2809013460035298 0.9597366481558393 -3.2504766888997774e-10
vn 1 -1.8156062760232336e-14 6.149172175264712e-24
vn -0.4788521324405127 0.8778955719544175 -2.642295899515721e-11
vn -0.28090134892617613 -0.959736647300422 2.889076535914211e-11
vn 0.4788521343745453 -0.8778955708994904 2.6420944859175622e-11
vn 0.8645395229840166 0.5025648348209103 4.7701470716370105e-11
vn -0.8645395239423821 -0.5025648331722777 -2.792237629612522e-16
vn 0.8645395239419924 -0.5025648331729481 -1.7870320829512084e-14
vn -0.8645395266768422 0.5025648284683097 1.4271964241379412e-10
vn -0.47885213520099085 -0.877895570448702 7.904836990654956e-11
vn 0.28090134437069797 -0.959736648633746 8.643083760176581e-11
vn 0.4788521335871388 0.8778955713289851 -7.905916589752969e-11
vn -0.28090134600284367 0.9597366481560401 -3.2502496315047815e-10
vn 0.7071067811865475 0 -0.7071067811865475
vn -0.7071067811865475 0 0.7071067811865475
vn -0.7071067811865475 0 -0.7071067811865475
vn -0.2809013460028287 0.9597366481560445 -4.2062144595624634e-10
vn -0.8645395266769755 0.5025648284680801 1.8469781457164574e-10
vn -0.47885213520094944 -0.8778955704487246 1.0230497264835908e-10
vn 0.2809013443707273 -0.9597366486337375 1.1184443086325778e-10
vn 0.47885213358707274 0.877895571329021 -1.0230203904603984e-10
vn -0.4788521324404658 0.8778955719544431 -3.4192168239299666e-11
vn -0.28090134892602414 -0.9597366473004665 3.7383878311098054e-11
vn 0.4788521343745861 -0.8778955708994683 3.418780811298803e-11
vn 0.8645395229840541 0.502564834820846 6.173312178671056e-11
vn 0.28090134600357275 0.9597366481558267 -4.2064568856964546e-10
vn 1 -1.8156062760228833e-14 7.957672071984886e-24
vn 0.8645395239419817 -0.5025648331729664 -1.7344723158055635e-14
vn 3.042812292589917e-10 0.9597366481560574 -0.2809013460027844
vn -1.3360948590294575e-10 0.5025648284683282 -0.8645395266768315
vn -8.090270929380759e-11 -0.9597366486336751 0.2809013443709404
vn -7.400388152033177e-11 -0.8778955704486606 -0.47885213520106673
vn 7.40037735903438e-11 0.8778955713290303 0.4788521335870559
vn 0 -0.5025648331721262 -0.8645395239424701
vn 2.6140096958060954e-16 -0.5025648331730582 0.8645395239419283
vn -4.4662446811127215e-11 0.5025648348205936 0.8645395229842009
vn -2.7043902370665692e-11 -0.9597366473004654 -0.2809013489260283
vn -2.4737501918534894e-11 -0.8778955708994652 0.4788521343745916
vn 2.4737746950978458e-11 0.8778955719544823 -0.47885213244039376
vn -1.8698493046318425e-16 -9.078031380105372e-15 1
vn 3.763477163682129e-10 0.9597366481557708 0.28090134600376376
vn -0 1.8156062760207925e-14 -1
vn 5.296747008427886e-10 0.9597366481560617 -0.28090134600276956
vn -2.3257924794503252e-10 0.5025648284682731 -0.8645395266768636
vn -1.408308957485358e-10 -0.9597366486336409 0.28090134437105735
vn -1.288212221488239e-10 -0.8778955704488649 -0.47885213520069253
vn 1.2882125764060635e-10 0.8778955713290856 0.47885213358695444
vn -2.27515658709212e-16 -0.5025648331719931 -0.8645395239425475
vn 1.5926096109633579e-15 -0.5025648331730445 0.8645395239419363
vn -7.774528571394835e-11 0.502564834821172 0.8645395229838645
vn -4.7076359861898493e-11 -0.9597366473004622 -0.28090134892603896
vn -4.306120861693535e-11 -0.8778955708993262 0.4788521343748467
vn 4.306194619408422e-11 0.8778955719545504 -0.4788521324402688
vn 5.107575341367603e-10 0.95973664815577 0.2809013460037665
vn -0.28090134600306355 0.9597366481559757 -6.217707305276135e-10
vn -0.8645395266773653 0.5025648284674098 2.7299042110116875e-10
vn -0.478852135201307 -0.8778955704485296 1.5120310240615292e-10
vn 0.28090134437100567 -0.9597366486336559 1.6530003707997935e-10
vn 0.4788521335870172 0.8778955713290513 -1.5120415233740038e-10
vn -0.8645395239425583 -0.5025648331719748 -0
vn 0.8645395239409301 -0.5025648331747754 -0
vn -0.47885213244010155 0.8778955719546416 -5.057111346796064e-11
vn -0.28090134892566204 -0.9597366473005725 5.5285569171361526e-11
vn 0.47885213437445356 -0.8778955708995405 5.0578316959551035e-11
vn 0.8645395229846145 0.5025648348198818 9.131428001645775e-11
vn 0.28090134600358696 0.9597366481558226 -6.218339934582298e-10
vn 1 -1.81560627602345e-14 1.17637031377465e-23
vn 0.28090134600358696 0.9597366481558226 -6.810562785494897e-10
vn 1 -1.81560627602345e-14 1.2884055817531882e-23
vn 0.8645395239409355 -0.5025648331747663 -0
vn -0.47885213520130465 -0.877895570448531 1.5120280654101733e-10
vn 0.280901344371008 -0.9597366486336553 1.6530003707997924e-10
vn -0.280901346003035 0.9597366481559841 -7.150387268754244e-10
vn -1.0411733534147424e-16 -0.5025648331724155 -0.864539523942302
vn 1.2494080240978836e-15 -0.5025648331721859 0.8645395239424355
vn -1.0643477932815686e-10 0.5025648284683281 -0.8645395266768315
vn -6.444823470885085e-11 -0.9597366486337844 0.28090134437056735
vn -5.89522148001257e-11 -0.8778955704485768 -0.47885213520122033
vn 5.89522162914249e-11 0.877895571329116 0.47885213358689893
vn -0 1.8156062760206976e-14 -1
vn 2.918617960036966e-10 0.9597366481560556 -0.2809013460027905
vn 0 -9.078031380105237e-15 1
vn 2.4239323265797863e-10 0.9597366481557702 0.28090134600376576
vn -3.5578455206783387e-11 0.5025648348205798 0.8645395229842089
vn -2.1542783382976085e-11 -0.9597366473004025 -0.28090134892624247
vn -1.9706346937462587e-11 -0.8778955708994035 0.47885213437470453
vn 1.9705732868006813e-11 0.8778955719544033 -0.4788521324405384

o entity0_brush0
usemtl tex/5sqtunnelroaddark2
f  1/1/1  2/2/1  3/3/1  4/4/1
usemtl tex/5sqtunnelroaddark2
f  5/5/2  3/6/2  2/7/2  6/8/2
usemtl tex/5sqtunnelroaddark2
f  6/9/3  2/10/3  1/11/3  7/12/3
usemtl tex/5sqtunnelroaddark2
f  8/12/4  4/11/4  3/10/4  5/9/4
usemtl tex/5sqtunnelroaddark2
f  7/8/5  1/7/5  4/6/5  8/5/5
usemtl tex/5sqtunnelroaddark2
f  8/4/6  5/3/6  6/2/6  7/1/6

o entity0_brush1
usemtl tex/5sqtunnelroaddark2
f  9/13/1  10/14/1  11/15/1  12/16/1
usemtl tex/5sqtunnelroaddark2
f  13/17/2  11/18/2  10/19/2  14/20/2
usemtl tex/5sqtunnelroaddark2
f  14/21/3  10/22/3  9/23/3  15/24/3
usemtl tex/5sqtunnelroaddark2
f  16/24/4  12/23/4  11/22/4  13/21/4
usemtl tex/5sqtunnelroaddark2
f  15/20/5  9/19/5  12/18/5  16/17/5
usemtl tex/5sqtunnelroaddark2
f  16/16/6  13/15/6  14/14/6  15/13/6

o entity0_brush2
usemtl tex/5sqtunnelroaddark2
f  17/25/1  18/13/1  19/16/1  20/26/1
usemtl tex/5sqtunnelroaddark2
f  21/27/2  19/28/2  18/29/2  22/30/2
usemtl tex/5sqtunnelroaddark2
f  22/31/3  18/32/3  17/33/3  23/34/3
usemtl tex/5sqtunnelroaddark2
f  24/34/4  20/33/4  19/32/4  21/31/4
usemtl tex/5sqtunnelroaddark2
f  23/30/5  17/29/5  20/28/5  24/27/5
usemtl tex/5sqtunnelroaddark2
f  24/26/6  21/16/6  22/13/6  23/25/6

o entity0_brush3
usemtl tex/5sqtunnelroaddark2
f  25/3/1  26/35/1  27/36/1  28/2/1
usemtl tex/5sqtunnelroaddark2
f  29/30/2  27/29/2  26/28/2  30/27/2
usemtl tex/5sqtunnelroaddark2
f  30/37/3  26/38/3  25/39/3  31/40/3
usemtl tex/5sqtunnelroaddark2
f  32/40/4  28/39/4  27/38/4  29/37/4
usemtl tex/5sqtunnelroaddark2
f  31/27/5  25/28/5  28/29/5  32/30/5
usemtl tex/5sqtunnelroaddark2
f  32/2/6  29/36/6  30/35/6  31/3/6

o entity0_brush4
usemtl tex/5sqtunnelroaddark2
f  33/41/1  34/42/1  35/43/1  36/44/1
usemtl tex/5sqtunnelroaddark2
f  37/17/2  35/18/2  34/19/2  38/20/2
usemtl tex/5sqtunnelroaddark2
f  38/45/3  34/46/3  33/47/3  39/48/3
usemtl tex/5sqtunnelroaddark2
f  40/48/4  36/47/4  35/46/4  37/45/4
usemtl tex/5sqtunnelroaddark2
f  39/20/5  33/19/5  36/18/5  40/17/5
usemtl tex/5sqtunnelroaddark2
f  40/44/6  37/43/6  38/42/6  39/41/6

o entity0_brush5
usemtl tex/5sqtunnelroaddark2
f  41/49/1  42/50/1  43/51/1  44/52/1
usemtl tex/5sqtunnelroaddark2
f  45/53/2  43/54/2  42/55/2  46/56/2
usemtl tex/5sqtunnelroaddark2
f  46/57/3  42/58/3  41/59/3  47/60/3
usemtl tex/5sqtunnelroaddark2
f  48/60/4  44/59/4  43/58/4  45/57/4
usemtl tex/5sqtunnelroaddark2
f  47/56/5  41/55/5  44/54/5  48/53/5
usemtl tex/5sqtunnelroaddark2
f  48/52/6  45/51/6  46/50/6  47/49/6

o entity0_brush6
usemtl tex/5sqtunnelroaddark2
f  49/61/1  50/62/1  51/63/1  52/64/1
usemtl tex/5sqtunnelroaddark2
f  53/17/2  51/18/2  50/19/2  54/20/2
usemtl tex/5sqtunnelroaddark2
f  54/65/3  50/66/3  49/67/3  55/68/3
usemtl tex/5sqtunnelroaddark2
f  56/68/4  52/67/4  51/66/4  53/65/4
usemtl tex/5sqtunnelroaddark2
f  55/20/5  49/19/5  52/18/5  56/17/5
usemtl tex/5sqtunnelroaddark2
f  56/64/6  53/63/6  54/62/6  55/61/6

o entity0_brush7
usemtl tex/5sqtunnelroaddark2
f  57/61/1  58/62/1  59/63/1  60/64/1
usemtl tex/5sqtunnelroaddark2
f  61/69/2  59/70/2  58/71/2  62/72/2
usemtl tex/5sqtunnelroaddark2
f  62/73/3  58/74/3  57/75/3  63/76/3
usemtl tex/5sqtunnelroaddark2
f  64/76/4  60/75/4  59/74/4  61/73/4
usemtl tex/5sqtunnelroaddark2
f  63/72/5  57/71/5  60/70/5  64/69/5
usemtl tex/5sqtunnelroaddark2
f  64/64/6  61/63/6  62/62/6  63/61/6

o entity0_brush8
usemtl tex/5sqtunnelroaddark2
f  65/77/1  66/78/1  67/79/1  68/80/1
usemtl tex/5sqtunnelroaddark2
f  69/69/2  67/70/2  66/71/2  70/72/2
usemtl tex/5sqtunnelroaddark2
f  70/81/3  66/82/3  65/83/3  71/84/3
usemtl tex/5sqtunnelroaddark2
f  72/84/4  68/83/4  67/82/4  69/81/4
usemtl tex/5sqtunnelroaddark2
f  71/72/5  65/71/5  68/70/5  72/69/5
usemtl tex/5sqtunnelroaddark2
f  72/80/6  69/79/6  70/78/6  71/77/6

o entity0_brush9
usemtl tex/5sqtunnelroaddark2
f  73/49/1  74/1/1  75/4/1  76/52/1
usemtl tex/5sqtunnelroaddark2
f  77/85/2  75/86/2  74/87/2  78/88/2
usemtl tex/5sqtunnelroaddark2
f  78/89/3  74/90/3  73/91/3  79/92/3
usemtl tex/5sqtunnelroaddark2
f  80/92/4  76/91/4  75/90/4  77/89/4
usemtl tex/5sqtunnelroaddark2
f  79/88/5  73/87/5  76/86/5  80/85/5
usemtl tex/5sqtunnelroaddark2
f  80/52/6  77/4/6  78/1/6  79/49/6

o entity0_brush10
usemtl tex/5sqtunnelroaddark2
f  81/1/1  82/2/1  83/3/1  84/4/1
usemtl tex/5sqtunnelroaddark2
f  85/93/2  83/17/2  82/20/2  86/94/2
usemtl tex/5sqtunnelroaddark2
f  86/95/3  82/96/3  81/97/3  87/98/3
usemtl tex/5sqtunnelroaddark2
f  88/98/4  84/97/4  83/96/4  85/95/4
usemtl tex/5sqtunnelroaddark2
f  87/94/5  81/20/5  84/17/5  88/93/5
usemtl tex/5sqtunnelroaddark2
f  88/4/6  85/3/6  86/2/6  87/1/6

o entity0_brush11
usemtl tex/5sqtunnelroaddark2
f  89/14/1  90/41/1  91/44/1  92/15/1
usemtl tex/5sqtunnelroaddark2
f  93/99/2  91/100/2  90/101/2  94/102/2
usemtl tex/5sqtunnelroaddark2
f  94/103/3  90/104/3  89/105/3  95/106/3
usemtl tex/5sqtunnelroaddark2
f  96/106/4  92/105/4  91/104/4  93/103/4
usemtl tex/5sqtunnelroaddark2
f  95/102/5  89/101/5  92/100/5  96/99/5
usemtl tex/5sqtunnelroaddark2
f  96/15/6  93/44/6  94/41/6  95/14/6

o entity0_brush12
usemtl tex/5sqtunnelroaddark2
f  97/107/1  98/41/1  99/44/1  100/108/1
usemtl tex/5sqtunnelroaddark2
f  101/109/2  99/110/2  98/111/2  102/112/2
usemtl tex/5sqtunnelroaddark2
f  102/113/3  98/114/3  97/115/3  103/116/3
usemtl tex/5sqtunnelroaddark2
f  104/116/4  100/115/4  99/114/4  101/113/4
usemtl tex/5sqtunnelroaddark2
f  103/112/5  97/111/5  100/110/5  104/109/5
usemtl tex/5sqtunnelroaddark2
f  104/108/6  101/44/6  102/41/6  103/107/6

o entity0_brush13
usemtl tex/5sqtunnelroaddark2
f  105/117/1  106/118/1  107/119/1  108/120/1
usemtl tex/5sqtunnelroaddark2
f  109/18/2  107/121/2  106/122/2  110/19/2
usemtl tex/5sqtunnelroaddark2
f  110/123/3  106/124/3  105/125/3  111/126/3
usemtl tex/5sqtunnelroaddark2
f  112/126/4  108/125/4  107/124/4  109/123/4
usemtl tex/5sqtunnelroaddark2
f  111/19/5  105/122/5  108/121/5  112/18/5
usemtl tex/5sqtunnelroaddark2
f  112/120/6  109/119/6  110/118/6  111/117/6

o entity1_brush0
usemtl tex/5sqtunnelroaddark
f  113/127/1  114/128/1  115/129/1  116/130/1
usemtl tex/5sqtunnelroaddark
f  117/131/7  116/132/7  115/133/7  118/134/7
usemtl tex/5sqtunnelroaddark
f  119/135/8  114/136/8  113/137/8  120/138/8
usemtl tex/5sqtunnelroaddark
f  118/139/9  115/140/9  114/136/9  119/135/9
usemtl tex/5sqtunnelroaddark
f  120/141/10  113/142/10  116/143/10  117/144/10
usemtl tex/5sqtunnelroaddark
f  117/130/6  118/129/6  119/128/6  120/127/6

o entity1_brush1
usemtl tex/5sqtunnelroaddark
f  121/145/1  122/146/1  123/147/1  124/148/1
usemtl tex/5sqtunnelroaddark
f  125/149/11  124/150/11  123/151/11  126/152/11
usemtl tex/5sqtunnelroaddark
f  126/135/2  123/136/2  122/137/2  127/138/2
usemtl tex/5sqtunnelroaddark
f  127/153/3  122/154/3  121/155/3  128/156/3
usemtl tex/5sqtunnelroaddark
f  128/138/12  121/137/12  124/136/12  125/135/12
usemtl tex/5sqtunnelroaddark
f  127/146/6  128/145/6  125/148/6  126/147/6

o entity1_brush2
usemtl tex/5sqtunnelroaddark
f  129/157/1  130/158/1  131/159/1  132/160/1
usemtl tex/5sqtunnelroaddark
f  133/161/2  132/162/2  131/140/2  134/139/2
usemtl tex/5sqtunnelroaddark
f  134/134/13  131/133/13  130/132/13  135/131/13
usemtl tex/5sqtunnelroaddark
f  135/163/5  130/164/5  129/165/5  136/166/5
usemtl tex/5sqtunnelroaddark
f  136/131/14  129/132/14  132/133/14  133/134/14
usemtl tex/5sqtunnelroaddark
f  135/158/6  136/157/6  133/160/6  134/159/6

o entity1_brush3
usemtl tex/5sqtunnelroaddark
f  137/167/1  138/168/1  139/169/1  140/170/1
usemtl tex/5sqtunnelroaddark
f  141/134/15  138/133/15  137/132/15  142/131/15
usemtl tex/5sqtunnelroaddark
f  143/171/16  140/172/16  139/173/16  144/174/16
usemtl tex/5sqtunnelroaddark
f  144/175/17  139/176/17  138/177/17  141/178/17
usemtl tex/5sqtunnelroaddark
f  142/179/18  137/180/18  140/172/18  143/171/18
usemtl tex/5sqtunnelroaddark
f  144/169/6  141/168/6  142/167/6  143/170/6

o entity1_brush4
usemtl tex/5sqtunnelroaddark
f  145/169/1  146/181/1  147/182/1  148/170/1
usemtl tex/5sqtunnelroaddark
f  149/171/2  147/172/2  146/173/2  150/174/2
usemtl tex/5sqtunnelroaddark
f  151/156/4  148/155/4  147/154/4  149/153/4
usemtl tex/5sqtunnelroaddark
f  150/152/19  146/151/19  145/150/19  152/149/19
usemtl tex/5sqtunnelroaddark
f  152/174/20  145/173/20  148/172/20  151/171/20
usemtl tex/5sqtunnelroaddark
f  149/182/6  150/181/6  152/169/6  151/170/6

o entity1_brush5
usemtl tex/5sqtunnelroaddark
f  153/145/1  154/148/1  155/129/1  156/130/1
usemtl tex/5sqtunnelroaddark
f  157/183/21  156/184/21  155/185/21  158/186/21
usemtl tex/5sqtunnelroaddark
f  159/187/22  154/188/22  153/189/22  160/190/22
usemtl tex/5sqtunnelroaddark
f  158/191/23  155/192/23  154/193/23  159/194/23
usemtl tex/5sqtunnelroaddark
f  160/190/24  153/189/24  156/195/24  157/196/24
usemtl tex/5sqtunnelroaddark
f  157/130/6  158/129/6  159/148/6  160/145/6

o entity1_brush6
usemtl tex/5sqtunnelroaddark
f  161/197/1  162/198/1  163/199/1  164/200/1
usemtl tex/5sqtunnelroaddark
f  165/201/25  164/202/25  163/203/25  166/204/25
usemtl tex/5sqtunnelroaddark
f  166/187/2  163/188/2  162/189/2  167/190/2
usemtl tex/5sqtunnelroaddark
f  167/205/3  162/206/3  161/207/3  168/208/3
usemtl tex/5sqtunnelroaddark
f  168/190/26  161/189/26  164/188/26  165/187/26
usemtl tex/5sqtunnelroaddark
f  167/198/6  168/197/6  165/200/6  166/199/6

o entity1_brush7
usemtl tex/5sqtunnelroaddark
f  169/157/1  170/158/1  171/159/1  172/209/1
usemtl tex/5sqtunnelroaddark
f  173/210/2  172/211/2  171/192/2  174/191/2
usemtl tex/5sqtunnelroaddark
f  175/196/5  170/195/5  169/212/5  176/213/5
usemtl tex/5sqtunnelroaddark
f  174/186/27  171/185/27  170/184/27  175/183/27
usemtl tex/5sqtunnelroaddark
f  176/183/28  169/184/28  172/185/28  173/186/28
usemtl tex/5sqtunnelroaddark
f  173/209/6  174/159/6  175/158/6  176/157/6

o entity1_brush8
usemtl tex/5sqtunnelroaddark
f  177/214/1  178/215/1  179/216/1  180/217/1
usemtl tex/5sqtunnelroaddark
f  181/186/29  178/185/29  177/184/29  182/183/29
usemtl tex/5sqtunnelroaddark
f  183/218/30  180/219/30  179/220/30  184/221/30
usemtl tex/5sqtunnelroaddark
f  184/221/31  179/220/31  178/211/31  181/210/31
usemtl tex/5sqtunnelroaddark
f  182/213/32  177/212/32  180/219/32  183/218/32
usemtl tex/5sqtunnelroaddark
f  184/216/6  181/215/6  182/214/6  183/217/6

o entity1_brush9
usemtl tex/5sqtunnelroaddark
f  185/216/1  186/222/1  187/223/1  188/217/1
usemtl tex/5sqtunnelroaddark
f  189/204/33  186/203/33  185/202/33  190/201/33
usemtl tex/5sqtunnelroaddark
f  191/218/2  187/219/2  186/220/2  189/221/2
usemtl tex/5sqtunnelroaddark
f  192/208/4  188/207/4  187/206/4  191/205/4
usemtl tex/5sqtunnelroaddark
f  190/221/34  185/220/34  188/219/34  192/218/34
usemtl tex/5sqtunnelroaddark
f  192/217/6  191/223/6  189/222/6  190/216/6

o entity1_brush10
usemtl tex/5sqtunnelroaddark
f  193/224/1  194/225/1  195/226/1  196/227/1
usemtl tex/5sqtunnelroaddark
f  197/228/35  196/229/35  195/230/35  198/231/35
usemtl tex/5sqtunnelroaddark
f  199/232/36  194/233/36  193/234/36  200/235/36
usemtl tex/5sqtunnelroaddark
f  198/236/37  195/237/37  194/238/37  199/239/37
usemtl tex/5sqtunnelroaddark
f  200/240/38  193/241/38  196/242/38  197/243/38
usemtl tex/5sqtunnelroaddark
f  197/227/6  198/226/6  199/225/6  200/224/6

o entity1_brush11
usemtl tex/5sqtunnelroaddark
f  201/224/1  202/244/1  203/245/1  204/225/1
usemtl tex/5sqtunnelroaddark
f  205/246/39  204/247/39  203/248/39  206/249/39
usemtl tex/5sqtunnelroaddark
f  207/249/4  202/248/4  201/250/4  208/251/4
usemtl tex/5sqtunnelroaddark
f  206/232/5  203/233/5  202/234/5  207/235/5
usemtl tex/5sqtunnelroaddark
f  208/235/40  201/234/40  204/233/40  205/232/40
usemtl tex/5sqtunnelroaddark
f  205/225/6  206/245/6  207/244/6  208/224/6

o entity1_brush12
usemtl tex/5sqtunnelroaddark
f  209/252/1  210/227/1  211/226/1  212/253/1
usemtl tex/5sqtunnelroaddark
f  213/254/2  210/255/2  209/256/2  214/257/2
usemtl tex/5sqtunnelroaddark
f  215/258/5  212/259/5  211/260/5  216/261/5
usemtl tex/5sqtunnelroaddark
f  216/231/41  211/230/41  210/229/41  213/228/41
usemtl tex/5sqtunnelroaddark
f  214/262/42  209/263/42  212/264/42  215/265/42
usemtl tex/5sqtunnelroaddark
f  215/253/6  216/226/6  213/227/6  214/252/6

o entity1_brush13
usemtl tex/5sqtunnelroaddark
f  217/252/1  218/253/1  219/266/1  220/267/1
usemtl tex/5sqtunnelroaddark
f  221/265/43  218/264/43  217/263/43  222/262/43
usemtl tex/5sqtunnelroaddark
f  223/268/44  220/269/44  219/270/44  224/271/44
usemtl tex/5sqtunnelroaddark
f  224/272/45  219/273/45  218/259/45  221/258/45
usemtl tex/5sqtunnelroaddark
f  222/274/46  217/275/46  220/276/46  223/277/46
usemtl tex/5sqtunnelroaddark
f  224/278/6  221/279/6  222/280/6  223/281/6

o entity1_brush14
usemtl tex/5sqtunnelroaddark
f  225/282/1  226/283/1  227/284/1  228/267/1
usemtl tex/5sqtunnelroaddark
f  229/249/47  226/248/47  225/247/47  230/246/47
usemtl tex/5sqtunnelroaddark
f  231/251/3  228/250/3  227/248/3  232/249/3
usemtl tex/5sqtunnelroaddark
f  232/268/5  227/269/5  226/270/5  229/271/5
usemtl tex/5sqtunnelroaddark
f  230/271/48  225/270/48  228/269/48  231/268/48
usemtl tex/5sqtunnelroaddark
f  231/267/6  232/284/6  229/283/6  230/282/6

o entity1_brush15
usemtl tex/5sqtunnelroaddark
f  233/282/1  234/283/1  235/284/1  236/267/1
usemtl tex/5sqtunnelroaddark
f  237/285/49  234/286/49  233/287/49  238/288/49
usemtl tex/5sqtunnelroaddark
f  239/289/3  236/290/3  235/286/3  240/285/3
usemtl tex/5sqtunnelroaddark
f  240/291/5  235/292/5  234/293/5  237/294/5
usemtl tex/5sqtunnelroaddark
f  238/294/50  233/293/50  236/292/50  239/291/50
usemtl tex/5sqtunnelroaddark
f  239/267/6  240/284/6  237/283/6  238/282/6

o entity1_brush16
usemtl tex/5sqtunnelroaddark
f  241/252/1  242/253/1  243/266/1  244/267/1
usemtl tex/5sqtunnelroaddark
f  245/295/51  242/296/51  241/297/51  246/298/51
usemtl tex/5sqtunnelroaddark
f  247/291/52  244/292/52  243/293/52  248/294/52
usemtl tex/5sqtunnelroaddark
f  248/299/53  243/300/53  242/301/53  245/302/53
usemtl tex/5sqtunnelroaddark
f  246/303/54  241/304/54  244/305/54  247/306/54
usemtl tex/5sqtunnelroaddark
f  248/278/6  245/279/6  246/280/6  247/281/6

o entity1_brush17
usemtl tex/5sqtunnelroaddark
f  249/252/1  250/227/1  251/226/1  252/253/1
usemtl tex/5sqtunnelroaddark
f  253/307/2  250/308/2  249/309/2  254/310/2
usemtl tex/5sqtunnelroaddark
f  255/302/5  252/301/5  251/311/5  256/312/5
usemtl tex/5sqtunnelroaddark
f  256/313/55  251/314/55  250/315/55  253/316/55
usemtl tex/5sqtunnelroaddark
f  254/298/56  249/297/56  252/296/56  255/295/56
usemtl tex/5sqtunnelroaddark
f  255/253/6  256/226/6  253/227/6  254/252/6

o entity1_brush18
usemtl tex/5sqtunnelroaddark
f  257/224/1  258/225/1  259/226/1  260/227/1
usemtl tex/5sqtunnelroaddark
f  261/316/57  260/315/57  259/314/57  262/313/57
usemtl tex/5sqtunnelroaddark
f  263/317/58  258/318/58  257/319/58  264/320/58
usemtl tex/5sqtunnelroaddark
f  262/321/59  259/322/59  258/323/59  263/324/59
usemtl tex/5sqtunnelroaddark
f  264/325/60  257/326/60  260/327/60  261/328/60
usemtl tex/5sqtunnelroaddark
f  261/227/6  262/226/6  263/225/6  264/224/6

o entity1_brush19
usemtl tex/5sqtunnelroaddark
f  265/224/1  266/244/1  267/245/1  268/225/1
usemtl tex/5sqtunnelroaddark
f  269/288/61  268/287/61  267/286/61  270/285/61
usemtl tex/5sqtunnelroaddark
f  271/285/4  266/286/4  265/290/4  272/289/4
usemtl tex/5sqtunnelroaddark
f  270/317/5  267/318/5  266/319/5  271/320/5
usemtl tex/5sqtunnelroaddark
f  272/320/62  265/319/62  268/318/62  269/317/62
usemtl tex/5sqtunnelroaddark
f  269/225/6  270/245/6  271/244/6  272/224/6

o entity1_brush20
usemtl tex/5sqtunnelroaddark
f  273/329/1  274/330/1  275/331/1  276/332/1
usemtl tex/5sqtunnelroaddark
f  277/333/63  274/334/63  273/335/63  278/336/63
usemtl tex/5sqtunnelroaddark
f  279/337/2  275/338/2  274/339/2  277/340/2
usemtl tex/5sqtunnelroaddark
f  280/341/4  276/342/4  275/334/4  279/333/4
usemtl tex/5sqtunnelroaddark
f  278/340/64  273/339/64  276/338/64  280/337/64
usemtl tex/5sqtunnelroaddark
f  280/332/6  279/331/6  277/330/6  278/329/6

o entity1_brush21
usemtl tex/5sqtunnelroaddark
f  281/343/1  282/344/1  283/329/1  284/332/1
usemtl tex/5sqtunnelroaddark
f  285/345/65  282/346/65  281/347/65  286/348/65
usemtl tex/5sqtunnelroaddark
f  287/337/66  284/338/66  283/339/66  288/340/66
usemtl tex/5sqtunnelroaddark
f  288/340/67  283/339/67  282/349/67  285/350/67
usemtl tex/5sqtunnelroaddark
f  286/351/68  281/352/68  284/353/68  287/354/68
usemtl tex/5sqtunnelroaddark
f  288/329/6  285/344/6  286/343/6  287/332/6

o entity1_brush22
usemtl tex/5sqtunnelroaddark
f  289/343/1  290/355/1  291/356/1  292/344/1
usemtl tex/5sqtunnelroaddark
f  293/350/2  292/349/2  291/357/2  294/358/2
usemtl tex/5sqtunnelroaddark
f  295/359/5  290/360/5  289/361/5  296/362/5
usemtl tex/5sqtunnelroaddark
f  294/363/69  291/364/69  290/365/69  295/366/69
usemtl tex/5sqtunnelroaddark
f  296/348/70  289/347/70  292/346/70  293/345/70
usemtl tex/5sqtunnelroaddark
f  293/344/6  294/356/6  295/355/6  296/343/6

o entity1_brush23
usemtl tex/5sqtunnelroaddark
f  297/367/1  298/368/1  299/369/1  300/370/1
usemtl tex/5sqtunnelroaddark
f  301/366/71  300/365/71  299/364/71  302/363/71
usemtl tex/5sqtunnelroaddark
f  303/371/72  298/372/72  297/373/72  304/374/72
usemtl tex/5sqtunnelroaddark
f  302/375/73  299/376/73  298/377/73  303/378/73
usemtl tex/5sqtunnelroaddark
f  304/379/74  297/380/74  300/381/74  301/382/74
usemtl tex/5sqtunnelroaddark
f  301/370/6  302/369/6  303/368/6  304/367/6

o entity1_brush24
usemtl tex/5sqtunnelroaddark
f  305/367/1  306/383/1  307/384/1  308/368/1
usemtl tex/5sqtunnelroaddark
f  309/336/75  308/335/75  307/334/75  310/333/75
usemtl tex/5sqtunnelroaddark
f  310/371/2  307/372/2  306/373/2  311/374/2
usemtl tex/5sqtunnelroaddark
f  311/333/3  306/334/3  305/342/3  312/341/3
usemtl tex/5sqtunnelroaddark
f  312/374/76  305/373/76  308/372/76  309/371/76
usemtl tex/5sqtunnelroaddark
f  311/383/6  312/367/6  309/368/6  310/384/6

o entity1_brush25
usemtl tex/5sqtunnelroaddark
f  313/385/1  314/386/1  315/387/1  316/388/1
usemtl tex/5sqtunnelroaddark
f  317/389/77  314/390/77  313/391/77  318/392/77
usemtl tex/5sqtunnelroaddark
f  319/393/3  316/394/3  315/395/3  320/396/3
usemtl tex/5sqtunnelroaddark
f  320/397/5  315/398/5  314/399/5  317/400/5
usemtl tex/5sqtunnelroaddark
f  318/401/78  313/402/78  316/398/78  319/397/78
usemtl tex/5sqtunnelroaddark
f  319/388/6  320/387/6  317/386/6  318/385/6

o entity1_brush26
usemtl tex/5sqtunnelroaddark
f  321/403/1  322/404/1  323/405/1  324/406/1
usemtl tex/5sqtunnelroaddark
f  325/407/79  322/408/79  321/409/79  326/410/79
usemtl tex/5sqtunnelroaddark
f  327/397/80  324/398/80  323/402/80  328/401/80
usemtl tex/5sqtunnelroaddark
f  328/299/81  323/411/81  322/412/81  325/302/81
usemtl tex/5sqtunnelroaddark
f  326/413/82  321/414/82  324/398/82  327/397/82
usemtl tex/5sqtunnelroaddark
f  328/405/6  325/404/6  326/403/6  327/406/6

o entity1_brush27
usemtl tex/5sqtunnelroaddark
f  329/415/1  330/416/1  331/417/1  332/418/1
usemtl tex/5sqtunnelroaddark
f  333/328/2  330/419/2  329/420/2  334/421/2
usemtl tex/5sqtunnelroaddark
f  335/422/5  332/423/5  331/424/5  336/321/5
usemtl tex/5sqtunnelroaddark
f  336/407/83  331/408/83  330/409/83  333/410/83
usemtl tex/5sqtunnelroaddark
f  334/410/84  329/409/84  332/408/84  335/407/84
usemtl tex/5sqtunnelroaddark
f  335/418/6  336/417/6  333/416/6  334/415/6

o entity1_brush28
usemtl tex/5sqtunnelroaddark
f  337/425/1  338/426/1  339/427/1  340/428/1
usemtl tex/5sqtunnelroaddark
f  341/410/85  340/409/85  339/408/85  342/407/85
usemtl tex/5sqtunnelroaddark
f  343/317/86  338/429/86  337/430/86  344/320/86
usemtl tex/5sqtunnelroaddark
f  342/312/87  339/431/87  338/429/87  343/317/87
usemtl tex/5sqtunnelroaddark
f  344/432/88  337/433/88  340/434/88  341/435/88
usemtl tex/5sqtunnelroaddark
f  341/428/6  342/427/6  343/426/6  344/425/6

o entity1_brush29
usemtl tex/5sqtunnelroaddark
f  345/436/1  346/437/1  347/438/1  348/426/1
usemtl tex/5sqtunnelroaddark
f  349/392/89  348/391/89  347/395/89  350/396/89
usemtl tex/5sqtunnelroaddark
f  351/396/4  346/395/4  345/394/4  352/393/4
usemtl tex/5sqtunnelroaddark
f  350/317/5  347/429/5  346/430/5  351/320/5
usemtl tex/5sqtunnelroaddark
f  352/320/90  345/430/90  348/429/90  349/317/90
usemtl tex/5sqtunnelroaddark
f  349/426/6  350/438/6  351/437/6  352/436/6

o entity1_brush30
usemtl tex/5sqtunnelroaddark
f  353/436/1  354/437/1  355/438/1  356/426/1
usemtl tex/5sqtunnelroaddark
f  357/439/91  356/440/91  355/441/91  358/442/91
usemtl tex/5sqtunnelroaddark
f  359/442/4  354/441/4  353/443/4  360/444/4
usemtl tex/5sqtunnelroaddark
f  358/445/5  355/446/5  354/447/5  359/448/5
usemtl tex/5sqtunnelroaddark
f  360/448/92  353/447/92  356/446/92  357/445/92
usemtl tex/5sqtunnelroaddark
f  357/426/6  358/438/6  359/437/6  360/436/6

o entity1_brush31
usemtl tex/5sqtunnelroaddark
f  361/425/1  362/426/1  363/427/1  364/428/1
usemtl tex/5sqtunnelroaddark
f  365/449/93  364/450/93  363/451/93  366/452/93
usemtl tex/5sqtunnelroaddark
f  367/445/94  362/446/94  361/447/94  368/448/94
usemtl tex/5sqtunnelroaddark
f  366/453/95  363/454/95  362/446/95  367/445/95
usemtl tex/5sqtunnelroaddark
f  368/455/96  361/456/96  364/457/96  365/458/96
usemtl tex/5sqtunnelroaddark
f  365/428/6  366/427/6  367/426/6  368/425/6

o entity1_brush32
usemtl tex/5sqtunnelroaddark
f  369/415/1  370/416/1  371/417/1  372/418/1
usemtl tex/5sqtunnelroaddark
f  373/459/2  370/460/2  369/461/2  374/462/2
usemtl tex/5sqtunnelroaddark
f  375/463/5  372/464/5  371/465/5  376/466/5
usemtl tex/5sqtunnelroaddark
f  376/452/97  371/451/97  370/450/97  373/449/97
usemtl tex/5sqtunnelroaddark
f  374/449/98  369/450/98  372/451/98  375/452/98
usemtl tex/5sqtunnelroaddark
f  375/418/6  376/417/6  373/416/6  374/415/6

o entity1_brush33
usemtl tex/5sqtunnelroaddark
f  377/403/1  378/404/1  379/405/1  380/406/1
usemtl tex/5sqtunnelroaddark
f  381/452/99  378/451/99  377/450/99  382/449/99
usemtl tex/5sqtunnelroaddark
f  383/467/100  380/468/100  379/469/100  384/470/100
usemtl tex/5sqtunnelroaddark
f  384/471/101  379/472/101  378/473/101  381/474/101
usemtl tex/5sqtunnelroaddark
f  382/475/102  377/476/102  380/468/102  383/467/102
usemtl tex/5sqtunnelroaddark
f  384/405/6  381/404/6  382/403/6  383/406/6

o entity1_brush34
usemtl tex/5sqtunnelroaddark
f  385/385/1  386/386/1  387/387/1  388/388/1
usemtl tex/5sqtunnelroaddark
f  389/477/103  386/478/103  385/440/103  390/439/103
usemtl tex/5sqtunnelroaddark
f  391/444/3  388/443/3  387/441/3  392/442/3
usemtl tex/5sqtunnelroaddark
f  392/467/5  387/468/5  386/479/5  389/480/5
usemtl tex/5sqtunnelroaddark
f  390/470/104  385/469/104  388/468/104  391/467/104
usemtl tex/5sqtunnelroaddark
f  391/388/6  392/387/6  389/386/6  390/385/6

o entity1_brush35
usemtl tex/5sqtunnelroaddark
f  393/481/1  394/482/1  395/483/1  396/484/1
usemtl tex/5sqtunnelroaddark
f  397/485/105  396/486/105  395/487/105  398/488/105
usemtl tex/5sqtunnelroaddark
f  398/489/2  395/490/2  394/491/2  399/492/2
usemtl tex/5sqtunnelroaddark
f  399/493/3  394/487/3  393/486/3  400/494/3
usemtl tex/5sqtunnelroaddark
f  400/492/5  393/491/5  396/490/5  397/489/5
usemtl tex/5sqtunnelroaddark
f  399/482/106  400/481/106  397/484/106  398/483/106

o entity1_brush36
usemtl tex/5sqtunnelroaddark
f  401/482/107  402/483/107  403/484/107  404/481/107
usemtl tex/5sqtunnelroaddark
f  405/495/108  403/496/108  402/497/108  406/498/108
usemtl tex/5sqtunnelroaddark
f  407/499/2  406/500/2  402/501/2  401/492/2
usemtl tex/5sqtunnelroaddark
f  404/502/5  403/503/5  405/504/5  408/505/5
usemtl tex/5sqtunnelroaddark
f  408/506/109  405/507/109  406/508/109  407/509/109
usemtl tex/5sqtunnelroaddark
f  401/510/110  404/511/110  408/512/110  407/513/110

o entity1_brush37
usemtl tex/5sqtunnelroaddark
f  409/495/1  410/498/1  411/514/1  412/515/1
usemtl tex/5sqtunnelroaddark
f  413/509/111  410/508/111  409/507/111  414/506/111
usemtl tex/5sqtunnelroaddark
f  415/516/112  412/517/112  411/518/112  416/519/112
usemtl tex/5sqtunnelroaddark
f  416/520/2  411/521/2  410/500/2  413/499/2
usemtl tex/5sqtunnelroaddark
f  414/499/5  409/500/5  412/521/5  415/520/5
usemtl tex/5sqtunnelroaddark
f  415/522/6  416/523/6  413/524/6  414/525/6

o entity1_brush38
usemtl tex/5sqtunnelroaddark
f  417/526/113  418/527/113  419/528/113  420/529/113
usemtl tex/5sqtunnelroaddark
f  421/530/114  419/531/114  418/532/114  422/533/114
usemtl tex/5sqtunnelroaddark
f  420/534/2  419/535/2  421/521/2  423/520/2
usemtl tex/5sqtunnelroaddark
f  424/520/5  422/521/5  418/535/5  417/534/5
usemtl tex/5sqtunnelroaddark
f  423/519/115  421/518/115  422/517/115  424/516/115
usemtl tex/5sqtunnelroaddark
f  424/227/116  417/536/116  420/537/116  423/538/116

o entity1_brush39
usemtl tex/5sqtunnelroaddark
f  425/527/1  426/528/1  427/529/1  428/526/1
usemtl tex/5sqtunnelroaddark
f  429/534/2  427/539/2  426/540/2  430/535/2
usemtl tex/5sqtunnelroaddark
f  430/488/117  426/487/117  425/486/117  431/485/117
usemtl tex/5sqtunnelroaddark
f  432/494/4  428/486/4  427/487/4  429/493/4
usemtl tex/5sqtunnelroaddark
f  431/535/5  425/540/5  428/539/5  432/534/5
usemtl tex/5sqtunnelroaddark
f  432/526/118  429/529/118  430/528/118  431/527/118

o entity1_brush40
usemtl tex/5sqtunnelroaddark
f  433/541/1  434/542/1  435/543/1  436/544/1
usemtl tex/5sqtunnelroaddark
f  437/545/119  434/546/119  433/547/119  438/548/119
usemtl tex/5sqtunnelroaddark
f  439/549/120  436/550/120  435/551/120  440/552/120
usemtl tex/5sqtunnelroaddark
f  440/520/2  435/521/2  434/500/2  437/499/2
usemtl tex/5sqtunnelroaddark
f  438/499/5  433/500/5  436/521/5  439/520/5
usemtl tex/5sqtunnelroaddark
f  439/553/6  440/554/6  437/555/6  438/556/6

o entity1_brush41
usemtl tex/5sqtunnelroaddark
f  441/557/1  442/558/1  443/559/1  444/560/1
usemtl tex/5sqtunnelroaddark
f  445/561/121  444/562/121  443/563/121  446/564/121
usemtl tex/5sqtunnelroaddark
f  446/489/2  443/490/2  442/491/2  447/492/2
usemtl tex/5sqtunnelroaddark
f  447/565/3  442/563/3  441/562/3  448/566/3
usemtl tex/5sqtunnelroaddark
f  448/492/5  441/491/5  444/490/5  445/489/5
usemtl tex/5sqtunnelroaddark
f  447/558/122  448/557/122  445/560/122  446/559/122

o entity1_brush42
usemtl tex/5sqtunnelroaddark
f  449/558/123  450/559/123  451/560/123  452/557/123
usemtl tex/5sqtunnelroaddark
f  453/541/124  451/567/124  450/568/124  454/542/124
usemtl tex/5sqtunnelroaddark
f  455/499/2  454/500/2  450/501/2  449/492/2
usemtl tex/5sqtunnelroaddark
f  452/502/5  451/503/5  453/504/5  456/505/5
usemtl tex/5sqtunnelroaddark
f  456/548/125  453/547/125  454/546/125  455/545/125
usemtl tex/5sqtunnelroaddark
f  449/569/126  452/570/126  456/571/126  455/572/126

o entity1_brush43
usemtl tex/5sqtunnelroaddark
f  457/573/127  458/574/127  459/575/127  460/576/127
usemtl tex/5sqtunnelroaddark
f  461/577/128  459/578/128  458/579/128  462/580/128
usemtl tex/5sqtunnelroaddark
f  460/534/2  459/535/2  461/521/2  463/520/2
usemtl tex/5sqtunnelroaddark
f  464/520/5  462/521/5  458/535/5  457/534/5
usemtl tex/5sqtunnelroaddark
f  463/552/129  461/551/129  462/550/129  464/549/129
usemtl tex/5sqtunnelroaddark
f  464/581/130  457/582/130  460/583/130  463/584/130

o entity1_brush44
usemtl tex/5sqtunnelroaddark
f  465/574/1  466/575/1  467/576/1  468/573/1
usemtl tex/5sqtunnelroaddark
f  469/534/2  467/539/2  466/540/2  470/535/2
usemtl tex/5sqtunnelroaddark
f  470/564/131  466/563/131  465/562/131  471/561/131
usemtl tex/5sqtunnelroaddark
f  472/566/4  468/562/4  467/563/4  469/565/4
usemtl tex/5sqtunnelroaddark
f  471/535/5  465/540/5  468/539/5  472/534/5
usemtl tex/5sqtunnelroaddark
f  472/573/132  469/576/132  470/575/132  471/574/132

o entity1_brush45
usemtl tex/5sqtunnelroaddark
f  473/2/133  474/585/133  475/586/133  476/587/133
usemtl tex/5sqtunnelroaddark
f  477/588/2  475/589/2  474/20/2  478/590/2
usemtl tex/5sqtunnelroaddark
f  478/591/3  474/592/3  473/593/3
usemtl tex/5sqtunnelroaddark
f  476/593/4  475/592/4  477/591/4
usemtl tex/5sqtunnelroaddark
f  478/585/6  473/2/6  476/587/6  477/586/6

o entity1_brush46
usemtl tex/5sqtunnelroaddark
f  479/594/1  480/595/1  481/596/1  482/597/1
usemtl tex/5sqtunnelroaddark
f  482/598/3  481/599/3  483/600/3
usemtl tex/5sqtunnelroaddark
f  484/600/4  480/599/4  479/598/4
usemtl tex/5sqtunnelroaddark
f  483/601/5  481/602/5  480/603/5  484/604/5
usemtl tex/5sqtunnelroaddark
f  479/594/134  482/597/134  483/596/134  484/595/134

o entity1_brush47
usemtl tex/5sqtunnelroaddark
f  485/605/135  486/606/135  487/607/135  488/1/135
usemtl tex/5sqtunnelroaddark
f  488/468/3  487/608/3  489/609/3
usemtl tex/5sqtunnelroaddark
f  490/609/4  486/608/4  485/468/4
usemtl tex/5sqtunnelroaddark
f  489/610/5  487/611/5  486/612/5  490/613/5
usemtl tex/5sqtunnelroaddark
f  485/614/6  488/13/6  489/615/6  490/616/6

o entity1_brush48
usemtl tex/5sqtunnelroaddark
f  491/617/1  492/618/1  493/619/1  494/620/1
usemtl tex/5sqtunnelroaddark
f  495/621/2  493/110/2  492/111/2  496/622/2
usemtl tex/5sqtunnelroaddark
f  496/623/3  492/624/3  491/625/3
usemtl tex/5sqtunnelroaddark
f  494/625/4  493/624/4  495/623/4
usemtl tex/5sqtunnelroaddark
f  496/626/136  491/627/136  494/628/136  495/629/136

o entity1_brush49
usemtl tex/5sqtunnelroaddark
f  497/367/1  498/383/1  499/384/1  500/368/1
usemtl tex/5sqtunnelroaddark
f  501/630/137  500/631/137  499/632/137  502/633/137
usemtl tex/5sqtunnelroaddark
f  502/634/2  499/635/2  498/636/2  503/637/2
usemtl tex/5sqtunnelroaddark
f  503/633/3  498/632/3  497/638/3  504/639/3
usemtl tex/5sqtunnelroaddark
f  504/637/138  497/636/138  500/635/138  501/634/138
usemtl tex/5sqtunnelroaddark
f  503/383/6  504/367/6  501/368/6  502/384/6

o entity1_brush50
usemtl tex/5sqtunnelroaddark
f  505/367/1  506/368/1  507/369/1  508/370/1
usemtl tex/5sqtunnelroaddark
f  509/640/139  508/641/139  507/642/139  510/643/139
usemtl tex/5sqtunnelroaddark
f  511/634/140  506/635/140  505/636/140  512/637/140
usemtl tex/5sqtunnelroaddark
f  510/644/141  507/645/141  506/646/141  511/647/141
usemtl tex/5sqtunnelroaddark
f  512/648/142  505/649/142  508/650/142  509/651/142
usemtl tex/5sqtunnelroaddark
f  509/370/6  510/369/6  511/368/6  512/367/6

o entity1_brush51
usemtl tex/5sqtunnelroaddark
f  513/343/1  514/355/1  515/356/1  516/344/1
usemtl tex/5sqtunnelroaddark
f  517/652/2  516/653/2  515/654/2  518/655/2
usemtl tex/5sqtunnelroaddark
f  519/656/5  514/657/5  513/658/5  520/659/5
usemtl tex/5sqtunnelroaddark
f  518/643/143  515/642/143  514/641/143  519/640/143
usemtl tex/5sqtunnelroaddark
f  520/660/144  513/661/144  516/662/144  517/663/144
usemtl tex/5sqtunnelroaddark
f  517/344/6  518/356/6  519/355/6  520/343/6

o entity1_brush52
usemtl tex/5sqtunnelroaddark
f  521/343/1  522/344/1  523/329/1  524/332/1
usemtl tex/5sqtunnelroaddark
f  525/663/145  522/662/145  521/661/145  526/660/145
usemtl tex/5sqtunnelroaddark
f  527/664/146  524/665/146  523/666/146  528/667/146
usemtl tex/5sqtunnelroaddark
f  528/667/147  523/666/147  522/653/147  525/652/147
usemtl tex/5sqtunnelroaddark
f  526/668/148  521/669/148  524/670/148  527/671/148
usemtl tex/5sqtunnelroaddark
f  528/329/6  525/344/6  526/343/6  527/332/6

o entity1_brush53
usemtl tex/5sqtunnelroaddark
f  529/329/1  530/330/1  531/331/1  532/332/1
usemtl tex/5sqtunnelroaddark
f  533/633/149  530/632/149  529/631/149  534/630/149
usemtl tex/5sqtunnelroaddark
f  535/664/2  531/665/2  530/666/2  533/667/2
usemtl tex/5sqtunnelroaddark
f  536/639/4  532/638/4  531/632/4  535/633/4
usemtl tex/5sqtunnelroaddark
f  534/667/150  529/666/150  532/665/150  536/664/150
usemtl tex/5sqtunnelroaddark
f  536/332/6  535/331/6  533/330/6  534/329/6

o entity1_brush54
usemtl tex/5sqtunnelroaddark
f  537/367/1  538/383/1  539/384/1  540/368/1
usemtl tex/5sqtunnelroaddark
f  541/672/151  540/673/151  539/674/151  542/675/151
usemtl tex/5sqtunnelroaddark
f  542/676/2  539/677/2  538/678/2  543/679/2
usemtl tex/5sqtunnelroaddark
f  543/675/3  538/674/3  537/680/3  544/681/3
usemtl tex/5sqtunnelroaddark
f  544/679/152  537/678/152  540/677/152  541/676/152
usemtl tex/5sqtunnelroaddark
f  543/383/6  544/367/6  541/368/6  542/384/6

o entity1_brush55
usemtl tex/5sqtunnelroaddark
f  545/367/1  546/368/1  547/369/1  548/370/1
usemtl tex/5sqtunnelroaddark
f  549/682/153  548/683/153  547/684/153  550/685/153
usemtl tex/5sqtunnelroaddark
f  551/676/154  546/677/154  545/678/154  552/679/154
usemtl tex/5sqtunnelroaddark
f  550/686/155  547/687/155  546/688/155  551/689/155
usemtl tex/5sqtunnelroaddark
f  552/690/156  545/691/156  548/692/156  549/693/156
usemtl tex/5sqtunnelroaddark
f  549/370/6  550/369/6  551/368/6  552/367/6

o entity1_brush56
usemtl tex/5sqtunnelroaddark
f  553/343/1  554/355/1  555/356/1  556/344/1
usemtl tex/5sqtunnelroaddark
f  557/694/2  556/695/2  555/696/2  558/697/2
usemtl tex/5sqtunnelroaddark
f  559/698/5  554/699/5  553/700/5  560/701/5
usemtl tex/5sqtunnelroaddark
f  558/685/157  555/684/157  554/683/157  559/682/157
usemtl tex/5sqtunnelroaddark
f  560/702/158  553/703/158  556/704/158  557/705/158
usemtl tex/5sqtunnelroaddark
f  557/344/6  558/356/6  559/355/6  560/343/6

o entity1_brush57
usemtl tex/5sqtunnelroaddark
f  561/343/1  562/344/1  563/329/1  564/332/1
usemtl tex/5sqtunnelroaddark
f  565/705/159  562/704/159  561/703/159  566/702/159
usemtl tex/5sqtunnelroaddark
f  567/706/160  564/707/160  563/708/160  568/709/160
usemtl tex/5sqtunnelroaddark
f  568/709/161  563/708/161  562/695/161  565/694/161
usemtl tex/5sqtunnelroaddark
f  566/710/162  561/711/162  564/712/162  567/713/162
usemtl tex/5sqtunnelroaddark
f  568/329/6  565/344/6  566/343/6  567/332/6

o entity1_brush58
usemtl tex/5sqtunnelroaddark
f  569/329/1  570/330/1  571/331/1  572/332/1
usemtl tex/5sqtunnelroaddark
f  573/675/163  570/674/163  569/673/163  574/672/163
usemtl tex/5sqtunnelroaddark
f  575/706/2  571/707/2  570/708/2  573/709/2
usemtl tex/5sqtunnelroaddark
f  576/681/4  572/680/4  571/674/4  575/675/4
usemtl tex/5sqtunnelroaddark
f  574/709/164  569/708/164  572/707/164  576/706/164
usemtl tex/5sqtunnelroaddark
f  576/332/6  575/331/6  573/330/6  574/329/6

o entity1_brush59
usemtl tex/5sqtunnelroaddark
f  577/714/1  578/715/1  579/716/1  580/717/1
usemtl tex/5sqtunnelroaddark
f  581/718/2  580/719/2  579/720/2  582/375/2
usemtl tex/5sqtunnelroaddark
f  583/375/5  578/720/5  577/719/5  584/718/5
usemtl tex/5sqtunnelroaddark
f  582/721/165  579/722/165  578/723/165  583/724/165
usemtl tex/5sqtunnelroaddark
f  584/725/166  577/726/166  580/727/166  581/728/166
usemtl tex/5sqtunnelroaddark
f  584/729/6  581/730/6  582/731/6  583/732/6

o entity1_brush60
usemtl tex/5sqtunnelroaddark
f  585/733/167  586/714/167  587/717/167  588/734/167
usemtl tex/5sqtunnelroaddark
f  589/728/168  587/727/168  586/726/168  590/725/168
usemtl tex/5sqtunnelroaddark
f  588/735/2  587/719/2  589/718/2  591/736/2
usemtl tex/5sqtunnelroaddark
f  592/736/5  590/718/5  586/719/5  585/735/5
usemtl tex/5sqtunnelroaddark
f  591/737/169  589/730/169  590/729/169  592/738/169
usemtl tex/5sqtunnelroaddark
f  591/737/170  592/738/170  585/733/170  588/734/170

o entity1_brush61
usemtl tex/5sqtunnelroaddark
f  593/737/171  594/734/171  595/733/171  596/738/171
usemtl tex/5sqtunnelroaddark
f  597/739/2  594/735/2  593/736/2  598/740/2
usemtl tex/5sqtunnelroaddark
f  599/741/4  595/742/4  594/743/4  597/744/4
usemtl tex/5sqtunnelroaddark
f  600/740/5  596/736/5  595/735/5  599/739/5
usemtl tex/5sqtunnelroaddark
f  598/744/172  593/745/172  596/746/172  600/741/172
usemtl tex/5sqtunnelroaddark
f  600/738/6  599/733/6  597/734/6  598/737/6

o entity1_brush62
usemtl tex/5sqtunnelroaddark
f  601/747/173  602/748/173  603/749/173  604/750/173
usemtl tex/5sqtunnelroaddark
f  605/724/174  603/723/174  602/722/174  606/721/174
usemtl tex/5sqtunnelroaddark
f  607/751/2  606/752/2  602/753/2  601/754/2
usemtl tex/5sqtunnelroaddark
f  604/754/5  603/753/5  605/752/5  608/751/5
usemtl tex/5sqtunnelroaddark
f  608/755/175  605/756/175  606/757/175  607/758/175
usemtl tex/5sqtunnelroaddark
f  601/759/176  604/760/176  608/761/176  607/762/176

o entity1_brush63
usemtl tex/5sqtunnelroaddark
f  609/760/177  610/759/177  611/762/177  612/761/177
usemtl tex/5sqtunnelroaddark
f  613/763/2  611/751/2  610/754/2  614/764/2
usemtl tex/5sqtunnelroaddark
f  615/741/178  612/746/178  611/745/178  613/744/178
usemtl tex/5sqtunnelroaddark
f  614/744/3  610/743/3  609/742/3  616/741/3
usemtl tex/5sqtunnelroaddark
f  616/764/5  609/754/5  612/751/5  615/763/5
usemtl tex/5sqtunnelroaddark
f  613/762/6  614/759/6  616/760/6  615/761/6

o entity1_brush64
usemtl tex/5sqtunnelroaddark
f  617/760/179  618/759/179  619/762/179  620/761/179
usemtl tex/5sqtunnelroaddark
f  621/765/2  619/766/2  618/767/2  622/768/2
usemtl tex/5sqtunnelroaddark
f  623/769/178  620/770/178  619/771/178  621/772/178
usemtl tex/5sqtunnelroaddark
f  622/772/3  618/773/3  617/774/3  624/769/3
usemtl tex/5sqtunnelroaddark
f  624/768/5  617/767/5  620/766/5  623/765/5
usemtl tex/5sqtunnelroaddark
f  621/762/6  622/759/6  624/760/6  623/761/6

o entity1_brush65
usemtl tex/5sqtunnelroaddark
f  625/747/180  626/748/180  627/749/180  628/750/180
usemtl tex/5sqtunnelroaddark
f  629/775/174  627/776/174  626/777/174  630/778/174
usemtl tex/5sqtunnelroaddark
f  631/766/2  630/779/2  626/780/2  625/767/2
usemtl tex/5sqtunnelroaddark
f  628/767/5  627/780/5  629/779/5  632/766/5
usemtl tex/5sqtunnelroaddark
f  632/755/175  629/756/175  630/757/175  631/758/175
usemtl tex/5sqtunnelroaddark
f  625/759/181  628/760/181  632/761/181  631/762/181

o entity1_brush66
usemtl tex/5sqtunnelroaddark
f  633/714/1  634/715/1  635/716/1  636/717/1
usemtl tex/5sqtunnelroaddark
f  637/781/2  636/782/2  635/783/2  638/784/2
usemtl tex/5sqtunnelroaddark
f  639/784/5  634/783/5  633/782/5  640/781/5
usemtl tex/5sqtunnelroaddark
f  638/778/165  635/777/165  634/776/165  639/775/165
usemtl tex/5sqtunnelroaddark
f  640/785/166  633/786/166  636/787/166  637/788/166
usemtl tex/5sqtunnelroaddark
f  640/729/6  637/730/6  638/731/6  639/732/6

o entity1_brush67
usemtl tex/5sqtunnelroaddark
f  641/737/182  642/734/182  643/733/182  644/738/182
usemtl tex/5sqtunnelroaddark
f  645/789/2  642/790/2  641/791/2  646/792/2
usemtl tex/5sqtunnelroaddark
f  647/769/4  643/774/4  642/773/4  645/772/4
usemtl tex/5sqtunnelroaddark
f  648/792/5  644/791/5  643/790/5  647/789/5
usemtl tex/5sqtunnelroaddark
f  646/772/183  641/771/183  644/770/183  648/769/183
usemtl tex/5sqtunnelroaddark
f  648/738/6  647/733/6  645/734/6  646/737/6

o entity1_brush68
usemtl tex/5sqtunnelroaddark
f  649/733/184  650/714/184  651/717/184  652/734/184
usemtl tex/5sqtunnelroaddark
f  653/788/168  651/787/168  650/786/168  654/785/168
usemtl tex/5sqtunnelroaddark
f  652/790/2  651/782/2  653/781/2  655/791/2
usemtl tex/5sqtunnelroaddark
f  656/791/5  654/781/5  650/782/5  649/790/5
usemtl tex/5sqtunnelroaddark
f  655/737/169  653/730/169  654/729/169  656/738/169
usemtl tex/5sqtunnelroaddark
f  655/737/185  656/738/185  649/733/185  652/734/185

o entity1_brush69
usemtl tex/5sqtunnelroaddark
f  657/793/186  658/794/186  659/795/186  660/796/186
usemtl tex/5sqtunnelroaddark
f  661/739/2  658/735/2  657/736/2  662/740/2
usemtl tex/5sqtunnelroaddark
f  663/797/4  659/798/4  658/799/4  661/800/4
usemtl tex/5sqtunnelroaddark
f  664/740/5  660/736/5  659/735/5  663/739/5
usemtl tex/5sqtunnelroaddark
f  662/800/187  657/801/187  660/802/187  664/797/187
usemtl tex/5sqtunnelroaddark
f  664/796/6  663/795/6  661/794/6  662/793/6

o entity1_brush70
usemtl tex/5sqtunnelroaddark
f  665/795/188  666/803/188  667/804/188  668/794/188
usemtl tex/5sqtunnelroaddark
f  669/805/189  667/806/189  666/807/189  670/808/189
usemtl tex/5sqtunnelroaddark
f  668/735/2  667/719/2  669/718/2  671/736/2
usemtl tex/5sqtunnelroaddark
f  672/736/5  670/718/5  666/719/5  665/735/5
usemtl tex/5sqtunnelroaddark
f  671/793/190  669/809/190  670/810/190  672/796/190
usemtl tex/5sqtunnelroaddark
f  671/793/191  672/796/191  665/795/191  668/794/191

o entity1_brush71
usemtl tex/5sqtunnelroaddark
f  673/803/1  674/811/1  675/812/1  676/804/1
usemtl tex/5sqtunnelroaddark
f  677/718/2  676/719/2  675/720/2  678/375/2
usemtl tex/5sqtunnelroaddark
f  679/375/5  674/720/5  673/719/5  680/718/5
usemtl tex/5sqtunnelroaddark
f  678/813/192  675/814/192  674/815/192  679/816/192
usemtl tex/5sqtunnelroaddark
f  680/808/193  673/807/193  676/806/193  677/805/193
usemtl tex/5sqtunnelroaddark
f  680/810/6  677/809/6  678/817/6  679/818/6

o entity1_brush72
usemtl tex/5sqtunnelroaddark
f  681/819/194  682/820/194  683/821/194  684/822/194
usemtl tex/5sqtunnelroaddark
f  685/763/2  683/751/2  682/754/2  686/764/2
usemtl tex/5sqtunnelroaddark
f  687/797/195  684/802/195  683/801/195  685/800/195
usemtl tex/5sqtunnelroaddark
f  686/800/3  682/799/3  681/798/3  688/797/3
usemtl tex/5sqtunnelroaddark
f  688/764/5  681/754/5  684/751/5  687/763/5
usemtl tex/5sqtunnelroaddark
f  685/821/6  686/820/6  688/819/6  687/822/6

o entity1_brush73
usemtl tex/5sqtunnelroaddark
f  689/823/196  690/824/196  691/825/196  692/826/196
usemtl tex/5sqtunnelroaddark
f  693/816/197  691/815/197  690/814/197  694/813/197
usemtl tex/5sqtunnelroaddark
f  695/751/2  694/752/2  690/753/2  689/754/2
usemtl tex/5sqtunnelroaddark
f  692/754/5  691/753/5  693/752/5  696/751/5
usemtl tex/5sqtunnelroaddark
f  696/827/198  693/828/198  694/829/198  695/830/198
usemtl tex/5sqtunnelroaddark
f  689/820/199  692/819/199  696/822/199  695/821/199

o entity1_brush74
usemtl tex/5sqtunnelroaddark
f  697/607/133  698/1/133  699/4/133  700/831/133
usemtl tex/5sqtunnelroaddark
f  701/18/2  699/832/2  698/833/2  702/19/2
usemtl tex/5sqtunnelroaddark
f  702/834/3  698/835/3  697/836/3
usemtl tex/5sqtunnelroaddark
f  700/836/4  699/835/4  701/834/4
usemtl tex/5sqtunnelroaddark
f  702/1/6  697/607/6  700/831/6  701/4/6

o entity1_brush75
usemtl tex/5sqtunnelroaddark
f  703/837/1  704/838/1  705/627/1  706/626/1
usemtl tex/5sqtunnelroaddark
f  706/839/3  705/840/3  707/841/3
usemtl tex/5sqtunnelroaddark
f  708/841/4  704/840/4  703/839/4
usemtl tex/5sqtunnelroaddark
f  707/842/5  705/839/5  704/843/5  708/844/5
usemtl tex/5sqtunnelroaddark
f  703/837/134  706/626/134  707/627/134  708/838/134

o entity1_brush76
usemtl tex/5sqtunnelroaddark
f  709/845/135  710/3/135  711/2/135  712/585/135
usemtl tex/5sqtunnelroaddark
f  712/846/3  711/847/3  713/848/3
usemtl tex/5sqtunnelroaddark
f  714/848/4  710/847/4  709/846/4
usemtl tex/5sqtunnelroaddark
f  713/849/5  711/850/5  710/851/5  714/852/5
usemtl tex/5sqtunnelroaddark
f  709/853/6  712/854/6  713/77/6  714/80/6

o entity1_brush77
usemtl tex/5sqtunnelroaddark
f  715/855/1  716/856/1  717/857/1  718/858/1
usemtl tex/5sqtunnelroaddark
f  719/859/2  717/860/2  716/861/2  720/8/2
usemtl tex/5sqtunnelroaddark
f  720/862/3  716/863/3  715/864/3
usemtl tex/5sqtunnelroaddark
f  718/864/4  717/863/4  719/862/4
usemtl tex/5sqtunnelroaddark
f  720/865/136  715/866/136  718/867/136  719/868/136

o entity1_brush78
usemtl tex/5sqtunnelroaddark
f  721/50/133  722/869/133  723/870/133  724/871/133
usemtl tex/5sqtunnelroaddark
f  725/588/2  723/589/2  722/20/2  726/590/2
usemtl tex/5sqtunnelroaddark
f  726/872/3  722/873/3  721/874/3
usemtl tex/5sqtunnelroaddark
f  724/874/4  723/873/4  725/872/4
usemtl tex/5sqtunnelroaddark
f  726/869/6  721/50/6  724/871/6  725/870/6

o entity1_brush79
usemtl tex/5sqtunnelroaddark
f  727/875/1  728/876/1  729/877/1  730/878/1
usemtl tex/5sqtunnelroaddark
f  730/879/3  729/880/3  731/881/3
usemtl tex/5sqtunnelroaddark
f  732/881/4  728/880/4  727/879/4
usemtl tex/5sqtunnelroaddark
f  731/601/5  729/602/5  728/603/5  732/604/5
usemtl tex/5sqtunnelroaddark
f  727/875/134  730/878/134  731/877/134  732/876/134

o entity1_brush80
usemtl tex/5sqtunnelroaddark
f  733/882/135  734/883/135  735/884/135  736/49/135
usemtl tex/5sqtunnelroaddark
f  736/885/3  735/886/3  737/887/3
usemtl tex/5sqtunnelroaddark
f  738/887/4  734/886/4  733/885/4
usemtl tex/5sqtunnelroaddark
f  737/610/5  735/611/5  734/612/5  738/613/5
usemtl tex/5sqtunnelroaddark
f  733/888/6  736/62/6  737/889/6  738/890/6

o entity1_brush81
usemtl tex/5sqtunnelroaddark
f  739/891/1  740/892/1  741/893/1  742/894/1
usemtl tex/5sqtunnelroaddark
f  743/895/2  741/27/2  740/30/2  744/896/2
usemtl tex/5sqtunnelroaddark
f  744/897/3  740/898/3  739/899/3
usemtl tex/5sqtunnelroaddark
f  742/899/4  741/898/4  743/897/4
usemtl tex/5sqtunnelroaddark
f  744/900/136  739/901/136  742/902/136  743/903/136

o entity1_brush82
usemtl tex/5sqtunnelroaddark
f  745/904/1  746/905/1  747/901/1  748/900/1
usemtl tex/5sqtunnelroaddark
f  748/906/3  747/907/3  749/908/3
usemtl tex/5sqtunnelroaddark
f  750/908/4  746/907/4  745/906/4
usemtl tex/5sqtunnelroaddark
f  749/909/5  747/910/5  746/911/5  750/912/5
usemtl tex/5sqtunnelroaddark
f  745/904/134  748/900/134  749/901/134  750/905/134

o entity1_brush83
usemtl tex/5sqtunnelroaddark
f  751/913/1  752/914/1  753/915/1  754/916/1
usemtl tex/5sqtunnelroaddark
f  755/917/2  753/918/2  752/919/2  756/29/2
usemtl tex/5sqtunnelroaddark
f  756/920/3  752/921/3  751/922/3
usemtl tex/5sqtunnelroaddark
f  754/922/4  753/921/4  755/920/4
usemtl tex/5sqtunnelroaddark
f  756/878/136  751/877/136  754/923/136  755/924/136

o entity1_brush84
usemtl tex/5sqtunnelroaddark
f  757/925/135  758/51/135  759/50/135  760/869/135
usemtl tex/5sqtunnelroaddark
f  760/926/3  759/927/3  761/928/3
usemtl tex/5sqtunnelroaddark
f  762/928/4  758/927/4  757/926/4
usemtl tex/5sqtunnelroaddark
f  761/849/5  759/850/5  758/851/5  762/852/5
usemtl tex/5sqtunnelroaddark
f  757/54/6  760/55/6  761/929/6  762/930/6

o entity1_brush85
usemtl tex/5sqtunnelroaddark
f  763/884/133  764/49/133  765/52/133  766/931/133
usemtl tex/5sqtunnelroaddark
f  767/18/2  765/832/2  764/833/2  768/19/2
usemtl tex/5sqtunnelroaddark
f  768/932/3  764/933/3  763/934/3
usemtl tex/5sqtunnelroaddark
f  766/934/4  765/933/4  767/932/4
usemtl tex/5sqtunnelroaddark
f  768/49/6  763/884/6  766/931/6  767/52/6

o entity1_brush86
usemtl tex/5sqtunnelroaddark
f  769/935/1  770/936/1  771/937/1  772/938/1
usemtl tex/5sqtunnelroaddark
f  773/939/200  770/940/200  769/941/200  774/942/200
usemtl tex/5sqtunnelroaddark
f  775/943/2  772/944/2  771/940/2  776/939/2
usemtl tex/5sqtunnelroaddark
f  776/945/3  771/946/3  770/947/3  773/948/3
usemtl tex/5sqtunnelroaddark
f  774/949/201  769/950/201  772/946/201  775/945/201
usemtl tex/5sqtunnelroaddark
f  775/938/6  776/937/6  773/936/6  774/935/6

o entity1_brush87
usemtl tex/5sqtunnelroaddark
f  777/951/1  778/952/1  779/953/1  780/954/1
usemtl tex/5sqtunnelroaddark
f  781/939/202  778/940/202  777/505/202  782/955/202
usemtl tex/5sqtunnelroaddark
f  783/956/203  780/957/203  779/958/203  784/959/203
usemtl tex/5sqtunnelroaddark
f  784/942/204  779/941/204  778/940/204  781/939/204
usemtl tex/5sqtunnelroaddark
f  782/960/205  777/961/205  780/962/205  783/963/205
usemtl tex/5sqtunnelroaddark
f  783/954/6  784/953/6  781/952/6  782/951/6

o entity1_brush88
usemtl tex/5sqtunnelroaddark
f  785/964/1  786/965/1  787/966/1  788/967/1
usemtl tex/5sqtunnelroaddark
f  789/968/206  788/969/206  787/970/206  790/971/206
usemtl tex/5sqtunnelroaddark
f  791/972/207  786/973/207  785/974/207  792/975/207
usemtl tex/5sqtunnelroaddark
f  790/976/208  787/977/208  786/973/208  791/972/208
usemtl tex/5sqtunnelroaddark
f  792/963/209  785/962/209  788/961/209  789/960/209
usemtl tex/5sqtunnelroaddark
f  789/967/6  790/966/6  791/965/6  792/964/6

o entity1_brush89
usemtl tex/5sqtunnelroaddark
f  793/978/1  794/979/1  795/966/1  796/965/1
usemtl tex/5sqtunnelroaddark
f  797/972/210  796/973/210  795/977/210  798/976/210
usemtl tex/5sqtunnelroaddark
f  799/976/2  794/977/2  793/973/2  800/972/2
usemtl tex/5sqtunnelroaddark
f  798/948/4  795/947/4  794/946/4  799/945/4
usemtl tex/5sqtunnelroaddark
f  800/945/211  793/946/211  796/950/211  797/949/211
usemtl tex/5sqtunnelroaddark
f  797/965/6  798/966/6  799/979/6  800/978/6

o entity1_brush90
usemtl tex/5sqtunnelroaddark
f  801/980/1  802/981/1  803/982/1  804/983/1
usemtl tex/5sqtunnelroaddark
f  805/963/212  802/962/212  801/961/212  806/960/212
usemtl tex/5sqtunnelroaddark
f  807/960/213  804/961/213  803/962/213  808/963/213
usemtl tex/5sqtunnelroaddark
f  808/984/2  803/985/2  802/986/2  805/987/2
usemtl tex/5sqtunnelroaddark
f  806/988/5  801/499/5  804/520/5  807/989/5
usemtl tex/5sqtunnelroaddark
f  807/983/6  808/982/6  805/981/6  806/980/6

o entity1_brush91
usemtl tex/5sqtunnelroaddark
f  809/990/1  810/991/1  811/992/1  812/993/1
usemtl tex/5sqtunnelroaddark
f  813/994/2  811/995/2  810/996/2  814/997/2
usemtl tex/5sqtunnelroaddark
f  814/998/131  810/999/131  809/1000/131  815/1001/131
usemtl tex/5sqtunnelroaddark
f  816/1002/4  812/1000/4  811/999/4  813/1003/4
usemtl tex/5sqtunnelroaddark
f  815/997/5  809/996/5  812/995/5  816/994/5
usemtl tex/5sqtunnelroaddark
f  816/993/214  813/992/214  814/991/214  815/990/214

o entity1_brush92
usemtl tex/5sqtunnelroaddark
f  817/993/215  818/990/215  819/1004/215  820/1005/215
usemtl tex/5sqtunnelroaddark
f  821/1006/216  819/1007/216  818/1008/216  822/1009/216
usemtl tex/5sqtunnelroaddark
f  820/994/2  819/997/2  821/1010/2  823/1011/2
usemtl tex/5sqtunnelroaddark
f  824/1011/5  822/1010/5  818/997/5  817/994/5
usemtl tex/5sqtunnelroaddark
f  823/1012/217  821/1013/217  822/1014/217  824/1015/217
usemtl tex/5sqtunnelroaddark
f  824/1016/218  817/1017/218  820/1018/218  823/1019/218

o entity1_brush93
usemtl tex/5sqtunnelroaddark
f  825/1020/1  826/1021/1  827/1022/1  828/1023/1
usemtl tex/5sqtunnelroaddark
f  829/1024/219  826/1025/219  825/1026/219  830/1027/219
usemtl tex/5sqtunnelroaddark
f  831/1015/220  828/1014/220  827/1013/220  832/1012/220
usemtl tex/5sqtunnelroaddark
f  832/1011/2  827/1010/2  826/1028/2  829/1029/2
usemtl tex/5sqtunnelroaddark
f  830/1029/5  825/1028/5  828/1010/5  831/1011/5
usemtl tex/5sqtunnelroaddark
f  831/1030/6  832/1031/6  829/1032/6  830/1033/6

o entity1_brush94
usemtl tex/5sqtunnelroaddark
f  833/1034/221  834/1035/221  835/1036/221  836/1037/221
usemtl tex/5sqtunnelroaddark
f  837/1020/222  835/1038/222  834/1039/222  838/1021/222
usemtl tex/5sqtunnelroaddark
f  839/1029/2  838/1028/2  834/1040/2  833/1041/2
usemtl tex/5sqtunnelroaddark
f  836/1042/5  835/1043/5  837/1044/5  840/1045/5
usemtl tex/5sqtunnelroaddark
f  840/1027/223  837/1026/223  838/1025/223  839/1024/223
usemtl tex/5sqtunnelroaddark
f  833/1046/224  836/1047/224  840/1048/224  839/1049/224

o entity1_brush95
usemtl tex/5sqtunnelroaddark
f  841/1037/1  842/1034/1  843/1035/1  844/1036/1
usemtl tex/5sqtunnelroaddark
f  845/1001/225  844/1000/225  843/1050/225  846/1051/225
usemtl tex/5sqtunnelroaddark
f  846/1052/2  843/1053/2  842/1054/2  847/1041/2
usemtl tex/5sqtunnelroaddark
f  847/1055/3  842/1050/3  841/1000/3  848/1002/3
usemtl tex/5sqtunnelroaddark
f  848/1041/5  841/1054/5  844/1053/5  845/1052/5
usemtl tex/5sqtunnelroaddark
f  847/1034/226  848/1037/226  845/1036/226  846/1035/226

o entity1_brush96
usemtl tex/5sqtunnelroaddark
f  849/1056/227  850/1057/227  851/1058/227  852/1059/227
usemtl tex/5sqtunnelroaddark
f  853/1060/2  851/1061/2  850/1062/2  854/1063/2
usemtl tex/5sqtunnelroaddark
f  855/1064/4  852/1065/4  851/1066/4  853/1067/4
usemtl tex/5sqtunnelroaddark
f  854/1067/228  850/1068/228  849/1069/228  856/1064/228
usemtl tex/5sqtunnelroaddark
f  856/1063/5  849/1062/5  852/1061/5  855/1060/5
usemtl tex/5sqtunnelroaddark
f  853/1058/6  854/1057/6  856/1056/6  855/1059/6

o entity1_brush97
usemtl tex/5sqtunnelroaddark
f  857/1070/229  858/1071/229  859/1072/229  860/1073/229
usemtl tex/5sqtunnelroaddark
f  861/1074/230  859/1075/230  858/1076/230  862/1077/230
usemtl tex/5sqtunnelroaddark
f  860/1061/2  859/1078/2  861/1079/2  863/1062/2
usemtl tex/5sqtunnelroaddark
f  864/1062/5  862/1080/5  858/1078/5  857/1061/5
usemtl tex/5sqtunnelroaddark
f  863/1081/231  861/1082/231  862/1083/231  864/1084/231
usemtl tex/5sqtunnelroaddark
f  863/1085/232  864/1056/232  857/1059/232  860/1086/232

o entity1_brush98
usemtl tex/5sqtunnelroaddark
f  865/1087/1  866/1088/1  867/1089/1  868/1090/1
usemtl tex/5sqtunnelroaddark
f  869/1080/2  866/1078/2  865/1091/2  870/1092/2
usemtl tex/5sqtunnelroaddark
f  871/1092/5  868/1091/5  867/1078/5  872/1080/5
usemtl tex/5sqtunnelroaddark
f  872/1077/233  867/1076/233  866/1075/233  869/1074/233
usemtl tex/5sqtunnelroaddark
f  870/1093/234  865/1094/234  868/1095/234  871/1096/234
usemtl tex/5sqtunnelroaddark
f  870/1097/6  871/1098/6  872/1099/6  869/1100/6

o entity1_brush99
usemtl tex/5sqtunnelroaddark
f  873/1101/235  874/1102/235  875/1103/235  876/1104/235
usemtl tex/5sqtunnelroaddark
f  877/1096/236  875/1095/236  874/1094/236  878/1093/236
usemtl tex/5sqtunnelroaddark
f  879/1105/2  878/1106/2  874/1107/2  873/1108/2
usemtl tex/5sqtunnelroaddark
f  876/1109/5  875/1110/5  877/1111/5  880/1112/5
usemtl tex/5sqtunnelroaddark
f  880/1113/237  877/1114/237  878/1097/237  879/1115/237
usemtl tex/5sqtunnelroaddark
f  873/1116/238  876/1117/238  880/1118/238  879/1119/238

o entity1_brush100
usemtl tex/5sqtunnelroaddark
f  881/1118/239  882/1117/239  883/1116/239  884/1120/239
usemtl tex/5sqtunnelroaddark
f  885/1121/2  884/1122/2  883/1109/2  886/1123/2
usemtl tex/5sqtunnelroaddark
f  886/1124/3  883/1125/3  882/1065/3  887/1064/3
usemtl tex/5sqtunnelroaddark
f  887/1123/5  882/1109/5  881/1122/5  888/1121/5
usemtl tex/5sqtunnelroaddark
f  888/1064/240  881/1069/240  884/1126/240  885/1124/240
usemtl tex/5sqtunnelroaddark
f  887/1117/6  888/1118/6  885/1120/6  886/1116/6

o entity1_brush101
usemtl tex/5sqtunnelroaddark
f  889/1127/241  890/1128/241  891/1129/241  892/1130/241
usemtl tex/5sqtunnelroaddark
f  893/1060/2  891/1061/2  890/1062/2  894/1063/2
usemtl tex/5sqtunnelroaddark
f  895/1131/4  892/1132/4  891/1133/4  893/1134/4
usemtl tex/5sqtunnelroaddark
f  894/1134/242  890/1135/242  889/1136/242  896/1131/242
usemtl tex/5sqtunnelroaddark
f  896/1063/5  889/1062/5  892/1061/5  895/1060/5
usemtl tex/5sqtunnelroaddark
f  893/1129/6  894/1128/6  896/1127/6  895/1130/6

o entity1_brush102
usemtl tex/5sqtunnelroaddark
f  897/1137/243  898/1138/243  899/1139/243  900/1140/243
usemtl tex/5sqtunnelroaddark
f  901/1141/244  899/1142/244  898/1143/244  902/1144/244
usemtl tex/5sqtunnelroaddark
f  900/1061/2  899/1078/2  901/1079/2  903/1062/2
usemtl tex/5sqtunnelroaddark
f  904/1062/5  902/1080/5  898/1078/5  897/1061/5
usemtl tex/5sqtunnelroaddark
f  903/1145/245  901/1146/245  902/1147/245  904/1148/245
usemtl tex/5sqtunnelroaddark
f  903/1128/246  904/1127/246  897/1130/246  900/1129/246

o entity1_brush103
usemtl tex/5sqtunnelroaddark
f  905/1149/1  906/1150/1  907/1151/1  908/1152/1
usemtl tex/5sqtunnelroaddark
f  909/1080/2  906/1078/2  905/1091/2  910/1092/2
usemtl tex/5sqtunnelroaddark
f  911/1092/5  908/1091/5  907/1078/5  912/1080/5
usemtl tex/5sqtunnelroaddark
f  912/1144/247  907/1143/247  906/1142/247  909/1141/247
usemtl tex/5sqtunnelroaddark
f  910/1153/248  905/1154/248  908/1155/248  911/1156/248
usemtl tex/5sqtunnelroaddark
f  910/1157/6  911/1158/6  912/1159/6  909/1160/6

o entity1_brush104
usemtl tex/5sqtunnelroaddark
f  913/1161/249  914/1162/249  915/1163/249  916/1164/249
usemtl tex/5sqtunnelroaddark
f  917/1156/250  915/1155/250  914/1154/250  918/1153/250
usemtl tex/5sqtunnelroaddark
f  919/1122/2  918/1106/2  914/1107/2  913/1108/2
usemtl tex/5sqtunnelroaddark
f  916/1109/5  915/1110/5  917/1092/5  920/1112/5
usemtl tex/5sqtunnelroaddark
f  920/1165/251  917/1158/251  918/1157/251  919/1166/251
usemtl tex/5sqtunnelroaddark
f  913/1167/252  916/1168/252  920/1169/252  919/1170/252

o entity1_brush105
usemtl tex/5sqtunnelroaddark
f  921/1169/253  922/1168/253  923/1167/253  924/1171/253
usemtl tex/5sqtunnelroaddark
f  925/1121/2  924/1122/2  923/1109/2  926/1123/2
usemtl tex/5sqtunnelroaddark
f  926/1134/3  923/1133/3  922/1132/3  927/1131/3
usemtl tex/5sqtunnelroaddark
f  927/1123/5  922/1109/5  921/1122/5  928/1121/5
usemtl tex/5sqtunnelroaddark
f  928/1131/254  921/1136/254  924/1135/254  925/1134/254
usemtl tex/5sqtunnelroaddark
f  927/1168/6  928/1169/6  925/1171/6  926/1167/6

o entity1_brush106
usemtl tex/5sqtunnelroaddark
f  929/1172/1  930/1173/1  931/1174/1  932/1175/1
usemtl tex/5sqtunnelroaddark
f  933/1176/255  932/1177/255  931/1178/255  934/1179/255
usemtl tex/5sqtunnelroaddark
f  934/1180/2  931/1181/2  930/1182/2  935/1183/2
usemtl tex/5sqtunnelroaddark
f  935/1184/3  930/1178/3  929/1177/3  936/1185/3
usemtl tex/5sqtunnelroaddark
f  936/1183/5  929/1182/5  932/1181/5  933/1180/5
usemtl tex/5sqtunnelroaddark
f  935/1173/256  936/1172/256  933/1175/256  934/1174/256

o entity1_brush107
usemtl tex/5sqtunnelroaddark
f  937/1186/257  938/1174/257  939/1187/257  940/1188/257
usemtl tex/5sqtunnelroaddark
f  941/1189/258  939/1190/258  938/1191/258  942/1192/258
usemtl tex/5sqtunnelroaddark
f  943/1193/2  942/1194/2  938/1195/2  937/1183/2
usemtl tex/5sqtunnelroaddark
f  940/1183/5  939/1196/5  941/1194/5  944/1193/5
usemtl tex/5sqtunnelroaddark
f  944/1197/259  941/1198/259  942/1199/259  943/1200/259
usemtl tex/5sqtunnelroaddark
f  937/1201/260  940/1202/260  944/1203/260  943/1204/260

o entity1_brush108
usemtl tex/5sqtunnelroaddark
f  945/1205/1  946/1206/1  947/1207/1  948/1208/1
usemtl tex/5sqtunnelroaddark
f  949/1209/261  948/1210/261  947/1211/261  950/1212/261
usemtl tex/5sqtunnelroaddark
f  951/1200/262  946/1199/262  945/1198/262  952/1197/262
usemtl tex/5sqtunnelroaddark
f  950/1213/2  947/1214/2  946/1215/2  951/1193/2
usemtl tex/5sqtunnelroaddark
f  952/1193/5  945/1215/5  948/1214/5  949/1213/5
usemtl tex/5sqtunnelroaddark
f  949/1216/6  950/1217/6  951/1218/6  952/1219/6

o entity1_brush109
usemtl tex/5sqtunnelroaddark
f  953/1220/263  954/1221/263  955/1222/263  956/1223/263
usemtl tex/5sqtunnelroaddark
f  957/1207/264  955/1222/264  954/1221/264  958/1208/264
usemtl tex/5sqtunnelroaddark
f  956/1224/2  955/1225/2  957/1214/2  959/1213/2
usemtl tex/5sqtunnelroaddark
f  960/1213/5  958/1214/5  954/1225/5  953/1224/5
usemtl tex/5sqtunnelroaddark
f  959/1212/265  957/1211/265  958/1210/265  960/1209/265
usemtl tex/5sqtunnelroaddark
f  960/1216/266  953/1220/266  956/1223/266  959/1217/266

o entity1_brush110
usemtl tex/5sqtunnelroaddark
f  961/1221/1  962/1222/1  963/1223/1  964/1220/1
usemtl tex/5sqtunnelroaddark
f  965/1179/267  962/1178/267  961/1177/267  966/1176/267
usemtl tex/5sqtunnelroaddark
f  967/1224/2  963/1226/2  962/1227/2  965/1225/2
usemtl tex/5sqtunnelroaddark
f  968/1185/4  964/1177/4  963/1178/4  967/1184/4
usemtl tex/5sqtunnelroaddark
f  966/1225/5  961/1227/5  964/1226/5  968/1224/5
usemtl tex/5sqtunnelroaddark
f  968/1220/268  967/1223/268  965/1222/268  966/1221/268

o entity1_brush111
usemtl tex/5sqtunnelroaddark
f  969/1161/249  970/1162/249  971/1163/249  972/1164/249
usemtl tex/5sqtunnelroaddark
f  973/1228/250  971/1229/250  970/1230/250  974/1231/250
usemtl tex/5sqtunnelroaddark
f  975/1232/2  974/1233/2  970/1234/2  969/1235/2
usemtl tex/5sqtunnelroaddark
f  972/1236/5  971/1237/5  973/1238/5  976/1239/5
usemtl tex/5sqtunnelroaddark
f  976/1165/251  973/1158/251  974/1157/251  975/1166/251
usemtl tex/5sqtunnelroaddark
f  969/1167/252  972/1168/252  976/1169/252  975/1170/252

o entity1_brush112
usemtl tex/5sqtunnelroaddark
f  977/1169/253  978/1168/253  979/1167/253  980/1171/253
usemtl tex/5sqtunnelroaddark
f  981/1240/2  980/1232/2  979/1236/2  982/1241/2
usemtl tex/5sqtunnelroaddark
f  982/1242/3  979/1243/3  978/1244/3  983/1245/3
usemtl tex/5sqtunnelroaddark
f  983/1241/5  978/1236/5  977/1232/5  984/1240/5
usemtl tex/5sqtunnelroaddark
f  984/1245/254  977/1246/254  980/1247/254  981/1242/254
usemtl tex/5sqtunnelroaddark
f  983/1168/6  984/1169/6  981/1171/6  982/1167/6

o entity1_brush113
usemtl tex/5sqtunnelroaddark
f  985/1149/1  986/1150/1  987/1151/1  988/1152/1
usemtl tex/5sqtunnelroaddark
f  989/1248/2  986/1249/2  985/1250/2  990/1238/2
usemtl tex/5sqtunnelroaddark
f  991/1238/5  988/1250/5  987/1249/5  992/1248/5
usemtl tex/5sqtunnelroaddark
f  992/1251/247  987/1252/247  986/1253/247  989/1254/247
usemtl tex/5sqtunnelroaddark
f  990/1231/248  985/1230/248  988/1229/248  991/1228/248
usemtl tex/5sqtunnelroaddark
f  990/1157/6  991/1158/6  992/1159/6  989/1160/6

o entity1_brush114
usemtl tex/5sqtunnelroaddark
f  993/1137/243  994/1138/243  995/1139/243  996/1140/243
usemtl tex/5sqtunnelroaddark
f  997/1254/244  995/1253/244  994/1252/244  998/1251/244
usemtl tex/5sqtunnelroaddark
f  996/1255/2  995/1249/2  997/1256/2  999/1257/2
usemtl tex/5sqtunnelroaddark
f  1000/1257/5  998/1248/5  994/1249/5  993/1255/5
usemtl tex/5sqtunnelroaddark
f  999/1145/245  997/1146/245  998/1147/245  1000/1148/245
usemtl tex/5sqtunnelroaddark
f  999/1128/246  1000/1127/246  993/1130/246  996/1129/246

o entity1_brush115
usemtl tex/5sqtunnelroaddark
f  1001/1127/241  1002/1128/241  1003/1129/241  1004/1130/241
usemtl tex/5sqtunnelroaddark
f  1005/1258/2  1003/1255/2  1002/1257/2  1006/1259/2
usemtl tex/5sqtunnelroaddark
f  1007/1245/4  1004/1244/4  1003/1243/4  1005/1242/4
usemtl tex/5sqtunnelroaddark
f  1006/1242/242  1002/1247/242  1001/1246/242  1008/1245/242
usemtl tex/5sqtunnelroaddark
f  1008/1259/5  1001/1257/5  1004/1255/5  1007/1258/5
usemtl tex/5sqtunnelroaddark
f  1005/1129/6  1006/1128/6  1008/1127/6  1007/1130/6

o entity1_brush116
usemtl tex/5sqtunnelroaddark
f  1009/1221/1  1010/1222/1  1011/1223/1  1012/1220/1
usemtl tex/5sqtunnelroaddark
f  1013/1260/267  1010/1261/267  1009/1262/267  1014/1263/267
usemtl tex/5sqtunnelroaddark
f  1015/1264/2  1011/1265/2  1010/1266/2  1013/1267/2
usemtl tex/5sqtunnelroaddark
f  1016/1268/4  1012/1262/4  1011/1261/4  1015/1269/4
usemtl tex/5sqtunnelroaddark
f  1014/1267/5  1009/1266/5  1012/1265/5  1016/1264/5
usemtl tex/5sqtunnelroaddark
f  1016/1220/268  1015/1223/268  1013/1222/268  1014/1221/268

o entity1_brush117
usemtl tex/5sqtunnelroaddark
f  1017/1220/269  1018/1221/269  1019/1222/269  1020/1223/269
usemtl tex/5sqtunnelroaddark
f  1021/1207/270  1019/1222/270  1018/1221/270  1022/1208/270
usemtl tex/5sqtunnelroaddark
f  1020/1264/2  1019/1267/2  1021/1270/2  1023/1271/2
usemtl tex/5sqtunnelroaddark
f  1024/1271/5  1022/1270/5  1018/1267/5  1017/1264/5
usemtl tex/5sqtunnelroaddark
f  1023/1272/265  1021/1273/265  1022/1274/265  1024/1275/265
usemtl tex/5sqtunnelroaddark
f  1024/1216/271  1017/1220/271  1020/1223/271  1023/1217/271

o entity1_brush118
usemtl tex/5sqtunnelroaddark
f  1025/1205/1  1026/1206/1  1027/1207/1  1028/1208/1
usemtl tex/5sqtunnelroaddark
f  1029/1275/261  1028/1274/261  1027/1273/261  1030/1272/261
usemtl tex/5sqtunnelroaddark
f  1031/1276/262  1026/1277/262  1025/1278/262  1032/1279/262
usemtl tex/5sqtunnelroaddark
f  1030/1271/2  1027/1270/2  1026/1280/2  1031/1281/2
usemtl tex/5sqtunnelroaddark
f  1032/1281/5  1025/1280/5  1028/1270/5  1029/1271/5
usemtl tex/5sqtunnelroaddark
f  1029/1216/6  1030/1217/6  1031/1218/6  1032/1219/6

o entity1_brush119
usemtl tex/5sqtunnelroaddark
f  1033/1186/272  1034/1174/272  1035/1187/272  1036/1188/272
usemtl tex/5sqtunnelroaddark
f  1037/1189/273  1035/1190/273  1034/1191/273  1038/1192/273
usemtl tex/5sqtunnelroaddark
f  1039/1281/2  1038/1282/2  1034/1283/2  1033/1284/2
usemtl tex/5sqtunnelroaddark
f  1036/1284/5  1035/1285/5  1037/1282/5  1040/1281/5
usemtl tex/5sqtunnelroaddark
f  1040/1279/259  1037/1278/259  1038/1277/259  1039/1276/259
usemtl tex/5sqtunnelroaddark
f  1033/1201/274  1036/1202/274  1040/1203/274  1039/1204/274

o entity1_brush120
usemtl tex/5sqtunnelroaddark
f  1041/1172/1  1042/1173/1  1043/1174/1  1044/1175/1
usemtl tex/5sqtunnelroaddark
f  1045/1263/275  1044/1262/275  1043/1261/275  1046/1260/275
usemtl tex/5sqtunnelroaddark
f  1046/1286/2  1043/1287/2  1042/1288/2  1047/1284/2
usemtl tex/5sqtunnelroaddark
f  1047/1269/3  1042/1261/3  1041/1262/3  1048/1268/3
usemtl tex/5sqtunnelroaddark
f  1048/1284/5  1041/1288/5  1044/1287/5  1045/1286/5
usemtl tex/5sqtunnelroaddark
f  1047/1173/276  1048/1172/276  1045/1175/276  1046/1174/276

o entity1_brush121
usemtl tex/5sqtunnelroaddark
f  1049/882/135  1050/883/135  1051/884/135  1052/49/135
usemtl tex/5sqtunnelroaddark
f  1052/1289/3  1051/1290/3  1053/1291/3
usemtl tex/5sqtunnelroaddark
f  1054/1291/4  1050/1290/4  1049/1289/4
usemtl tex/5sqtunnelroaddark
f  1053/1292/5  1051/1293/5  1050/1294/5  1054/1295/5
usemtl tex/5sqtunnelroaddark
f  1049/888/6  1052/62/6  1053/889/6  1054/890/6

o entity1_brush122
usemtl tex/5sqtunnelroaddark
f  1055/891/1  1056/892/1  1057/893/1  1058/894/1
usemtl tex/5sqtunnelroaddark
f  1059/1296/2  1057/100/2  1056/101/2  1060/1297/2
usemtl tex/5sqtunnelroaddark
f  1060/1298/3  1056/1299/3  1055/1300/3
usemtl tex/5sqtunnelroaddark
f  1058/1300/4  1057/1299/4  1059/1298/4
usemtl tex/5sqtunnelroaddark
f  1060/900/136  1055/901/136  1058/902/136  1059/903/136

o entity1_brush123
usemtl tex/5sqtunnelroaddark
f  1061/884/133  1062/49/133  1063/52/133  1064/931/133
usemtl tex/5sqtunnelroaddark
f  1065/70/2  1063/1301/2  1062/1302/2  1066/71/2
usemtl tex/5sqtunnelroaddark
f  1066/1303/3  1062/1304/3  1061/1305/3
usemtl tex/5sqtunnelroaddark
f  1064/1305/4  1063/1304/4  1065/1303/4
usemtl tex/5sqtunnelroaddark
f  1066/49/6  1061/884/6  1064/931/6  1065/52/6

o entity1_brush124
usemtl tex/5sqtunnelroaddark
f  1067/904/1  1068/905/1  1069/901/1  1070/900/1
usemtl tex/5sqtunnelroaddark
f  1070/1306/3  1069/1307/3  1071/1308/3
usemtl tex/5sqtunnelroaddark
f  1072/1308/4  1068/1307/4  1067/1306/4
usemtl tex/5sqtunnelroaddark
f  1071/1309/5  1069/1310/5  1068/1311/5  1072/1312/5
usemtl tex/5sqtunnelroaddark
f  1067/904/134  1070/900/134  1071/901/134  1072/905/134

o entity1_brush125
usemtl tex/5sqtunnelroaddark
f  1073/1313/1  1074/1314/1  1075/1315/1  1076/1316/1
usemtl tex/5sqtunnelroaddark
f  1077/1317/277  1074/1318/277  1073/1319/277  1078/1320/277
usemtl tex/5sqtunnelroaddark
f  1079/1321/3  1076/1322/3  1075/1318/3  1080/1317/3
usemtl tex/5sqtunnelroaddark
f  1080/1323/5  1075/481/5  1074/484/5  1077/1324/5
usemtl tex/5sqtunnelroaddark
f  1078/1324/278  1073/484/278  1076/481/278  1079/1323/278
usemtl tex/5sqtunnelroaddark
f  1079/1316/6  1080/1315/6  1077/1314/6  1078/1313/6

o entity1_brush126
usemtl tex/5sqtunnelroaddark
f  1081/1325/1  1082/1326/1  1083/1327/1  1084/1316/1
usemtl tex/5sqtunnelroaddark
f  1085/1328/279  1082/1329/279  1081/1330/279  1086/1331/279
usemtl tex/5sqtunnelroaddark
f  1087/1323/280  1084/481/280  1083/484/280  1088/1324/280
usemtl tex/5sqtunnelroaddark
f  1088/1332/281  1083/496/281  1082/495/281  1085/1333/281
usemtl tex/5sqtunnelroaddark
f  1086/1334/282  1081/512/282  1084/511/282  1087/1335/282
usemtl tex/5sqtunnelroaddark
f  1088/1336/6  1085/1337/6  1086/1338/6  1087/1339/6

o entity1_brush127
usemtl tex/5sqtunnelroaddark
f  1089/1340/1  1090/1341/1  1091/1342/1  1092/1016/1
usemtl tex/5sqtunnelroaddark
f  1093/1343/283  1092/1344/283  1091/1345/283  1094/1346/283
usemtl tex/5sqtunnelroaddark
f  1095/1347/284  1090/527/284  1089/526/284  1096/1348/284
usemtl tex/5sqtunnelroaddark
f  1094/1080/285  1091/533/285  1090/532/285  1095/1349/285
usemtl tex/5sqtunnelroaddark
f  1096/1350/286  1089/536/286  1092/227/286  1093/1351/286
usemtl tex/5sqtunnelroaddark
f  1093/1016/6  1094/1342/6  1095/1341/6  1096/1340/6

o entity1_brush128
usemtl tex/5sqtunnelroaddark
f  1097/1340/1  1098/1352/1  1099/1353/1  1100/1341/1
usemtl tex/5sqtunnelroaddark
f  1101/1320/287  1100/1319/287  1099/1318/287  1102/1317/287
usemtl tex/5sqtunnelroaddark
f  1103/1317/4  1098/1318/4  1097/1322/4  1104/1321/4
usemtl tex/5sqtunnelroaddark
f  1102/1347/5  1099/527/5  1098/526/5  1103/1348/5
usemtl tex/5sqtunnelroaddark
f  1104/1348/288  1097/526/288  1100/527/288  1101/1347/288
usemtl tex/5sqtunnelroaddark
f  1101/1341/6  1102/1353/6  1103/1352/6  1104/1340/6

o entity1_brush129
usemtl tex/5sqtunnelroaddark
f  1105/1325/1  1106/1016/1  1107/1342/1  1108/1326/1
usemtl tex/5sqtunnelroaddark
f  1109/1354/2  1106/522/2  1105/525/2  1110/1355/2
usemtl tex/5sqtunnelroaddark
f  1111/1346/289  1107/1345/289  1106/1344/289  1109/1343/289
usemtl tex/5sqtunnelroaddark
f  1112/1333/5  1108/495/5  1107/515/5  1111/1356/5
usemtl tex/5sqtunnelroaddark
f  1110/1331/290  1105/1330/290  1108/1329/290  1112/1328/290
usemtl tex/5sqtunnelroaddark
f  1112/1326/6  1111/1342/6  1109/1016/6  1110/1325/6

o entity1_brush130
usemtl tex/5sqtunnelroaddark
f  1113/1357/1  1114/1358/1  1115/1359/1  1116/1360/1
usemtl tex/5sqtunnelroaddark
f  1117/1361/291  1114/1362/291  1113/1363/291  1118/1364/291
usemtl tex/5sqtunnelroaddark
f  1119/1364/2  1116/1363/2  1115/1362/2  1120/1361/2
usemtl tex/5sqtunnelroaddark
f  1120/1365/3  1115/1366/3  1114/1367/3  1117/1368/3
usemtl tex/5sqtunnelroaddark
f  1118/1369/292  1113/1370/292  1116/1366/292  1119/1365/292
usemtl tex/5sqtunnelroaddark
f  1119/1360/6  1120/1359/6  1117/1358/6  1118/1357/6

o entity1_brush131
usemtl tex/5sqtunnelroaddark
f  1121/1371/1  1122/1372/1  1123/1373/1  1124/1374/1
usemtl tex/5sqtunnelroaddark
f  1125/1375/293  1122/1376/293  1121/1377/293  1126/1378/293
usemtl tex/5sqtunnelroaddark
f  1127/1379/294  1124/1380/294  1123/1381/294  1128/1382/294
usemtl tex/5sqtunnelroaddark
f  1128/1364/295  1123/1363/295  1122/1362/295  1125/1361/295
usemtl tex/5sqtunnelroaddark
f  1126/1383/296  1121/1384/296  1124/1385/296  1127/1386/296
usemtl tex/5sqtunnelroaddark
f  1127/1387/6  1128/1388/6  1125/1358/6  1126/1389/6

o entity1_brush132
usemtl tex/5sqtunnelroaddark
f  1129/1389/1  1130/1387/1  1131/1390/1  1132/1391/1
usemtl tex/5sqtunnelroaddark
f  1133/1386/297  1130/1385/297  1129/1384/297  1134/1383/297
usemtl tex/5sqtunnelroaddark
f  1135/1392/298  1132/1393/298  1131/1394/298  1136/1395/298
usemtl tex/5sqtunnelroaddark
f  1136/1396/2  1131/1397/2  1130/1380/2  1133/1379/2
usemtl tex/5sqtunnelroaddark
f  1134/1398/5  1129/1399/5  1132/1400/5  1135/1401/5
usemtl tex/5sqtunnelroaddark
f  1135/1391/6  1136/1390/6  1133/1387/6  1134/1389/6

o entity1_brush133
usemtl tex/5sqtunnelroaddark
f  1137/1402/1  1138/1403/1  1139/1404/1  1140/1405/1
usemtl tex/5sqtunnelroaddark
f  1141/1406/299  1140/1407/299  1139/1408/299  1142/1409/299
usemtl tex/5sqtunnelroaddark
f  1143/1409/2  1138/1408/2  1137/1407/2  1144/1406/2
usemtl tex/5sqtunnelroaddark
f  1142/1368/4  1139/1367/4  1138/1366/4  1143/1365/4
usemtl tex/5sqtunnelroaddark
f  1144/1365/300  1137/1366/300  1140/1370/300  1141/1369/300
usemtl tex/5sqtunnelroaddark
f  1141/1405/6  1142/1404/6  1143/1403/6  1144/1402/6

o entity1_brush134
usemtl tex/5sqtunnelroaddark
f  1145/1390/1  1146/1405/1  1147/1404/1  1148/1391/1
usemtl tex/5sqtunnelroaddark
f  1149/1410/301  1148/1411/301  1147/1412/301  1150/1413/301
usemtl tex/5sqtunnelroaddark
f  1151/1414/302  1146/1415/302  1145/1416/302  1152/1417/302
usemtl tex/5sqtunnelroaddark
f  1150/1409/303  1147/1408/303  1146/1407/303  1151/1406/303
usemtl tex/5sqtunnelroaddark
f  1152/1395/304  1145/1394/304  1148/1393/304  1149/1392/304
usemtl tex/5sqtunnelroaddark
f  1149/1391/6  1150/1404/6  1151/1405/6  1152/1390/6

o entity1_brush135
usemtl tex/5sqtunnelroaddark
f  1153/1418/1  1154/1419/1  1155/1420/1  1156/1421/1
usemtl tex/5sqtunnelroaddark
f  1156/1422/3  1155/1423/3  1157/1424/3
usemtl tex/5sqtunnelroaddark
f  1158/1424/4  1154/1423/4  1153/1422/4
usemtl tex/5sqtunnelroaddark
f  1157/601/5  1155/602/5  1154/603/5  1158/604/5
usemtl tex/5sqtunnelroaddark
f  1153/1418/134  1156/1421/134  1157/1420/134  1158/1419/134

o entity1_brush136
usemtl tex/5sqtunnelroaddark
f  1159/41/133  1160/1425/133  1161/1426/133  1162/1427/133
usemtl tex/5sqtunnelroaddark
f  1163/588/2  1161/589/2  1160/20/2  1164/590/2
usemtl tex/5sqtunnelroaddark
f  1164/1428/3  1160/1429/3  1159/1430/3
usemtl tex/5sqtunnelroaddark
f  1162/1430/4  1161/1429/4  1163/1428/4
usemtl tex/5sqtunnelroaddark
f  1164/1425/6  1159/41/6  1162/1427/6  1163/1426/6

o entity1_brush137
usemtl tex/5sqtunnelroaddark
f  1165/1431/1  1166/122/1  1167/121/1  1168/1432/1
usemtl tex/5sqtunnelroaddark
f  1169/895/2  1167/27/2  1166/30/2  1170/896/2
usemtl tex/5sqtunnelroaddark
f  1170/1433/3  1166/1434/3  1165/1435/3
usemtl tex/5sqtunnelroaddark
f  1168/1435/4  1167/1434/4  1169/1433/4
usemtl tex/5sqtunnelroaddark
f  1170/1436/136  1165/1437/136  1168/1438/136  1169/1439/136

o entity1_brush138
usemtl tex/5sqtunnelroaddark
f  1171/1440/135  1172/1441/135  1173/1442/135  1174/107/135
usemtl tex/5sqtunnelroaddark
f  1174/1443/3  1173/1444/3  1175/1445/3
usemtl tex/5sqtunnelroaddark
f  1176/1445/4  1172/1444/4  1171/1443/4
usemtl tex/5sqtunnelroaddark
f  1175/610/5  1173/611/5  1172/612/5  1176/613/5
usemtl tex/5sqtunnelroaddark
f  1171/1446/6  1174/117/6  1175/1447/6  1176/1448/6

o entity1_brush139
usemtl tex/5sqtunnelroaddark
f  1177/1442/133  1178/107/133  1179/108/133  1180/1449/133
usemtl tex/5sqtunnelroaddark
f  1181/18/2  1179/832/2  1178/833/2  1182/19/2
usemtl tex/5sqtunnelroaddark
f  1182/1450/3  1178/1451/3  1177/1452/3
usemtl tex/5sqtunnelroaddark
f  1180/1452/4  1179/1451/4  1181/1450/4
usemtl tex/5sqtunnelroaddark
f  1182/107/6  1177/1442/6  1180/1449/6  1181/108/6

o entity1_brush140
usemtl tex/5sqtunnelroaddark
f  1183/1453/1  1184/1454/1  1185/1437/1  1186/1436/1
usemtl tex/5sqtunnelroaddark
f  1186/1455/3  1185/1456/3  1187/1457/3
usemtl tex/5sqtunnelroaddark
f  1188/1457/4  1184/1456/4  1183/1455/4
usemtl tex/5sqtunnelroaddark
f  1187/909/5  1185/910/5  1184/911/5  1188/912/5
usemtl tex/5sqtunnelroaddark
f  1183/1453/305  1186/1436/305  1187/1437/305  1188/1454/305

o entity1_brush141
usemtl tex/5sqtunnelroaddark
f  1189/1458/135  1190/44/135  1191/41/135  1192/1425/135
usemtl tex/5sqtunnelroaddark
f  1192/1459/3  1191/1460/3  1193/1461/3
usemtl tex/5sqtunnelroaddark
f  1194/1461/4  1190/1460/4  1189/1459/4
usemtl tex/5sqtunnelroaddark
f  1193/849/5  1191/850/5  1190/851/5  1194/852/5
usemtl tex/5sqtunnelroaddark
f  1189/1462/6  1192/1463/6  1193/118/6  1194/119/6

o entity1_brush142
usemtl tex/5sqtunnelroaddark
f  1195/1464/1  1196/1465/1  1197/1466/1  1198/1467/1
usemtl tex/5sqtunnelroaddark
f  1199/917/2  1197/918/2  1196/919/2  1200/29/2
usemtl tex/5sqtunnelroaddark
f  1200/1468/3  1196/1469/3  1195/1470/3
usemtl tex/5sqtunnelroaddark
f  1198/1470/4  1197/1469/4  1199/1468/4
usemtl tex/5sqtunnelroaddark
f  1200/1421/136  1195/1420/136  1198/1471/136  1199/1472/136

o entity1_brush143
usemtl tex/5sqtunnelroaddark
f  1201/1473/1  1202/1474/1  1203/1475/1  1204/1476/1
usemtl tex/5sqtunnelroaddark
f  1205/1477/306  1202/1478/306  1201/1479/306  1206/1480/306
usemtl tex/5sqtunnelroaddark
f  1207/1481/4  1203/1482/4  1202/1483/4  1205/1484/4
usemtl tex/5sqtunnelroaddark
f  1208/1480/5  1204/1479/5  1203/1478/5  1207/1477/5
usemtl tex/5sqtunnelroaddark
f  1206/1485/307  1201/1486/307  1204/1482/307  1208/1481/307
usemtl tex/5sqtunnelroaddark
f  1208/1476/6  1207/1475/6  1205/1474/6  1206/1473/6

o entity1_brush144
usemtl tex/5sqtunnelroaddark
f  1209/1487/1  1210/1474/1  1211/1473/1  1212/1488/1
usemtl tex/5sqtunnelroaddark
f  1213/1489/308  1210/1490/308  1209/1491/308  1214/1492/308
usemtl tex/5sqtunnelroaddark
f  1215/1493/309  1212/1494/309  1211/1495/309  1216/1496/309
usemtl tex/5sqtunnelroaddark
f  1216/1480/310  1211/1479/310  1210/1478/310  1213/1477/310
usemtl tex/5sqtunnelroaddark
f  1214/1497/311  1209/1498/311  1212/1499/311  1215/1500/311
usemtl tex/5sqtunnelroaddark
f  1215/1488/6  1216/1473/6  1213/1474/6  1214/1487/6

o entity1_brush145
usemtl tex/5sqtunnelroaddark
f  1217/1501/1  1218/1502/1  1219/1487/1  1220/1488/1
usemtl tex/5sqtunnelroaddark
f  1221/1500/312  1220/1499/312  1219/1498/312  1222/1497/312
usemtl tex/5sqtunnelroaddark
f  1223/1497/313  1218/1498/313  1217/1499/313  1224/1500/313
usemtl tex/5sqtunnelroaddark
f  1222/1503/2  1219/1213/2  1218/1193/2  1223/1504/2
usemtl tex/5sqtunnelroaddark
f  1224/1280/5  1217/1505/5  1220/1506/5  1221/1270/5
usemtl tex/5sqtunnelroaddark
f  1222/1487/6  1223/1502/6  1224/1501/6  1221/1488/6

o entity1_brush146
usemtl tex/5sqtunnelroaddark
f  1225/1507/1  1226/1508/1  1227/1509/1  1228/1510/1
usemtl tex/5sqtunnelroaddark
f  1229/1511/314  1228/1512/314  1227/1513/314  1230/1514/314
usemtl tex/5sqtunnelroaddark
f  1231/1515/315  1226/1516/315  1225/1517/315  1232/1518/315
usemtl tex/5sqtunnelroaddark
f  1230/1519/316  1227/1520/316  1226/1521/316  1231/1522/316
usemtl tex/5sqtunnelroaddark
f  1232/1500/317  1225/1499/317  1228/1498/317  1229/1497/317
usemtl tex/5sqtunnelroaddark
f  1229/1510/6  1230/1509/6  1231/1508/6  1232/1507/6

o entity1_brush147
usemtl tex/5sqtunnelroaddark
f  1233/1523/1  1234/1524/1  1235/1525/1  1236/1526/1
usemtl tex/5sqtunnelroaddark
f  1237/1522/318  1236/1521/318  1235/1520/318  1238/1519/318
usemtl tex/5sqtunnelroaddark
f  1238/1484/3  1235/1483/3  1234/1482/3  1239/1481/3
usemtl tex/5sqtunnelroaddark
f  1239/1519/5  1234/1520/5  1233/1521/5  1240/1522/5
usemtl tex/5sqtunnelroaddark
f  1240/1481/319  1233/1482/319  1236/1486/319  1237/1485/319
usemtl tex/5sqtunnelroaddark
f  1237/1526/6  1238/1525/6  1239/1524/6  1240/1523/6

o entity1_brush148
usemtl tex/5sqtunnelroaddark
f  1241/1527/194  1242/1528/194  1243/1529/194  1244/1530/194
usemtl tex/5sqtunnelroaddark
f  1245/1531/2  1243/1532/2  1242/1533/2  1246/1534/2
usemtl tex/5sqtunnelroaddark
f  1247/1535/195  1244/1536/195  1243/1537/195  1245/1538/195
usemtl tex/5sqtunnelroaddark
f  1246/1538/3  1242/1539/3  1241/1540/3  1248/1535/3
usemtl tex/5sqtunnelroaddark
f  1248/1534/5  1241/1533/5  1244/1532/5  1247/1531/5
usemtl tex/5sqtunnelroaddark
f  1245/1529/6  1246/1528/6  1248/1527/6  1247/1530/6

o entity1_brush149
usemtl tex/5sqtunnelroaddark
f  1249/1541/196  1250/1542/196  1251/1543/196  1252/1544/196
usemtl tex/5sqtunnelroaddark
f  1253/1545/197  1251/1546/197  1250/1547/197  1254/1548/197
usemtl tex/5sqtunnelroaddark
f  1255/1532/2  1254/1549/2  1250/1550/2  1249/1533/2
usemtl tex/5sqtunnelroaddark
f  1252/1533/5  1251/1550/5  1253/1549/5  1256/1532/5
usemtl tex/5sqtunnelroaddark
f  1256/1551/198  1253/1552/198  1254/1553/198  1255/1554/198
usemtl tex/5sqtunnelroaddark
f  1249/1528/199  1252/1527/199  1256/1530/199  1255/1529/199

o entity1_brush150
usemtl tex/5sqtunnelroaddark
f  1257/1555/1  1258/1556/1  1259/1557/1  1260/1558/1
usemtl tex/5sqtunnelroaddark
f  1261/1559/2  1260/1560/2  1259/1561/2  1262/1562/2
usemtl tex/5sqtunnelroaddark
f  1263/1562/5  1258/1561/5  1257/1560/5  1264/1559/5
usemtl tex/5sqtunnelroaddark
f  1262/1548/192  1259/1547/192  1258/1546/192  1263/1545/192
usemtl tex/5sqtunnelroaddark
f  1264/1563/193  1257/1564/193  1260/1565/193  1261/1566/193
usemtl tex/5sqtunnelroaddark
f  1264/1567/6  1261/1568/6  1262/1569/6  1263/1570/6

o entity1_brush151
usemtl tex/5sqtunnelroaddark
f  1265/1571/186  1266/1572/186  1267/1573/186  1268/1574/186
usemtl tex/5sqtunnelroaddark
f  1269/1575/2  1266/1576/2  1265/1577/2  1270/1578/2
usemtl tex/5sqtunnelroaddark
f  1271/1535/4  1267/1540/4  1266/1539/4  1269/1538/4
usemtl tex/5sqtunnelroaddark
f  1272/1578/5  1268/1577/5  1267/1576/5  1271/1575/5
usemtl tex/5sqtunnelroaddark
f  1270/1538/187  1265/1537/187  1268/1536/187  1272/1535/187
usemtl tex/5sqtunnelroaddark
f  1272/1574/6  1271/1573/6  1269/1572/6  1270/1571/6

o entity1_brush152
usemtl tex/5sqtunnelroaddark
f  1273/1573/188  1274/1555/188  1275/1558/188  1276/1572/188
usemtl tex/5sqtunnelroaddark
f  1277/1566/189  1275/1565/189  1274/1564/189  1278/1563/189
usemtl tex/5sqtunnelroaddark
f  1276/1576/2  1275/1560/2  1277/1559/2  1279/1577/2
usemtl tex/5sqtunnelroaddark
f  1280/1577/5  1278/1559/5  1274/1560/5  1273/1576/5
usemtl tex/5sqtunnelroaddark
f  1279/1571/190  1277/1568/190  1278/1567/190  1280/1574/190
usemtl tex/5sqtunnelroaddark
f  1279/1571/191  1280/1574/191  1273/1573/191  1276/1572/191

o entity1_brush153
usemtl tex/5sqtunnelroaddark
f  1281/1442/133  1282/107/133  1283/108/133  1284/1449/133
usemtl tex/5sqtunnelroaddark
f  1285/70/2  1283/1301/2  1282/1302/2  1286/71/2
usemtl tex/5sqtunnelroaddark
f  1286/1579/3  1282/1580/3  1281/1581/3
usemtl tex/5sqtunnelroaddark
f  1284/1581/4  1283/1580/4  1285/1579/4
usemtl tex/5sqtunnelroaddark
f  1286/914/6  1281/1582/6  1284/1583/6  1285/1584/6

o entity1_brush154
usemtl tex/5sqtunnelroaddark
f  1287/1453/1  1288/1454/1  1289/1437/1  1290/1436/1
usemtl tex/5sqtunnelroaddark
f  1290/1585/3  1289/1586/3  1291/1587/3
usemtl tex/5sqtunnelroaddark
f  1292/1587/4  1288/1586/4  1287/1585/4
usemtl tex/5sqtunnelroaddark
f  1291/1588/5  1289/1589/5  1288/1590/5  1292/1591/5
usemtl tex/5sqtunnelroaddark
f  1287/1453/134  1290/1436/134  1291/1437/134  1292/1454/134

o entity1_brush155
usemtl tex/5sqtunnelroaddark
f  1293/845/135  1294/3/135  1295/2/135  1296/585/135
usemtl tex/5sqtunnelroaddark
f  1296/1592/3  1295/448/3  1297/1593/3
usemtl tex/5sqtunnelroaddark
f  1298/1593/4  1294/448/4  1293/1592/4
usemtl tex/5sqtunnelroaddark
f  1297/1594/5  1295/1595/5  1294/1596/5  1298/1597/5
usemtl tex/5sqtunnelroaddark
f  1293/1598/6  1296/1599/6  1297/14/6  1298/15/6

o entity1_brush156
usemtl tex/5sqtunnelroaddark
f  1299/855/1  1300/856/1  1301/857/1  1302/858/1
usemtl tex/5sqtunnelroaddark
f  1303/1600/2  1301/1601/2  1300/1602/2  1304/112/2
usemtl tex/5sqtunnelroaddark
f  1304/1603/3  1300/1604/3  1299/1605/3
usemtl tex/5sqtunnelroaddark
f  1302/1605/4  1301/1604/4  1303/1603/4
usemtl tex/5sqtunnelroaddark
f  1304/597/136  1299/596/136  1302/1606/136  1303/1607/136

o entity1_brush157
usemtl tex/5sqtunnelroaddark
f  1305/607/133  1306/1/133  1307/4/133  1308/831/133
usemtl tex/5sqtunnelroaddark
f  1309/86/2  1307/1608/2  1306/1609/2  1310/87/2
usemtl tex/5sqtunnelroaddark
f  1310/90/3  1306/1610/3  1305/1611/3
usemtl tex/5sqtunnelroaddark
f  1308/1611/4  1307/1610/4  1309/90/4
usemtl tex/5sqtunnelroaddark
f  1310/1/6  1305/607/6  1308/831/6  1309/4/6

o entity1_brush158
usemtl tex/5sqtunnelroaddark
f  1311/1612/1  1312/1613/1  1313/14/1  1314/1614/1
usemtl tex/5sqtunnelroaddark
f  1314/1615/3  1313/778/3  1315/1616/3
usemtl tex/5sqtunnelroaddark
f  1316/1616/4  1312/778/4  1311/1615/4
usemtl tex/5sqtunnelroaddark
f  1315/1617/5  1313/1618/5  1312/1619/5  1316/1620/5
usemtl tex/5sqtunnelroaddark
f  1311/1612/134  1314/1614/134  1315/14/134  1316/1613/134

o entity1_brush159
usemtl tex/5sqtunnelroaddark
f  1317/925/135  1318/51/135  1319/50/135  1320/869/135
usemtl tex/5sqtunnelroaddark
f  1320/1621/3  1319/1622/3  1321/1623/3
usemtl tex/5sqtunnelroaddark
f  1322/1623/4  1318/1622/4  1317/1621/4
usemtl tex/5sqtunnelroaddark
f  1321/1624/5  1319/1625/5  1318/1626/5  1322/1627/5
usemtl tex/5sqtunnelroaddark
f  1317/54/6  1320/55/6  1321/929/6  1322/930/6

o entity1_brush160
usemtl tex/5sqtunnelroaddark
f  1323/913/1  1324/914/1  1325/915/1  1326/916/1
usemtl tex/5sqtunnelroaddark
f  1327/1628/2  1325/1629/2  1324/1630/2  1328/1631/2
usemtl tex/5sqtunnelroaddark
f  1328/1632/3  1324/1633/3  1323/1634/3
usemtl tex/5sqtunnelroaddark
f  1326/1634/4  1325/1633/4  1327/1632/4
usemtl tex/5sqtunnelroaddark
f  1328/878/136  1323/877/136  1326/923/136  1327/924/136

o entity1_brush161
usemtl tex/5sqtunnelroaddark
f  1329/1635/1  1330/1636/1  1331/1637/1  1332/1638/1
usemtl tex/5sqtunnelroaddark
f  1333/1639/320  1332/1640/320  1331/1641/320  1334/1642/320
usemtl tex/5sqtunnelroaddark
f  1334/1643/2  1331/1644/2  1330/1645/2  1335/1646/2
usemtl tex/5sqtunnelroaddark
f  1335/1647/3  1330/1641/3  1329/1640/3  1336/1648/3
usemtl tex/5sqtunnelroaddark
f  1336/1646/5  1329/1645/5  1332/1644/5  1333/1643/5
usemtl tex/5sqtunnelroaddark
f  1335/1636/321  1336/1635/321  1333/1638/321  1334/1637/321

o entity1_brush162
usemtl tex/5sqtunnelroaddark
f  1337/1636/322  1338/1637/322  1339/1638/322  1340/1635/322
usemtl tex/5sqtunnelroaddark
f  1341/1649/323  1339/1650/323  1338/1651/323  1342/1652/323
usemtl tex/5sqtunnelroaddark
f  1343/1653/2  1342/1654/2  1338/1655/2  1337/1656/2
usemtl tex/5sqtunnelroaddark
f  1340/1656/5  1339/1655/5  1341/1654/5  1344/1653/5
usemtl tex/5sqtunnelroaddark
f  1344/1657/324  1341/1658/324  1342/1659/324  1343/1660/324
usemtl tex/5sqtunnelroaddark
f  1337/1636/325  1340/1635/325  1344/1510/325  1343/1661/325

o entity1_brush163
usemtl tex/5sqtunnelroaddark
f  1345/1649/1  1346/1652/1  1347/1662/1  1348/1663/1
usemtl tex/5sqtunnelroaddark
f  1349/1657/326  1348/1658/326  1347/1659/326  1350/1660/326
usemtl tex/5sqtunnelroaddark
f  1351/1660/327  1346/1659/327  1345/1658/327  1352/1657/327
usemtl tex/5sqtunnelroaddark
f  1350/1664/2  1347/1665/2  1346/1654/2  1351/1653/2
usemtl tex/5sqtunnelroaddark
f  1352/1653/5  1345/1654/5  1348/1665/5  1349/1664/5
usemtl tex/5sqtunnelroaddark
f  1349/1666/6  1350/1667/6  1351/1661/6  1352/1510/6

o entity1_brush164
usemtl tex/5sqtunnelroaddark
f  1353/1668/1  1354/1669/1  1355/1670/1  1356/1671/1
usemtl tex/5sqtunnelroaddark
f  1357/1672/2  1354/1673/2  1353/1674/2  1358/1675/2
usemtl tex/5sqtunnelroaddark
f  1359/1648/4  1355/1640/4  1354/1641/4  1357/1647/4
usemtl tex/5sqtunnelroaddark
f  1360/1675/5  1356/1674/5  1355/1673/5  1359/1672/5
usemtl tex/5sqtunnelroaddark
f  1358/1642/328  1353/1641/328  1356/1640/328  1360/1639/328
usemtl tex/5sqtunnelroaddark
f  1360/1671/329  1359/1670/329  1357/1669/329  1358/1668/329

o entity1_brush165
usemtl tex/5sqtunnelroaddark
f  1361/1670/330  1362/1671/330  1363/1668/330  1364/1669/330
usemtl tex/5sqtunnelroaddark
f  1365/1662/331  1363/1668/331  1362/1671/331  1366/1663/331
usemtl tex/5sqtunnelroaddark
f  1364/1672/2  1363/1675/2  1365/1665/2  1367/1664/2
usemtl tex/5sqtunnelroaddark
f  1368/1664/5  1366/1665/5  1362/1675/5  1361/1672/5
usemtl tex/5sqtunnelroaddark
f  1367/1660/332  1365/1659/332  1366/1658/332  1368/1657/332
usemtl tex/5sqtunnelroaddark
f  1368/1666/333  1361/1670/333  1364/1669/333  1367/1667/333

o entity1_brush166
usemtl tex/5sqtunnelroaddark
f  1369/891/1  1370/892/1  1371/1676/1  1372/1677/1
usemtl tex/5sqtunnelroaddark
f  1373/1678/2  1371/1679/2  1370/94/2  1374/1680/2
usemtl tex/5sqtunnelroaddark
f  1374/1681/3  1370/1682/3  1369/1683/3
usemtl tex/5sqtunnelroaddark
f  1372/1683/4  1371/1682/4  1373/1681/4
usemtl tex/5sqtunnelroaddark
f  1374/900/136  1369/901/136  1372/905/136  1373/904/136

o entity1_brush167
usemtl tex/5sqtunnelroaddark
f  1375/2/1  1376/1425/1  1377/1684/1  1378/1685/1
usemtl tex/5sqtunnelroaddark
f  1379/1686/2  1377/1687/2  1376/101/2  1380/72/2
usemtl tex/5sqtunnelroaddark
f  1380/1688/3  1376/1689/3  1375/1690/3  1381/1691/3
usemtl tex/5sqtunnelroaddark
f  1382/1691/4  1378/1690/4  1377/1689/4  1379/1688/4
usemtl tex/5sqtunnelroaddark
f  1381/72/5  1375/101/5  1378/1687/5  1382/1686/5
usemtl tex/5sqtunnelroaddark
f  1382/1685/6  1379/1684/6  1380/1425/6  1381/2/6

o entity1_brush168
usemtl tex/5sqtunnelroaddark
f  1383/77/1  1384/1599/1  1385/1692/1  1386/1693/1
usemtl tex/5sqtunnelroaddark
f  1387/1694/2  1385/1695/2  1384/1696/2  1388/1697/2
usemtl tex/5sqtunnelroaddark
f  1388/1698/3  1384/1699/3  1383/1700/3  1389/1659/3
usemtl tex/5sqtunnelroaddark
f  1390/1659/4  1386/1700/4  1385/1699/4  1387/1698/4
usemtl tex/5sqtunnelroaddark
f  1389/1697/5  1383/1696/5  1386/1695/5  1390/1694/5
usemtl tex/5sqtunnelroaddark
f  1390/1693/6  1387/1692/6  1388/1599/6  1389/77/6

o entity1_brush169
usemtl tex/5sqtunnelroaddark
f  1391/77/1  1392/1599/1  1393/1692/1  1394/1693/1
usemtl tex/5sqtunnelroaddark
f  1395/1701/2  1393/1702/2  1392/72/2  1396/1703/2
usemtl tex/5sqtunnelroaddark
f  1396/1704/3  1392/1705/3  1391/84/3  1397/1706/3
usemtl tex/5sqtunnelroaddark
f  1398/1706/4  1394/84/4  1393/1705/4  1395/1704/4
usemtl tex/5sqtunnelroaddark
f  1397/1703/5  1391/72/5  1394/1702/5  1398/1701/5
usemtl tex/5sqtunnelroaddark
f  1398/1693/6  1395/1692/6  1396/1599/6  1397/77/6

o entity1_brush170
usemtl tex/5sqtunnelroaddark
f  1399/3/1  1400/80/1  1401/1707/1  1402/1708/1
usemtl tex/5sqtunnelroaddark
f  1403/1709/334  1402/1710/334  1401/1711/334  1404/1712/334
usemtl tex/5sqtunnelroaddark
f  1404/1713/2  1401/1714/2  1400/1715/2  1405/1716/2
usemtl tex/5sqtunnelroaddark
f  1405/1712/3  1400/1711/3  1399/1710/3  1406/1709/3
usemtl tex/5sqtunnelroaddark
f  1406/1716/5  1399/1715/5  1402/1714/5  1403/1713/5
usemtl tex/5sqtunnelroaddark
f  1405/80/6  1406/3/6  1403/1717/6  1404/1718/6

o entity1_brush171
usemtl tex/5sqtunnelroaddark
f  1407/1707/335  1408/1719/335  1409/1720/335  1410/1708/335
usemtl tex/5sqtunnelroaddark
f  1411/1721/336  1409/1720/336  1408/1719/336  1412/1722/336
usemtl tex/5sqtunnelroaddark
f  1412/1723/2  1408/1724/2  1407/1725/2  1413/1726/2
usemtl tex/5sqtunnelroaddark
f  1414/1726/5  1410/1725/5  1409/1724/5  1411/1723/5
usemtl tex/5sqtunnelroaddark
f  1413/1712/337  1407/1711/337  1410/1710/337  1414/1709/337
usemtl tex/5sqtunnelroaddark
f  1414/1717/338  1411/1721/338  1412/1722/338  1413/1718/338

o entity1_brush172
usemtl tex/5sqtunnelroaddark
f  1415/1720/339  1416/1719/339  1417/1722/339  1418/1721/339
usemtl tex/5sqtunnelroaddark
f  1419/1727/2  1417/1728/2  1416/1729/2  1420/1730/2
usemtl tex/5sqtunnelroaddark
f  1420/1731/3  1416/1732/3  1415/1733/3  1421/1734/3
usemtl tex/5sqtunnelroaddark
f  1422/1735/4  1418/1736/4  1417/1737/4  1419/1738/4
usemtl tex/5sqtunnelroaddark
f  1421/1730/5  1415/1729/5  1418/1728/5  1422/1727/5
usemtl tex/5sqtunnelroaddark
f  1422/1721/340  1419/1722/340  1420/1719/340  1421/1720/340

o entity1_brush173
usemtl tex/5sqtunnelroaddark
f  1423/1721/341  1424/1717/341  1425/1718/341  1426/1722/341
usemtl tex/5sqtunnelroaddark
f  1427/1739/342  1425/83/342  1424/1740/342  1428/1741/342
usemtl tex/5sqtunnelroaddark
f  1429/1742/2  1426/1743/2  1425/1744/2  1427/1745/2
usemtl tex/5sqtunnelroaddark
f  1428/1745/5  1424/1744/5  1423/1743/5  1430/1742/5
usemtl tex/5sqtunnelroaddark
f  1430/1720/343  1423/1721/343  1426/1722/343  1429/1719/343
usemtl tex/5sqtunnelroaddark
f  1429/1719/344  1427/1707/344  1428/1708/344  1430/1720/344

o entity1_brush174
usemtl tex/5sqtunnelroaddark
f  1431/1717/1  1432/3/1  1433/80/1  1434/1718/1
usemtl tex/5sqtunnelroaddark
f  1435/1746/2  1434/1747/2  1433/70/2  1436/109/2
usemtl tex/5sqtunnelroaddark
f  1436/1739/3  1433/83/3  1432/1740/3  1437/1741/3
usemtl tex/5sqtunnelroaddark
f  1437/109/5  1432/70/5  1431/1747/5  1438/1746/5
usemtl tex/5sqtunnelroaddark
f  1438/1741/345  1431/1740/345  1434/83/345  1435/1739/345
usemtl tex/5sqtunnelroaddark
f  1437/3/6  1438/1708/6  1435/1707/6  1436/80/6

o entity1_brush175
usemtl tex/5sqtunnelroaddark
f  1439/1748/1  1440/1749/1  1441/1693/1  1442/587/1
usemtl tex/5sqtunnelroaddark
f  1443/1750/2  1441/1751/2  1440/1752/2  1444/1753/2
usemtl tex/5sqtunnelroaddark
f  1444/1754/3  1440/1755/3  1439/1756/3  1445/1757/3
usemtl tex/5sqtunnelroaddark
f  1446/1757/4  1442/1756/4  1441/1755/4  1443/1754/4
usemtl tex/5sqtunnelroaddark
f  1445/1753/5  1439/1752/5  1442/1751/5  1446/1750/5
usemtl tex/5sqtunnelroaddark
f  1446/587/6  1443/1693/6  1444/1749/6  1445/1748/6

o entity1_brush176
usemtl tex/5sqtunnelroaddark
f  1447/1748/1  1448/1749/1  1449/1693/1  1450/587/1
usemtl tex/5sqtunnelroaddark
f  1451/1758/2  1449/1759/2  1448/1760/2  1452/1761/2
usemtl tex/5sqtunnelroaddark
f  1452/1762/3  1448/1763/3  1447/1764/3  1453/1765/3
usemtl tex/5sqtunnelroaddark
f  1454/1765/4  1450/1764/4  1449/1763/4  1451/1762/4
usemtl tex/5sqtunnelroaddark
f  1453/1761/5  1447/1760/5  1450/1759/5  1454/1758/5
usemtl tex/5sqtunnelroaddark
f  1454/587/6  1451/1693/6  1452/1749/6  1453/1748/6

o entity1_brush177
usemtl tex/5sqtunnelroaddark
f  1455/1766/1  1456/1767/1  1457/1693/1  1458/587/1
usemtl tex/5sqtunnelroaddark
f  1459/1758/2  1457/1701/2  1456/1768/2  1460/1769/2
usemtl tex/5sqtunnelroaddark
f  1460/1762/3  1456/1706/3  1455/1770/3  1461/1765/3
usemtl tex/5sqtunnelroaddark
f  1462/1765/4  1458/1770/4  1457/1706/4  1459/1762/4
usemtl tex/5sqtunnelroaddark
f  1461/1769/5  1455/1768/5  1458/1701/5  1462/1758/5
usemtl tex/5sqtunnelroaddark
f  1462/587/6  1459/1693/6  1460/1767/6  1461/1766/6

o entity1_brush178
usemtl tex/5sqtunnelroaddark
f  1463/1766/1  1464/1767/1  1465/1693/1  1466/587/1
usemtl tex/5sqtunnelroaddark
f  1467/1695/2  1465/1751/2  1464/1771/2  1468/1772/2
usemtl tex/5sqtunnelroaddark
f  1468/1700/3  1464/1755/3  1463/1756/3  1469/1773/3
usemtl tex/5sqtunnelroaddark
f  1470/1773/4  1466/1756/4  1465/1755/4  1467/1700/4
usemtl tex/5sqtunnelroaddark
f  1469/1772/5  1463/1771/5  1466/1751/5  1470/1695/5
usemtl tex/5sqtunnelroaddark
f  1470/587/6  1467/1693/6  1468/1767/6  1469/1766/6

o entity1_brush179
usemtl tex/5sqtunnelroaddark
f  1471/1599/1  1472/78/1  1473/1774/1  1474/1775/1
usemtl tex/5sqtunnelroaddark
f  1475/1776/2  1473/1777/2  1472/94/2  1476/88/2
usemtl tex/5sqtunnelroaddark
f  1476/1778/3  1472/1779/3  1471/1780/3  1477/1781/3
usemtl tex/5sqtunnelroaddark
f  1478/1781/4  1474/1780/4  1473/1779/4  1475/1778/4
usemtl tex/5sqtunnelroaddark
f  1477/88/5  1471/94/5  1474/1777/5  1478/1776/5
usemtl tex/5sqtunnelroaddark
f  1478/1775/6  1475/1774/6  1476/78/6  1477/1599/6

o entity1_brush180
usemtl tex/5sqtunnelroaddark
f  1479/1420/1  1480/1782/1  1481/1783/1  1482/1784/1
usemtl tex/5sqtunnelroaddark
f  1483/1776/2  1481/1686/2  1480/72/2  1484/88/2
usemtl tex/5sqtunnelroaddark
f  1484/1785/3  1480/1786/3  1479/1787/3  1485/1788/3
usemtl tex/5sqtunnelroaddark
f  1486/1788/4  1482/1787/4  1481/1786/4  1483/1785/4
usemtl tex/5sqtunnelroaddark
f  1485/88/5  1479/72/5  1482/1686/5  1486/1776/5
usemtl tex/5sqtunnelroaddark
f  1486/1784/6  1483/1783/6  1484/1782/6  1485/1420/6

o entity1_brush181
usemtl tex/5sqtunnelroaddark
f  1487/1789/1  1488/1790/1  1489/1791/1  1490/1792/1
usemtl tex/5sqtunnelroaddark
f  1491/1793/346  1490/1794/346  1489/1795/346  1492/1796/346
usemtl tex/5sqtunnelroaddark
f  1492/1797/3  1489/1798/3  1488/1799/3  1493/1800/3
usemtl tex/5sqtunnelroaddark
f  1493/1796/5  1488/1795/5  1487/1801/5  1494/1802/5
usemtl tex/5sqtunnelroaddark
f  1494/1800/347  1487/1799/347  1490/1798/347  1491/1797/347
usemtl tex/5sqtunnelroaddark
f  1493/1790/6  1494/1789/6  1491/1792/6  1492/1791/6

o entity1_brush182
usemtl tex/5sqtunnelroaddark
f  1495/1803/1  1496/1804/1  1497/1805/1  1498/1806/1
usemtl tex/5sqtunnelroaddark
f  1499/1807/348  1498/1808/348  1497/1809/348  1500/1810/348
usemtl tex/5sqtunnelroaddark
f  1501/1797/349  1496/1798/349  1495/1799/349  1502/1800/349
usemtl tex/5sqtunnelroaddark
f  1500/1811/350  1497/1812/350  1496/1813/350  1501/1814/350
usemtl tex/5sqtunnelroaddark
f  1502/1815/351  1495/1816/351  1498/1817/351  1499/1818/351
usemtl tex/5sqtunnelroaddark
f  1499/1806/6  1500/1805/6  1501/1804/6  1502/1803/6

o entity1_brush183
usemtl tex/5sqtunnelroaddark
f  1503/1819/1  1504/1820/1  1505/1821/1  1506/1822/1
usemtl tex/5sqtunnelroaddark
f  1507/1810/352  1505/1809/352  1504/1808/352  1508/1807/352
usemtl tex/5sqtunnelroaddark
f  1509/1823/3  1506/1824/3  1505/1825/3  1507/1826/3
usemtl tex/5sqtunnelroaddark
f  1508/1827/4  1504/1828/4  1503/1829/4  1510/1830/4
usemtl tex/5sqtunnelroaddark
f  1510/1807/353  1503/1808/353  1506/1809/353  1509/1810/353
usemtl tex/5sqtunnelroaddark
f  1508/1820/6  1510/1819/6  1509/1822/6  1507/1821/6

o entity1_brush184
usemtl tex/5sqtunnelroaddark
f  1511/1831/1  1512/1832/1  1513/1833/1  1514/1834/1
usemtl tex/5sqtunnelroaddark
f  1515/1810/354  1512/1809/354  1511/1808/354  1516/1807/354
usemtl tex/5sqtunnelroaddark
f  1517/739/355  1514/132/355  1513/133/355  1518/740/355
usemtl tex/5sqtunnelroaddark
f  1518/1835/356  1513/1836/356  1512/1837/356  1515/1838/356
usemtl tex/5sqtunnelroaddark
f  1516/1839/357  1511/1840/357  1514/132/357  1517/739/357
usemtl tex/5sqtunnelroaddark
f  1518/1833/6  1515/1832/6  1516/1831/6  1517/1834/6

o entity1_brush185
usemtl tex/5sqtunnelroaddark
f  1519/1833/1  1520/1841/1  1521/1842/1  1522/1843/1
usemtl tex/5sqtunnelroaddark
f  1523/1802/2  1522/1801/2  1521/1795/2  1524/1796/2
usemtl tex/5sqtunnelroaddark
f  1524/739/3  1521/132/3  1520/133/3  1525/740/3
usemtl tex/5sqtunnelroaddark
f  1525/1796/358  1520/1795/358  1519/1794/358  1526/1793/358
usemtl tex/5sqtunnelroaddark
f  1526/740/359  1519/133/359  1522/132/359  1523/739/359
usemtl tex/5sqtunnelroaddark
f  1525/1841/6  1526/1833/6  1523/1843/6  1524/1842/6

o entity1_brush186
usemtl tex/5sqtunnelroaddark
f  1527/1819/1  1528/1844/1  1529/1833/1  1530/1845/1
usemtl tex/5sqtunnelroaddark
f  1531/1846/360  1528/1809/360  1527/1808/360  1532/1847/360
usemtl tex/5sqtunnelroaddark
f  1533/1848/361  1530/1849/361  1529/133/361  1534/1850/361
usemtl tex/5sqtunnelroaddark
f  1534/1850/362  1529/133/362  1528/1851/362  1531/1852/362
usemtl tex/5sqtunnelroaddark
f  1532/1853/363  1527/1854/363  1530/132/363  1533/1855/363
usemtl tex/5sqtunnelroaddark
f  1534/1833/6  1531/1844/6  1532/1819/6  1533/1845/6

o entity1_brush187
usemtl tex/5sqtunnelroaddark
f  1535/1819/1  1536/1856/1  1537/1857/1  1538/1844/1
usemtl tex/5sqtunnelroaddark
f  1539/1852/3  1538/1851/3  1537/1858/3  1540/1859/3
usemtl tex/5sqtunnelroaddark
f  1541/1860/4  1536/1861/4  1535/1829/4  1542/1862/4
usemtl tex/5sqtunnelroaddark
f  1540/1846/364  1537/1809/364  1536/1808/364  1541/1847/364
usemtl tex/5sqtunnelroaddark
f  1542/1847/365  1535/1808/365  1538/1809/365  1539/1846/365
usemtl tex/5sqtunnelroaddark
f  1539/1844/6  1540/1857/6  1541/1856/6  1542/1819/6

o entity1_brush188
usemtl tex/5sqtunnelroaddark
f  1543/1863/1  1544/1864/1  1545/1857/1  1546/1856/1
usemtl tex/5sqtunnelroaddark
f  1547/1847/366  1546/1808/366  1545/1809/366  1548/1846/366
usemtl tex/5sqtunnelroaddark
f  1549/1865/367  1544/1866/367  1543/1799/367  1550/1867/367
usemtl tex/5sqtunnelroaddark
f  1548/1859/368  1545/1858/368  1544/1866/368  1549/1865/368
usemtl tex/5sqtunnelroaddark
f  1550/1867/369  1543/1799/369  1546/1861/369  1547/1860/369
usemtl tex/5sqtunnelroaddark
f  1547/1856/6  1548/1857/6  1549/1864/6  1550/1863/6

o entity1_brush189
usemtl tex/5sqtunnelroaddark
f  1551/1789/1  1552/1790/1  1553/1868/1  1554/1864/1
usemtl tex/5sqtunnelroaddark
f  1555/1869/370  1554/1794/370  1553/1795/370  1556/1870/370
usemtl tex/5sqtunnelroaddark
f  1556/1865/3  1553/1866/3  1552/1799/3  1557/1867/3
usemtl tex/5sqtunnelroaddark
f  1557/1870/5  1552/1795/5  1551/1801/5  1558/1871/5
usemtl tex/5sqtunnelroaddark
f  1558/1867/371  1551/1799/371  1554/1866/371  1555/1865/371
usemtl tex/5sqtunnelroaddark
f  1557/1790/6  1558/1789/6  1555/1864/6  1556/1868/6

o entity1_brush190
usemtl tex/5sqtunnelroaddark
f  1559/1833/1  1560/1841/1  1561/1872/1  1562/1873/1
usemtl tex/5sqtunnelroaddark
f  1563/1871/2  1562/1801/2  1561/1795/2  1564/1870/2
usemtl tex/5sqtunnelroaddark
f  1564/1848/3  1561/1849/3  1560/133/3  1565/1850/3
usemtl tex/5sqtunnelroaddark
f  1565/1870/372  1560/1795/372  1559/1794/372  1566/1869/372
usemtl tex/5sqtunnelroaddark
f  1566/1850/373  1559/133/373  1562/1849/373  1563/1848/373
usemtl tex/5sqtunnelroaddark
f  1565/1841/6  1566/1833/6  1563/1873/6  1564/1872/6

o entity1_brush191
usemtl tex/5sqtunnelroaddark
f  1567/1874/374  1568/1875/374  1569/1876/374  1570/1877/374
usemtl tex/5sqtunnelroaddark
f  1571/1878/375  1569/1879/375  1568/1880/375  1572/1881/375
usemtl tex/5sqtunnelroaddark
f  1570/1882/2  1569/1883/2  1571/1884/2  1573/1885/2
usemtl tex/5sqtunnelroaddark
f  1574/1885/5  1572/1884/5  1568/1883/5  1567/1882/5
usemtl tex/5sqtunnelroaddark
f  1573/1886/376  1571/1887/376  1572/1888/376  1574/1889/376
usemtl tex/5sqtunnelroaddark
f  1574/1889/377  1567/1890/377  1570/1891/377  1573/1886/377

o entity1_brush192
usemtl tex/5sqtunnelroaddark
f  1575/1892/1  1576/1893/1  1577/1894/1  1578/1895/1
usemtl tex/5sqtunnelroaddark
f  1579/1889/378  1578/1888/378  1577/1887/378  1580/1886/378
usemtl tex/5sqtunnelroaddark
f  1580/1896/2  1577/1884/2  1576/1897/2  1581/1898/2
usemtl tex/5sqtunnelroaddark
f  1581/1886/3  1576/1887/3  1575/1888/3  1582/1889/3
usemtl tex/5sqtunnelroaddark
f  1582/1898/5  1575/1897/5  1578/1884/5  1579/1896/5
usemtl tex/5sqtunnelroaddark
f  1581/1893/6  1582/1892/6  1579/1899/6  1580/1900/6

o entity1_brush193
usemtl tex/5sqtunnelroaddark
f  1583/1899/1  1584/1892/1  1585/1893/1  1586/1900/1
usemtl tex/5sqtunnelroaddark
f  1587/1901/2  1586/1902/2  1585/1903/2  1588/1904/2
usemtl tex/5sqtunnelroaddark
f  1588/1905/3  1585/1906/3  1584/1907/3  1589/1908/3
usemtl tex/5sqtunnelroaddark
f  1589/1904/5  1584/1903/5  1583/1902/5  1590/1901/5
usemtl tex/5sqtunnelroaddark
f  1590/1908/379  1583/1907/379  1586/1906/379  1587/1905/379
usemtl tex/5sqtunnelroaddark
f  1589/1892/380  1590/1895/380  1587/1894/380  1588/1893/380

o entity1_brush194
usemtl tex/5sqtunnelroaddark
f  1591/1909/381  1592/1907/381  1593/1906/381  1594/1910/381
usemtl tex/5sqtunnelroaddark
f  1595/1905/382  1593/1906/382  1592/1907/382  1596/1908/382
usemtl tex/5sqtunnelroaddark
f  1594/1911/2  1593/1912/2  1595/1901/2  1597/1913/2
usemtl tex/5sqtunnelroaddark
f  1598/1913/5  1596/1901/5  1592/1912/5  1591/1911/5
usemtl tex/5sqtunnelroaddark
f  1597/1914/383  1595/1915/383  1596/1916/383  1598/1917/383
usemtl tex/5sqtunnelroaddark
f  1598/1875/384  1591/1874/384  1594/1877/384  1597/1876/384

o entity1_brush195
usemtl tex/5sqtunnelroaddark
f  1599/1875/385  1600/1876/385  1601/1877/385  1602/1874/385
usemtl tex/5sqtunnelroaddark
f  1603/1882/2  1601/1911/2  1600/1913/2  1604/1883/2
usemtl tex/5sqtunnelroaddark
f  1604/1918/3  1600/1919/3  1599/1920/3  1605/1921/3
usemtl tex/5sqtunnelroaddark
f  1606/1890/4  1602/1909/4  1601/1910/4  1603/1891/4
usemtl tex/5sqtunnelroaddark
f  1605/1883/5  1599/1913/5  1602/1911/5  1606/1882/5
usemtl tex/5sqtunnelroaddark
f  1606/1874/386  1603/1877/386  1604/1876/386  1605/1875/386

o entity1_brush196
usemtl tex/5sqtunnelroaddark
f  1607/1922/1  1608/1923/1  1609/1924/1  1610/1925/1
usemtl tex/5sqtunnelroaddark
f  1611/1926/387  1608/1927/387  1607/1928/387  1612/1929/387
usemtl tex/5sqtunnelroaddark
f  1610/1930/388  1609/1931/388  1613/1932/388  1614/1933/388
usemtl tex/5sqtunnelroaddark
f  1615/1934/2  1614/1935/2  1613/1936/2  1616/1937/2
usemtl tex/5sqtunnelroaddark
f  1617/1938/3  1616/1939/3  1613/1940/3  1609/1941/3  1608/1942/3  1611/1943/3  1618/1944/3  1619/1945/3
usemtl tex/5sqtunnelroaddark
f  1620/1945/4  1621/1944/4  1612/1943/4  1607/1942/4  1610/1941/4  1614/1940/4  1615/1939/4  1622/1938/4
usemtl tex/5sqtunnelroaddark
f  1618/1937/5  1611/1936/5  1612/1935/5  1621/1934/5
usemtl tex/5sqtunnelroaddark
f  1619/549/389  1618/1937/389  1621/1934/389  1620/1946/389
usemtl tex/5sqtunnelroaddark
f  1622/1947/390  1615/1948/390  1616/1949/390  1617/1950/390
usemtl tex/5sqtunnelroaddark
f  1619/1923/6  1620/1922/6  1622/1925/6  1617/1924/6

o entity1_brush197
usemtl tex/5sqtunnelroaddark
f  1623/1833/1  1624/1841/1  1625/1872/1  1626/1873/1
usemtl tex/5sqtunnelroaddark
f  1627/1951/2  1626/1952/2  1625/1953/2  1628/1954/2
usemtl tex/5sqtunnelroaddark
f  1628/1955/3  1625/1956/3  1624/1957/3  1629/1958/3
usemtl tex/5sqtunnelroaddark
f  1629/1954/391  1624/1953/391  1623/1959/391  1630/1960/391
usemtl tex/5sqtunnelroaddark
f  1630/1958/392  1623/1957/392  1626/1956/392  1627/1955/392
usemtl tex/5sqtunnelroaddark
f  1629/1841/6  1630/1833/6  1627/1873/6  1628/1872/6

o entity1_brush198
usemtl tex/5sqtunnelroaddark
f  1631/1819/1  1632/1844/1  1633/1833/1  1634/1845/1
usemtl tex/5sqtunnelroaddark
f  1635/1961/393  1632/1962/393  1631/1963/393  1636/1964/393
usemtl tex/5sqtunnelroaddark
f  1637/1955/394  1634/1956/394  1633/1957/394  1638/1958/394
usemtl tex/5sqtunnelroaddark
f  1638/1958/395  1633/1957/395  1632/1965/395  1635/1966/395
usemtl tex/5sqtunnelroaddark
f  1636/1967/396  1631/1968/396  1634/1969/396  1637/1970/396
usemtl tex/5sqtunnelroaddark
f  1638/1833/6  1635/1844/6  1636/1819/6  1637/1845/6

o entity1_brush199
usemtl tex/5sqtunnelroaddark
f  1639/1863/1  1640/1864/1  1641/1857/1  1642/1856/1
usemtl tex/5sqtunnelroaddark
f  1643/1964/397  1642/1963/397  1641/1962/397  1644/1961/397
usemtl tex/5sqtunnelroaddark
f  1645/1971/398  1640/1972/398  1639/1973/398  1646/1974/398
usemtl tex/5sqtunnelroaddark
f  1644/1975/399  1641/1976/399  1640/1972/399  1645/1971/399
usemtl tex/5sqtunnelroaddark
f  1646/1974/400  1639/1973/400  1642/1977/400  1643/1978/400
usemtl tex/5sqtunnelroaddark
f  1643/1856/6  1644/1857/6  1645/1864/6  1646/1863/6

o entity1_brush200
usemtl tex/5sqtunnelroaddark
f  1647/1789/1  1648/1790/1  1649/1868/1  1650/1864/1
usemtl tex/5sqtunnelroaddark
f  1651/1979/401  1650/1959/401  1649/1953/401  1652/1980/401
usemtl tex/5sqtunnelroaddark
f  1652/1981/3  1649/1972/3  1648/1973/3  1653/1982/3
usemtl tex/5sqtunnelroaddark
f  1653/1980/5  1648/1953/5  1647/1952/5  1654/1983/5
usemtl tex/5sqtunnelroaddark
f  1654/1982/402  1647/1973/402  1650/1972/402  1651/1981/402
usemtl tex/5sqtunnelroaddark
f  1653/1790/6  1654/1789/6  1651/1864/6  1652/1868/6

o entity1_brush201
usemtl tex/5sqtunnelroaddark
f  1655/1819/1  1656/1856/1  1657/1857/1  1658/1844/1
usemtl tex/5sqtunnelroaddark
f  1659/1966/3  1658/1965/3  1657/1976/3  1660/1975/3
usemtl tex/5sqtunnelroaddark
f  1661/1978/4  1656/1977/4  1655/1984/4  1662/1985/4
usemtl tex/5sqtunnelroaddark
f  1660/1961/403  1657/1962/403  1656/1963/403  1661/1964/403
usemtl tex/5sqtunnelroaddark
f  1662/1964/404  1655/1963/404  1658/1962/404  1659/1961/404
usemtl tex/5sqtunnelroaddark
f  1659/1844/6  1660/1857/6  1661/1856/6  1662/1819/6

o entity1_brush202
usemtl tex/5sqtunnelroaddark
f  1663/1986/1  1664/1987/1  1665/1988/1  1666/1989/1
usemtl tex/5sqtunnelroaddark
f  1667/1990/405  1666/1991/405  1665/1992/405  1668/1993/405
usemtl tex/5sqtunnelroaddark
f  1668/1896/2  1665/1884/2  1664/1897/2  1669/1898/2
usemtl tex/5sqtunnelroaddark
f  1669/1993/3  1664/1992/3  1663/1991/3  1670/1990/3
usemtl tex/5sqtunnelroaddark
f  1670/1898/5  1663/1897/5  1666/1884/5  1667/1896/5
usemtl tex/5sqtunnelroaddark
f  1669/1987/6  1670/1986/6  1667/1994/6  1668/1995/6

o entity1_brush203
usemtl tex/5sqtunnelroaddark
f  1671/1996/406  1672/1997/406  1673/1998/406  1674/1999/406
usemtl tex/5sqtunnelroaddark
f  1675/2000/407  1673/2001/407  1672/2002/407  1676/2003/407
usemtl tex/5sqtunnelroaddark
f  1674/1882/2  1673/1883/2  1675/1884/2  1677/1885/2
usemtl tex/5sqtunnelroaddark
f  1678/1885/5  1676/1884/5  1672/1883/5  1671/1882/5
usemtl tex/5sqtunnelroaddark
f  1677/1993/408  1675/1992/408  1676/1991/408  1678/1990/408
usemtl tex/5sqtunnelroaddark
f  1678/1990/409  1671/2004/409  1674/2005/409  1677/1993/409

o entity1_brush204
usemtl tex/5sqtunnelroaddark
f  1679/1997/410  1680/1998/410  1681/1999/410  1682/1996/410
usemtl tex/5sqtunnelroaddark
f  1683/1882/2  1681/1911/2  1680/1913/2  1684/1883/2
usemtl tex/5sqtunnelroaddark
f  1684/2006/3  1680/2007/3  1679/2008/3  1685/2009/3
usemtl tex/5sqtunnelroaddark
f  1686/2004/4  1682/2010/4  1681/2011/4  1683/2005/4
usemtl tex/5sqtunnelroaddark
f  1685/1883/5  1679/1913/5  1682/1911/5  1686/1882/5
usemtl tex/5sqtunnelroaddark
f  1686/1996/411  1683/1999/411  1684/1998/411  1685/1997/411

o entity1_brush205
usemtl tex/5sqtunnelroaddark
f  1687/2010/412  1688/2012/412  1689/2013/412  1690/2011/412
usemtl tex/5sqtunnelroaddark
f  1691/2014/413  1689/2013/413  1688/2012/413  1692/2015/413
usemtl tex/5sqtunnelroaddark
f  1690/1911/2  1689/1912/2  1691/1901/2  1693/1913/2
usemtl tex/5sqtunnelroaddark
f  1694/1913/5  1692/1901/5  1688/1912/5  1687/1911/5
usemtl tex/5sqtunnelroaddark
f  1693/2016/414  1691/2017/414  1692/2018/414  1694/2019/414
usemtl tex/5sqtunnelroaddark
f  1694/1997/415  1687/1996/415  1690/1999/415  1693/1998/415

o entity1_brush206
usemtl tex/5sqtunnelroaddark
f  1695/1994/1  1696/1986/1  1697/1987/1  1698/1995/1
usemtl tex/5sqtunnelroaddark
f  1699/1901/2  1698/1902/2  1697/1903/2  1700/1904/2
usemtl tex/5sqtunnelroaddark
f  1700/2014/3  1697/2013/3  1696/2012/3  1701/2015/3
usemtl tex/5sqtunnelroaddark
f  1701/1904/5  1696/1903/5  1695/1902/5  1702/1901/5
usemtl tex/5sqtunnelroaddark
f  1702/2015/416  1695/2012/416  1698/2013/416  1699/2014/416
usemtl tex/5sqtunnelroaddark
f  1701/1986/417  1702/1989/417  1699/1988/417  1700/1987/417

o entity1_brush207
usemtl tex/5sqtunnelroaddark
f  1703/2020/1  1704/2021/1  1705/2022/1  1706/2023/1
usemtl tex/5sqtunnelroaddark
f  1707/1926/387  1704/1927/387  1703/1928/387  1708/1929/387
usemtl tex/5sqtunnelroaddark
f  1706/1930/388  1705/1931/388  1709/1932/388  1710/1933/388
usemtl tex/5sqtunnelroaddark
f  1711/1934/2  1710/1935/2  1709/1936/2  1712/1937/2
usemtl tex/5sqtunnelroaddark
f  1713/2024/3  1712/2025/3  1709/2026/3  1705/2027/3  1704/2028/3  1707/2029/3  1714/2030/3  1715/2031/3
usemtl tex/5sqtunnelroaddark
f  1716/2031/4  1717/2030/4  1708/2029/4  1703/2028/4  1706/2027/4  1710/2026/4  1711/2025/4  1718/2024/4
usemtl tex/5sqtunnelroaddark
f  1714/1937/5  1707/1936/5  1708/1935/5  1717/1934/5
usemtl tex/5sqtunnelroaddark
f  1715/549/389  1714/1937/389  1717/1934/389  1716/1946/389
usemtl tex/5sqtunnelroaddark
f  1718/1947/390  1711/1948/390  1712/1949/390  1713/1950/390
usemtl tex/5sqtunnelroaddark
f  1715/2021/6  1716/2020/6  1718/2023/6  1713/2022/6

o entity1_brush208
usemtl tex/5sqtunnelroaddark
f  1719/2032/1  1720/2033/1  1721/1868/1  1722/1864/1
usemtl tex/5sqtunnelroaddark
f  1723/2034/418  1722/2035/418  1721/2036/418  1724/2037/418
usemtl tex/5sqtunnelroaddark
f  1724/2038/3  1721/2039/3  1720/2040/3  1725/2041/3
usemtl tex/5sqtunnelroaddark
f  1725/2037/5  1720/2036/5  1719/2042/5  1726/2043/5
usemtl tex/5sqtunnelroaddark
f  1726/2041/419  1719/2040/419  1722/2039/419  1723/2038/419
usemtl tex/5sqtunnelroaddark
f  1725/2033/6  1726/2032/6  1723/1864/6  1724/1868/6

o entity1_brush209
usemtl tex/5sqtunnelroaddark
f  1727/2044/1  1728/2045/1  1729/2046/1  1730/2047/1
usemtl tex/5sqtunnelroaddark
f  1731/2048/420  1730/2049/420  1729/2050/420  1732/2051/420
usemtl tex/5sqtunnelroaddark
f  1733/2038/421  1728/2039/421  1727/2040/421  1734/2041/421
usemtl tex/5sqtunnelroaddark
f  1732/2052/422  1729/2053/422  1728/2039/422  1733/2038/422
usemtl tex/5sqtunnelroaddark
f  1734/2054/423  1727/2055/423  1730/2056/423  1731/2057/423
usemtl tex/5sqtunnelroaddark
f  1731/2047/6  1732/2046/6  1733/2045/6  1734/2044/6

o entity1_brush210
usemtl tex/5sqtunnelroaddark
f  1735/1831/1  1736/2058/1  1737/2059/1  1738/1832/1
usemtl tex/5sqtunnelroaddark
f  1739/2051/424  1737/2050/424  1736/2049/424  1740/2048/424
usemtl tex/5sqtunnelroaddark
f  1741/2060/3  1738/2061/3  1737/2062/3  1739/2063/3
usemtl tex/5sqtunnelroaddark
f  1740/2064/4  1736/2065/4  1735/2066/4  1742/2067/4
usemtl tex/5sqtunnelroaddark
f  1742/2048/425  1735/2049/425  1738/2050/425  1741/2051/425
usemtl tex/5sqtunnelroaddark
f  1740/2058/6  1742/1831/6  1741/1832/6  1739/2059/6

o entity1_brush211
usemtl tex/5sqtunnelroaddark
f  1743/1831/1  1744/1832/1  1745/1833/1  1746/1834/1
usemtl tex/5sqtunnelroaddark
f  1747/2051/426  1744/2050/426  1743/2049/426  1748/2048/426
usemtl tex/5sqtunnelroaddark
f  1749/2068/427  1746/2069/427  1745/2070/427  1750/2071/427
usemtl tex/5sqtunnelroaddark
f  1750/2072/428  1745/2073/428  1744/2074/428  1747/2075/428
usemtl tex/5sqtunnelroaddark
f  1748/2067/429  1743/2066/429  1746/2069/429  1749/2068/429
usemtl tex/5sqtunnelroaddark
f  1750/1833/6  1747/1832/6  1748/1831/6  1749/1834/6

o entity1_brush212
usemtl tex/5sqtunnelroaddark
f  1751/1833/1  1752/1841/1  1753/1842/1  1754/1843/1
usemtl tex/5sqtunnelroaddark
f  1755/2043/2  1754/2042/2  1753/2036/2  1756/2037/2
usemtl tex/5sqtunnelroaddark
f  1756/2068/3  1753/2069/3  1752/2070/3  1757/2071/3
usemtl tex/5sqtunnelroaddark
f  1757/2037/430  1752/2036/430  1751/2035/430  1758/2034/430
usemtl tex/5sqtunnelroaddark
f  1758/2071/431  1751/2070/431  1754/2069/431  1755/2068/431
usemtl tex/5sqtunnelroaddark
f  1757/1841/6  1758/1833/6  1755/1843/6  1756/1842/6

o entity1_brush213
usemtl tex/5sqtunnelroaddark
f  1759/1789/1  1760/1790/1  1761/1791/1  1762/1792/1
usemtl tex/5sqtunnelroaddark
f  1763/2076/432  1762/2077/432  1761/2078/432  1764/2079/432
usemtl tex/5sqtunnelroaddark
f  1764/2080/3  1761/2081/3  1760/2082/3  1765/2083/3
usemtl tex/5sqtunnelroaddark
f  1765/2079/5  1760/2078/5  1759/2084/5  1766/2085/5
usemtl tex/5sqtunnelroaddark
f  1766/2083/433  1759/2082/433  1762/2081/433  1763/2080/433
usemtl tex/5sqtunnelroaddark
f  1765/1790/6  1766/1789/6  1763/1792/6  1764/1791/6

o entity1_brush214
usemtl tex/5sqtunnelroaddark
f  1767/2086/1  1768/2087/1  1769/2088/1  1770/2089/1
usemtl tex/5sqtunnelroaddark
f  1771/2090/434  1770/2091/434  1769/2092/434  1772/2093/434
usemtl tex/5sqtunnelroaddark
f  1773/2094/435  1768/2081/435  1767/2082/435  1774/2095/435
usemtl tex/5sqtunnelroaddark
f  1772/2096/436  1769/2097/436  1768/1531/436  1773/2098/436
usemtl tex/5sqtunnelroaddark
f  1774/2099/437  1767/2100/437  1770/2101/437  1771/2102/437
usemtl tex/5sqtunnelroaddark
f  1771/2089/6  1772/2088/6  1773/2087/6  1774/2086/6

o entity1_brush215
usemtl tex/5sqtunnelroaddark
f  1775/1819/1  1776/2103/1  1777/2104/1  1778/1822/1
usemtl tex/5sqtunnelroaddark
f  1779/2105/3  1778/2106/3  1777/2107/3  1780/2108/3
usemtl tex/5sqtunnelroaddark
f  1781/2109/4  1776/2110/4  1775/2111/4  1782/2112/4
usemtl tex/5sqtunnelroaddark
f  1780/2093/438  1777/2092/438  1776/2091/438  1781/2090/438
usemtl tex/5sqtunnelroaddark
f  1782/2090/439  1775/2091/439  1778/2092/439  1779/2093/439
usemtl tex/5sqtunnelroaddark
f  1779/1822/6  1780/2104/6  1781/2103/6  1782/1819/6

o entity1_brush216
usemtl tex/5sqtunnelroaddark
f  1783/1831/1  1784/1832/1  1785/1833/1  1786/1834/1
usemtl tex/5sqtunnelroaddark
f  1787/2093/440  1784/2092/440  1783/2091/440  1788/2090/440
usemtl tex/5sqtunnelroaddark
f  1789/2113/441  1786/1575/441  1785/1578/441  1790/2114/441
usemtl tex/5sqtunnelroaddark
f  1790/2115/442  1785/2116/442  1784/2106/442  1787/2105/442
usemtl tex/5sqtunnelroaddark
f  1788/2117/443  1783/2118/443  1786/2119/443  1789/2120/443
usemtl tex/5sqtunnelroaddark
f  1790/1833/6  1787/1832/6  1788/1831/6  1789/1834/6

o entity1_brush217
usemtl tex/5sqtunnelroaddark
f  1791/1833/1  1792/1841/1  1793/1842/1  1794/1843/1
usemtl tex/5sqtunnelroaddark
f  1795/2121/2  1794/2084/2  1793/2078/2  1796/2122/2
usemtl tex/5sqtunnelroaddark
f  1796/2113/3  1793/1575/3  1792/1578/3  1797/2114/3
usemtl tex/5sqtunnelroaddark
f  1797/2122/444  1792/2078/444  1791/2077/444  1798/2123/444
usemtl tex/5sqtunnelroaddark
f  1798/2114/445  1791/1578/445  1794/1575/445  1795/2113/445
usemtl tex/5sqtunnelroaddark
f  1797/1841/6  1798/1833/6  1795/1843/6  1796/1842/6

o entity1_brush218
usemtl tex/5sqtunnelroaddark
f  1799/2124/1  1800/2125/1  1801/2126/1  1802/2127/1
usemtl tex/5sqtunnelroaddark
f  1803/2128/2  1802/2129/2  1801/2130/2  1804/2131/2
usemtl tex/5sqtunnelroaddark
f  1804/2132/3  1801/2133/3  1800/2134/3  1805/2135/3
usemtl tex/5sqtunnelroaddark
f  1805/2131/5  1800/2130/5  1799/2129/5  1806/2128/5
usemtl tex/5sqtunnelroaddark
f  1806/2135/446  1799/2134/446  1802/2133/446  1803/2132/446
usemtl tex/5sqtunnelroaddark
f  1805/2125/447  1806/2136/447  1803/2137/447  1804/2126/447

o entity1_brush219
usemtl tex/5sqtunnelroaddark
f  1807/2138/448  1808/2134/448  1809/2133/448  1810/2139/448
usemtl tex/5sqtunnelroaddark
f  1811/2132/449  1809/2133/449  1808/2134/449  1812/2135/449
usemtl tex/5sqtunnelroaddark
f  1810/2140/2  1809/2141/2  1811/2128/2  1813/2142/2
usemtl tex/5sqtunnelroaddark
f  1814/2142/5  1812/2128/5  1808/2141/5  1807/2140/5
usemtl tex/5sqtunnelroaddark
f  1813/2143/450  1811/2132/450  1812/2135/450  1814/2144/450
usemtl tex/5sqtunnelroaddark
f  1814/2145/451  1807/2146/451  1810/2147/451  1813/2148/451

o entity1_brush220
usemtl tex/5sqtunnelroaddark
f  1815/2145/452  1816/2148/452  1817/2147/452  1818/2146/452
usemtl tex/5sqtunnelroaddark
f  1819/2149/2  1817/2140/2  1816/2142/2  1820/2150/2
usemtl tex/5sqtunnelroaddark
f  1820/2151/3  1816/2143/3  1815/2144/3  1821/2152/3
usemtl tex/5sqtunnelroaddark
f  1822/2153/4  1818/2138/4  1817/2139/4  1819/2154/4
usemtl tex/5sqtunnelroaddark
f  1821/2150/5  1815/2142/5  1818/2140/5  1822/2149/5
usemtl tex/5sqtunnelroaddark
f  1822/2146/453  1819/2147/453  1820/2148/453  1821/2145/453

o entity1_brush221
usemtl tex/5sqtunnelroaddark
f  1823/2146/454  1824/2145/454  1825/2148/454  1826/2147/454
usemtl tex/5sqtunnelroaddark
f  1827/2155/455  1825/2151/455  1824/2152/455  1828/2156/455
usemtl tex/5sqtunnelroaddark
f  1826/2149/2  1825/2150/2  1827/2157/2  1829/2158/2
usemtl tex/5sqtunnelroaddark
f  1830/2158/5  1828/2157/5  1824/2150/5  1823/2149/5
usemtl tex/5sqtunnelroaddark
f  1829/2159/456  1827/2155/456  1828/2156/456  1830/2160/456
usemtl tex/5sqtunnelroaddark
f  1830/2161/457  1823/2162/457  1826/2163/457  1829/2164/457

o entity1_brush222
usemtl tex/5sqtunnelroaddark
f  1831/2125/1  1832/2126/1  1833/2137/1  1834/2136/1
usemtl tex/5sqtunnelroaddark
f  1835/2160/458  1834/2156/458  1833/2155/458  1836/2159/458
usemtl tex/5sqtunnelroaddark
f  1836/2165/2  1833/2157/2  1832/2166/2  1837/2167/2
usemtl tex/5sqtunnelroaddark
f  1837/2159/3  1832/2155/3  1831/2156/3  1838/2160/3
usemtl tex/5sqtunnelroaddark
f  1838/2167/5  1831/2166/5  1834/2157/5  1835/2165/5
usemtl tex/5sqtunnelroaddark
f  1837/2126/6  1838/2125/6  1835/2124/6  1836/2127/6

o entity1_brush223
usemtl tex/5sqtunnelroaddark
f  1839/616/1  1840/2168/1  1841/2169/1  1842/2170/1
usemtl tex/5sqtunnelroaddark
f  1843/2171/2  1841/2172/2  1840/2173/2  1844/2174/2
usemtl tex/5sqtunnelroaddark
f  1844/2175/3  1840/2176/3  1839/2177/3  1845/2178/3
usemtl tex/5sqtunnelroaddark
f  1846/2178/4  1842/2177/4  1841/2176/4  1843/2175/4
usemtl tex/5sqtunnelroaddark
f  1845/2174/5  1839/2173/5  1842/2172/5  1846/2171/5
usemtl tex/5sqtunnelroaddark
f  1846/2170/6  1843/2169/6  1844/2168/6  1845/616/6

o entity1_brush224
usemtl tex/5sqtunnelroaddark
f  1847/614/1  1848/2179/1  1849/574/1  1850/2180/1
usemtl tex/5sqtunnelroaddark
f  1851/2181/2  1849/2182/2  1848/2183/2  1852/1694/2
usemtl tex/5sqtunnelroaddark
f  1852/2184/3  1848/2185/3  1847/2186/3  1853/2187/3
usemtl tex/5sqtunnelroaddark
f  1854/2187/4  1850/2186/4  1849/2185/4  1851/2184/4
usemtl tex/5sqtunnelroaddark
f  1853/1694/5  1847/2183/5  1850/2182/5  1854/2181/5
usemtl tex/5sqtunnelroaddark
f  1854/2180/6  1851/574/6  1852/2179/6  1853/614/6

o entity1_brush225
usemtl tex/5sqtunnelroaddark
f  1855/2188/1  1856/2189/1  1857/2126/1  1858/2127/1
usemtl tex/5sqtunnelroaddark
f  1859/1901/2  1858/1902/2  1857/1903/2  1860/1904/2
usemtl tex/5sqtunnelroaddark
f  1860/2190/3  1857/2191/3  1856/2192/3  1861/2193/3
usemtl tex/5sqtunnelroaddark
f  1861/1904/5  1856/1903/5  1855/1902/5  1862/1901/5
usemtl tex/5sqtunnelroaddark
f  1862/2193/459  1855/2192/459  1858/2191/459  1859/2190/459
usemtl tex/5sqtunnelroaddark
f  1861/2189/460  1862/2194/460  1859/2137/460  1860/2126/460

o entity1_brush226
usemtl tex/5sqtunnelroaddark
f  1863/2195/461  1864/2192/461  1865/2191/461  1866/2196/461
usemtl tex/5sqtunnelroaddark
f  1867/2190/462  1865/2191/462  1864/2192/462  1868/2193/462
usemtl tex/5sqtunnelroaddark
f  1866/1911/2  1865/1912/2  1867/1901/2  1869/1913/2
usemtl tex/5sqtunnelroaddark
f  1870/1913/5  1868/1901/5  1864/1912/5  1863/1911/5
usemtl tex/5sqtunnelroaddark
f  1869/2197/463  1867/2198/463  1868/2199/463  1870/2200/463
usemtl tex/5sqtunnelroaddark
f  1870/2201/464  1863/2202/464  1866/2147/464  1869/2148/464

o entity1_brush227
usemtl tex/5sqtunnelroaddark
f  1871/2201/465  1872/2148/465  1873/2147/465  1874/2202/465
usemtl tex/5sqtunnelroaddark
f  1875/1882/2  1873/1911/2  1872/1913/2  1876/1883/2
usemtl tex/5sqtunnelroaddark
f  1876/2203/3  1872/2204/3  1871/2205/3  1877/2206/3
usemtl tex/5sqtunnelroaddark
f  1878/2207/4  1874/2195/4  1873/2196/4  1875/2208/4
usemtl tex/5sqtunnelroaddark
f  1877/1883/5  1871/1913/5  1874/1911/5  1878/1882/5
usemtl tex/5sqtunnelroaddark
f  1878/2202/466  1875/2147/466  1876/2148/466  1877/2201/466

o entity1_brush228
usemtl tex/5sqtunnelroaddark
f  1879/2202/467  1880/2201/467  1881/2148/467  1882/2147/467
usemtl tex/5sqtunnelroaddark
f  1883/2209/468  1881/2210/468  1880/2211/468  1884/2212/468
usemtl tex/5sqtunnelroaddark
f  1882/1882/2  1881/1883/2  1883/1884/2  1885/1885/2
usemtl tex/5sqtunnelroaddark
f  1886/1885/5  1884/1884/5  1880/1883/5  1879/1882/5
usemtl tex/5sqtunnelroaddark
f  1885/2213/469  1883/2214/469  1884/2215/469  1886/2216/469
usemtl tex/5sqtunnelroaddark
f  1886/2216/470  1879/2207/470  1882/2208/470  1885/2213/470

o entity1_brush229
usemtl tex/5sqtunnelroaddark
f  1887/2189/1  1888/2126/1  1889/2137/1  1890/2194/1
usemtl tex/5sqtunnelroaddark
f  1891/2216/471  1890/2215/471  1889/2214/471  1892/2213/471
usemtl tex/5sqtunnelroaddark
f  1892/1896/2  1889/1884/2  1888/1897/2  1893/1898/2
usemtl tex/5sqtunnelroaddark
f  1893/2213/3  1888/2214/3  1887/2215/3  1894/2216/3
usemtl tex/5sqtunnelroaddark
f  1894/1898/5  1887/1897/5  1890/1884/5  1891/1896/5
usemtl tex/5sqtunnelroaddark
f  1893/2126/6  1894/2189/6  1891/2188/6  1892/2127/6

o entity1_brush230
usemtl tex/5sqtunnelroaddark
f  1895/2217/1  1896/2218/1  1897/2168/1  1898/616/1
usemtl tex/5sqtunnelroaddark
f  1899/2219/2  1897/2220/2  1896/2221/2  1900/2222/2
usemtl tex/5sqtunnelroaddark
f  1900/184/3  1896/2223/3  1895/2224/3
usemtl tex/5sqtunnelroaddark
f  1898/2224/4  1897/2223/4  1899/184/4
usemtl tex/5sqtunnelroaddark
f  1900/2218/472  1895/2217/472  1898/616/472  1899/2168/472

o entity1_brush231
usemtl tex/5sqtunnelroaddark
f  1901/1692/1  1902/1693/1  1903/1767/1  1904/2225/1
usemtl tex/5sqtunnelroaddark
f  1904/2226/3  1903/2227/3  1905/2228/3
usemtl tex/5sqtunnelroaddark
f  1906/2228/4  1902/2227/4  1901/2226/4
usemtl tex/5sqtunnelroaddark
f  1905/2229/5  1903/2230/5  1902/589/5  1906/2231/5
usemtl tex/5sqtunnelroaddark
f  1901/1692/305  1904/2225/305  1905/1767/305  1906/1693/305

o entity1_brush232
usemtl tex/5sqtunnelroaddark
f  1907/867/473  1908/858/473  1909/2232/473  1910/2233/473
usemtl tex/5sqtunnelroaddark
f  1910/2234/3  1909/2235/3  1911/2236/3
usemtl tex/5sqtunnelroaddark
f  1912/2236/4  1908/2235/4  1907/2234/4
usemtl tex/5sqtunnelroaddark
f  1911/2237/5  1909/2238/5  1908/917/5  1912/2239/5
usemtl tex/5sqtunnelroaddark
f  1907/857/6  1910/2240/6  1911/2241/6  1912/1607/6

o entity1_brush233
usemtl tex/5sqtunnelroaddark
f  1913/2242/474  1914/2243/474  1915/838/474  1916/2179/474
usemtl tex/5sqtunnelroaddark
f  1917/912/2  1915/843/2  1914/2244/2  1918/2245/2
usemtl tex/5sqtunnelroaddark
f  1918/2246/3  1914/840/3  1913/2247/3
usemtl tex/5sqtunnelroaddark
f  1916/2247/4  1915/840/4  1917/2246/4
usemtl tex/5sqtunnelroaddark
f  1918/2243/6  1913/2242/6  1916/2179/6  1917/838/6

o entity1_brush234
usemtl tex/5sqtunnelroaddark
f  1919/2248/1  1920/2249/1  1921/2250/1  1922/1448/1
usemtl tex/5sqtunnelroaddark
f  1923/2219/2  1921/2220/2  1920/2221/2  1924/2222/2
usemtl tex/5sqtunnelroaddark
f  1924/2251/3  1920/2252/3  1919/2253/3
usemtl tex/5sqtunnelroaddark
f  1922/2253/4  1921/2252/4  1923/2251/4
usemtl tex/5sqtunnelroaddark
f  1924/2249/472  1919/2248/472  1922/1448/472  1923/2250/472

o entity1_brush235
usemtl tex/5sqtunnelroaddark
f  1925/2254/1  1926/2255/1  1927/2256/1  1928/2257/1
usemtl tex/5sqtunnelroaddark
f  1928/2258/3  1927/2259/3  1929/2260/3
usemtl tex/5sqtunnelroaddark
f  1930/2260/4  1926/2259/4  1925/2258/4
usemtl tex/5sqtunnelroaddark
f  1929/2261/5  1927/2262/5  1926/2263/5  1930/588/5
usemtl tex/5sqtunnelroaddark
f  1925/2254/305  1928/2257/305  1929/2256/305  1930/2255/305

o entity1_brush236
usemtl tex/5sqtunnelroaddark
f  1931/1466/473  1932/2264/473  1933/2265/473  1934/2266/473
usemtl tex/5sqtunnelroaddark
f  1934/2267/3  1933/2268/3  1935/2269/3
usemtl tex/5sqtunnelroaddark
f  1936/2269/4  1932/2268/4  1931/2267/4
usemtl tex/5sqtunnelroaddark
f  1935/2237/5  1933/2238/5  1932/917/5  1936/2239/5
usemtl tex/5sqtunnelroaddark
f  1931/1466/6  1934/2266/6  1935/2265/6  1936/2264/6

o entity1_brush237
usemtl tex/5sqtunnelroaddark
f  1937/2270/474  1938/2271/474  1939/2272/474  1940/2273/474
usemtl tex/5sqtunnelroaddark
f  1941/912/2  1939/843/2  1938/2244/2  1942/2245/2
usemtl tex/5sqtunnelroaddark
f  1942/2274/3  1938/2275/3  1937/2276/3
usemtl tex/5sqtunnelroaddark
f  1940/2276/4  1939/2275/4  1941/2274/4
usemtl tex/5sqtunnelroaddark
f  1942/2271/6  1937/2270/6  1940/2273/6  1941/2272/6

o entity1_brush238
usemtl tex/5sqtunnelroaddark
f  1943/1892/1  1944/2277/1  1945/2278/1  1946/1895/1
usemtl tex/5sqtunnelroaddark
f  1947/835/475  1946/2279/475  1945/2280/475  1948/2281/475
usemtl tex/5sqtunnelroaddark
f  1948/2282/2  1945/2283/2  1944/2284/2  1949/2285/2
usemtl tex/5sqtunnelroaddark
f  1949/2281/3  1944/2280/3  1943/2279/3  1950/835/3
usemtl tex/5sqtunnelroaddark
f  1950/2285/5  1943/2284/5  1946/2283/5  1947/2282/5
usemtl tex/5sqtunnelroaddark
f  1949/2277/6  1950/1892/6  1947/1899/6  1948/2286/6

o entity1_brush239
usemtl tex/5sqtunnelroaddark
f  1951/1874/476  1952/1875/476  1953/2287/476  1954/2288/476
usemtl tex/5sqtunnelroaddark
f  1955/2280/477  1953/2289/477  1952/2290/477  1956/2279/477
usemtl tex/5sqtunnelroaddark
f  1954/2291/2  1953/2292/2  1955/2283/2  1957/2293/2
usemtl tex/5sqtunnelroaddark
f  1958/2293/5  1956/2283/5  1952/2292/5  1951/2291/5
usemtl tex/5sqtunnelroaddark
f  1957/2281/478  1955/2280/478  1956/2279/478  1958/835/478
usemtl tex/5sqtunnelroaddark
f  1958/2294/479  1951/2295/479  1954/2296/479  1957/2297/479

o entity1_brush240
usemtl tex/5sqtunnelroaddark
f  1959/2298/480  1960/2299/480  1961/2300/480  1962/2301/480
usemtl tex/5sqtunnelroaddark
f  1963/2302/481  1961/2303/481  1960/2304/481  1964/2305/481
usemtl tex/5sqtunnelroaddark
f  1962/2306/2  1961/2307/2  1963/2308/2  1965/2309/2
usemtl tex/5sqtunnelroaddark
f  1966/2309/5  1964/2308/5  1960/2307/5  1959/2306/5
usemtl tex/5sqtunnelroaddark
f  1965/2310/482  1963/2302/482  1964/2305/482  1966/2311/482
usemtl tex/5sqtunnelroaddark
f  1966/1875/483  1959/1874/483  1962/2288/483  1965/2287/483

o entity1_brush241
usemtl tex/5sqtunnelroaddark
f  1967/1899/1  1968/1892/1  1969/2277/1  1970/2286/1
usemtl tex/5sqtunnelroaddark
f  1971/2308/2  1970/2312/2  1969/2313/2  1972/2314/2
usemtl tex/5sqtunnelroaddark
f  1972/2302/3  1969/2303/3  1968/2304/3  1973/2305/3
usemtl tex/5sqtunnelroaddark
f  1973/2314/5  1968/2313/5  1967/2312/5  1974/2308/5
usemtl tex/5sqtunnelroaddark
f  1974/2305/484  1967/2304/484  1970/2303/484  1971/2302/484
usemtl tex/5sqtunnelroaddark
f  1973/1892/485  1974/1895/485  1971/2278/485  1972/2277/485

o entity1_brush242
usemtl tex/5sqtunnelroaddark
f  1975/1875/452  1976/2287/452  1977/2288/452  1978/1874/452
usemtl tex/5sqtunnelroaddark
f  1979/2291/2  1977/2306/2  1976/2309/2  1980/2292/2
usemtl tex/5sqtunnelroaddark
f  1980/2289/3  1976/2310/3  1975/2311/3  1981/2290/3
usemtl tex/5sqtunnelroaddark
f  1982/2315/4  1978/2316/4  1977/2317/4  1979/2318/4
usemtl tex/5sqtunnelroaddark
f  1981/2292/5  1975/2309/5  1978/2306/5  1982/2291/5
usemtl tex/5sqtunnelroaddark
f  1982/1874/486  1979/2288/486  1980/2287/486  1981/1875/486

o entity1_brush243
usemtl tex/5sqtunnelroaddark
f  1983/2319/1  1984/2180/1  1985/2320/1  1986/2321/1
usemtl tex/5sqtunnelroaddark
f  1987/2322/2  1985/2323/2  1984/2171/2  1988/2324/2
usemtl tex/5sqtunnelroaddark
f  1988/2325/3  1984/2326/3  1983/2327/3  1989/2328/3
usemtl tex/5sqtunnelroaddark
f  1990/2328/4  1986/2327/4  1985/2326/4  1987/2325/4
usemtl tex/5sqtunnelroaddark
f  1989/2324/5  1983/2171/5  1986/2323/5  1990/2322/5
usemtl tex/5sqtunnelroaddark
f  1990/2321/6  1987/2320/6  1988/2180/6  1989/2319/6

o entity1_brush244
usemtl tex/5sqtunnelroaddark
f  1991/2319/1  1992/2180/1  1993/2320/1  1994/2321/1
usemtl tex/5sqtunnelroaddark
f  1995/2329/2  1993/2330/2  1992/2331/2  1996/2332/2
usemtl tex/5sqtunnelroaddark
f  1996/2333/3  1992/2334/3  1991/2335/3  1997/2336/3
usemtl tex/5sqtunnelroaddark
f  1998/2336/4  1994/2335/4  1993/2334/4  1995/2333/4
usemtl tex/5sqtunnelroaddark
f  1997/2332/5  1991/2331/5  1994/2330/5  1998/2329/5
usemtl tex/5sqtunnelroaddark
f  1998/2321/6  1995/2320/6  1996/2180/6  1997/2319/6

o entity1_brush245
usemtl tex/5sqtunnelroaddark
f  1999/2337/1  2000/2338/1  2001/1774/1  2002/1685/1
usemtl tex/5sqtunnelroaddark
f  2003/1776/2  2001/1687/2  2000/2339/2  2004/2340/2
usemtl tex/5sqtunnelroaddark
f  2004/1778/3  2000/2341/3  1999/1690/3  2005/2342/3
usemtl tex/5sqtunnelroaddark
f  2006/2342/4  2002/1690/4  2001/2341/4  2003/1778/4
usemtl tex/5sqtunnelroaddark
f  2005/2340/5  1999/2339/5  2002/1687/5  2006/1776/5
usemtl tex/5sqtunnelroaddark
f  2006/1685/6  2003/1774/6  2004/2338/6  2005/2337/6

o entity1_brush246
usemtl tex/5sqtunnelroaddark
f  2007/2343/1  2008/2344/1  2009/2345/1  2010/2346/1
usemtl tex/5sqtunnelroaddark
f  2011/1951/2  2010/2042/2  2009/2036/2  2012/1954/2
usemtl tex/5sqtunnelroaddark
f  2012/2347/3  2009/2348/3  2008/2349/3  2013/2350/3
usemtl tex/5sqtunnelroaddark
f  2013/1954/391  2008/2036/391  2007/2035/391  2014/1960/391
usemtl tex/5sqtunnelroaddark
f  2014/2350/487  2007/2349/487  2010/2348/487  2011/2347/487
usemtl tex/5sqtunnelroaddark
f  2013/2344/6  2014/2343/6  2011/2346/6  2012/2345/6

o entity1_brush247
usemtl tex/5sqtunnelroaddark
f  2015/2351/1  2016/2352/1  2017/2343/1  2018/2353/1
usemtl tex/5sqtunnelroaddark
f  2019/1961/488  2016/2050/488  2015/2049/488  2020/1964/488
usemtl tex/5sqtunnelroaddark
f  2021/2347/489  2018/2348/489  2017/2349/489  2022/2350/489
usemtl tex/5sqtunnelroaddark
f  2022/2354/490  2017/2355/490  2016/2356/490  2019/2357/490
usemtl tex/5sqtunnelroaddark
f  2020/2358/491  2015/2359/491  2018/2360/491  2021/2361/491
usemtl tex/5sqtunnelroaddark
f  2022/2343/6  2019/2352/6  2020/2351/6  2021/2353/6

o entity1_brush248
usemtl tex/5sqtunnelroaddark
f  2023/2351/1  2024/2362/1  2025/2363/1  2026/2352/1
usemtl tex/5sqtunnelroaddark
f  2027/2364/3  2026/2365/3  2025/2366/3  2028/2367/3
usemtl tex/5sqtunnelroaddark
f  2029/2368/4  2024/2369/4  2023/2370/4  2030/2371/4
usemtl tex/5sqtunnelroaddark
f  2028/1961/492  2025/2050/492  2024/2049/492  2029/1964/492
usemtl tex/5sqtunnelroaddark
f  2030/1964/493  2023/2049/493  2026/2050/493  2027/1961/493
usemtl tex/5sqtunnelroaddark
f  2027/2352/6  2028/2363/6  2029/2362/6  2030/2351/6

o entity1_brush249
usemtl tex/5sqtunnelroaddark
f  2031/2372/1  2032/2373/1  2033/2363/1  2034/2362/1
usemtl tex/5sqtunnelroaddark
f  2035/1964/494  2034/2049/494  2033/2050/494  2036/1961/494
usemtl tex/5sqtunnelroaddark
f  2037/2374/495  2032/2375/495  2031/2376/495  2038/2377/495
usemtl tex/5sqtunnelroaddark
f  2036/2367/496  2033/2366/496  2032/2375/496  2037/2374/496
usemtl tex/5sqtunnelroaddark
f  2038/2378/497  2031/2379/497  2034/2380/497  2035/2381/497
usemtl tex/5sqtunnelroaddark
f  2035/2362/6  2036/2363/6  2037/2373/6  2038/2372/6

o entity1_brush250
usemtl tex/5sqtunnelroaddark
f  2039/2382/1  2040/2383/1  2041/2384/1  2042/2373/1
usemtl tex/5sqtunnelroaddark
f  2043/1979/498  2042/2035/498  2041/2036/498  2044/1980/498
usemtl tex/5sqtunnelroaddark
f  2044/2385/3  2041/2375/3  2040/2376/3  2045/2386/3
usemtl tex/5sqtunnelroaddark
f  2045/1980/5  2040/2036/5  2039/2042/5  2046/1983/5
usemtl tex/5sqtunnelroaddark
f  2046/2386/499  2039/2376/499  2042/2375/499  2043/2385/499
usemtl tex/5sqtunnelroaddark
f  2045/2383/6  2046/2382/6  2043/2373/6  2044/2384/6

o entity1_brush251
usemtl tex/5sqtunnelroaddark
f  2047/2387/1  2048/2388/1  2049/2389/1  2050/2390/1
usemtl tex/5sqtunnelroaddark
f  2051/1926/387  2048/1927/387  2047/1928/387  2052/1929/387
usemtl tex/5sqtunnelroaddark
f  2050/1930/388  2049/1931/388  2053/1932/388  2054/1933/388
usemtl tex/5sqtunnelroaddark
f  2055/1934/2  2054/1935/2  2053/1936/2  2056/1937/2
usemtl tex/5sqtunnelroaddark
f  2057/2391/3  2056/2392/3  2053/2393/3  2049/2394/3  2048/2395/3  2051/2396/3  2058/2397/3  2059/2398/3
usemtl tex/5sqtunnelroaddark
f  2060/2398/4  2061/2397/4  2052/2396/4  2047/2395/4  2050/2394/4  2054/2393/4  2055/2392/4  2062/2391/4
usemtl tex/5sqtunnelroaddark
f  2058/1937/5  2051/1936/5  2052/1935/5  2061/1934/5
usemtl tex/5sqtunnelroaddark
f  2059/549/389  2058/1937/389  2061/1934/389  2060/1946/389
usemtl tex/5sqtunnelroaddark
f  2062/1947/390  2055/1948/390  2056/1949/390  2057/1950/390
usemtl tex/5sqtunnelroaddark
f  2059/2388/6  2060/2387/6  2062/2390/6  2057/2389/6

o entity1_brush252
usemtl tex/5sqtunnelroaddark
f  2063/2343/1  2064/2344/1  2065/2345/1  2066/2346/1
usemtl tex/5sqtunnelroaddark
f  2067/2399/2  2066/2400/2  2065/2401/2  2068/2402/2
usemtl tex/5sqtunnelroaddark
f  2068/2403/3  2065/2404/3  2064/2405/3  2069/2406/3
usemtl tex/5sqtunnelroaddark
f  2069/2402/500  2064/2401/500  2063/2407/500  2070/2408/500
usemtl tex/5sqtunnelroaddark
f  2070/2406/501  2063/2405/501  2066/2404/501  2067/2403/501
usemtl tex/5sqtunnelroaddark
f  2069/2344/6  2070/2343/6  2067/2346/6  2068/2345/6

o entity1_brush253
usemtl tex/5sqtunnelroaddark
f  2071/2351/1  2072/2352/1  2073/2343/1  2074/2353/1
usemtl tex/5sqtunnelroaddark
f  2075/2409/502  2072/2410/502  2071/2411/502  2076/2412/502
usemtl tex/5sqtunnelroaddark
f  2077/2403/503  2074/2404/503  2073/2405/503  2078/2406/503
usemtl tex/5sqtunnelroaddark
f  2078/2413/504  2073/2414/504  2072/2415/504  2075/2416/504
usemtl tex/5sqtunnelroaddark
f  2076/2417/505  2071/2418/505  2074/2419/505  2077/2420/505
usemtl tex/5sqtunnelroaddark
f  2078/2343/6  2075/2352/6  2076/2351/6  2077/2353/6

o entity1_brush254
usemtl tex/5sqtunnelroaddark
f  2079/2351/1  2080/2362/1  2081/2363/1  2082/2352/1
usemtl tex/5sqtunnelroaddark
f  2083/2409/506  2081/2410/506  2080/2411/506  2084/2412/506
usemtl tex/5sqtunnelroaddark
f  2085/2421/3  2082/2422/3  2081/2423/3  2083/2424/3
usemtl tex/5sqtunnelroaddark
f  2084/2425/4  2080/2426/4  2079/2427/4  2086/2428/4
usemtl tex/5sqtunnelroaddark
f  2086/2412/507  2079/2411/507  2082/2410/507  2085/2409/507
usemtl tex/5sqtunnelroaddark
f  2084/2362/6  2086/2351/6  2085/2352/6  2083/2363/6

o entity1_brush255
usemtl tex/5sqtunnelroaddark
f  2087/2372/1  2088/2373/1  2089/2363/1  2090/2362/1
usemtl tex/5sqtunnelroaddark
f  2091/2412/508  2090/2411/508  2089/2410/508  2092/2409/508
usemtl tex/5sqtunnelroaddark
f  2093/2429/509  2088/2430/509  2087/2431/509  2094/2432/509
usemtl tex/5sqtunnelroaddark
f  2092/2424/510  2089/2423/510  2088/2430/510  2093/2429/510
usemtl tex/5sqtunnelroaddark
f  2094/2433/511  2087/2434/511  2090/2435/511  2091/2436/511
usemtl tex/5sqtunnelroaddark
f  2091/2362/6  2092/2363/6  2093/2373/6  2094/2372/6

o entity1_brush256
usemtl tex/5sqtunnelroaddark
f  2095/2382/1  2096/2383/1  2097/2384/1  2098/2373/1
usemtl tex/5sqtunnelroaddark
f  2099/2437/2  2098/2407/2  2097/2401/2  2100/2438/2
usemtl tex/5sqtunnelroaddark
f  2100/2439/3  2097/2430/3  2096/2431/3  2101/2440/3
usemtl tex/5sqtunnelroaddark
f  2101/2438/5  2096/2401/5  2095/2400/5  2102/2441/5
usemtl tex/5sqtunnelroaddark
f  2102/2440/512  2095/2431/512  2098/2430/512  2099/2439/512
usemtl tex/5sqtunnelroaddark
f  2101/2383/6  2102/2382/6  2099/2373/6  2100/2384/6

o entity1_brush257
usemtl tex/5sqtunnelroaddark
f  2103/396/1  2104/2442/1  2105/2443/1  2106/392/1
usemtl tex/5sqtunnelroaddark
f  2107/2444/513  2106/2445/513  2105/2446/513  2108/2447/513
usemtl tex/5sqtunnelroaddark
f  2108/1896/2  2105/1884/2  2104/1897/2  2109/1898/2
usemtl tex/5sqtunnelroaddark
f  2109/2447/3  2104/2446/3  2103/2445/3  2110/2444/3
usemtl tex/5sqtunnelroaddark
f  2110/1898/5  2103/1897/5  2106/1884/5  2107/1896/5
usemtl tex/5sqtunnelroaddark
f  2109/2442/6  2110/396/6  2107/393/6  2108/2448/6

o entity1_brush258
usemtl tex/5sqtunnelroaddark
f  2111/410/514  2112/407/514  2113/2449/514  2114/2450/514
usemtl tex/5sqtunnelroaddark
f  2115/2451/515  2113/2452/515  2112/2453/515  2116/2454/515
usemtl tex/5sqtunnelroaddark
f  2114/1882/2  2113/1883/2  2115/1884/2  2117/1885/2
usemtl tex/5sqtunnelroaddark
f  2118/1885/5  2116/1884/5  2112/1883/5  2111/1882/5
usemtl tex/5sqtunnelroaddark
f  2117/2447/516  2115/2446/516  2116/2445/516  2118/2444/516
usemtl tex/5sqtunnelroaddark
f  2118/2444/517  2111/2455/517  2114/2456/517  2117/2447/517

o entity1_brush259
usemtl tex/5sqtunnelroaddark
f  2119/407/518  2120/2449/518  2121/2450/518  2122/410/518
usemtl tex/5sqtunnelroaddark
f  2123/1882/2  2121/1911/2  2120/1913/2  2124/1883/2
usemtl tex/5sqtunnelroaddark
f  2124/2457/3  2120/2458/3  2119/2459/3  2125/2460/3
usemtl tex/5sqtunnelroaddark
f  2126/2455/4  2122/2461/4  2121/2462/4  2123/2456/4
usemtl tex/5sqtunnelroaddark
f  2125/1883/5  2119/1913/5  2122/1911/5  2126/1882/5
usemtl tex/5sqtunnelroaddark
f  2126/410/519  2123/2450/519  2124/2449/519  2125/407/519

o entity1_brush260
usemtl tex/5sqtunnelroaddark
f  2127/2461/520  2128/2463/520  2129/2464/520  2130/2462/520
usemtl tex/5sqtunnelroaddark
f  2131/2465/521  2129/2464/521  2128/2463/521  2132/2466/521
usemtl tex/5sqtunnelroaddark
f  2130/1911/2  2129/1912/2  2131/1901/2  2133/1913/2
usemtl tex/5sqtunnelroaddark
f  2134/1913/5  2132/1901/5  2128/1912/5  2127/1911/5
usemtl tex/5sqtunnelroaddark
f  2133/2467/522  2131/2468/522  2132/2469/522  2134/2470/522
usemtl tex/5sqtunnelroaddark
f  2134/407/523  2127/410/523  2130/2450/523  2133/2449/523

o entity1_brush261
usemtl tex/5sqtunnelroaddark
f  2135/393/1  2136/396/1  2137/2442/1  2138/2448/1
usemtl tex/5sqtunnelroaddark
f  2139/1901/2  2138/1902/2  2137/1903/2  2140/1904/2
usemtl tex/5sqtunnelroaddark
f  2140/2465/3  2137/2464/3  2136/2463/3  2141/2466/3
usemtl tex/5sqtunnelroaddark
f  2141/1904/5  2136/1903/5  2135/1902/5  2142/1901/5
usemtl tex/5sqtunnelroaddark
f  2142/2466/524  2135/2463/524  2138/2464/524  2139/2465/524
usemtl tex/5sqtunnelroaddark
f  2141/396/525  2142/392/525  2139/2443/525  2140/2442/525

o entity1_brush262
usemtl tex/5sqtunnelroaddark
f  2143/2471/1  2144/2472/1  2145/888/1  2146/2473/1
usemtl tex/5sqtunnelroaddark
f  2147/2219/2  2145/2220/2  2144/2221/2  2148/2222/2
usemtl tex/5sqtunnelroaddark
f  2148/2474/3  2144/2475/3  2143/2476/3
usemtl tex/5sqtunnelroaddark
f  2146/2476/4  2145/2475/4  2147/2474/4
usemtl tex/5sqtunnelroaddark
f  2148/2472/472  2143/2471/472  2146/2473/472  2147/888/472

o entity1_brush263
usemtl tex/5sqtunnelroaddark
f  2149/2477/1  2150/2478/1  2151/2479/1  2152/2480/1
usemtl tex/5sqtunnelroaddark
f  2152/2481/3  2151/2482/3  2153/2483/3
usemtl tex/5sqtunnelroaddark
f  2154/2483/4  2150/2482/4  2149/2481/4
usemtl tex/5sqtunnelroaddark
f  2153/2261/5  2151/2262/5  2150/2263/5  2154/588/5
usemtl tex/5sqtunnelroaddark
f  2149/2477/305  2152/2480/305  2153/2479/305  2154/2478/305

o entity1_brush264
usemtl tex/5sqtunnelroaddark
f  2155/2484/473  2156/916/473  2157/2485/473  2158/2486/473
usemtl tex/5sqtunnelroaddark
f  2158/2487/3  2157/2488/3  2159/2489/3
usemtl tex/5sqtunnelroaddark
f  2160/2489/4  2156/2488/4  2155/2487/4
usemtl tex/5sqtunnelroaddark
f  2159/2237/5  2157/2238/5  2156/917/5  2160/2239/5
usemtl tex/5sqtunnelroaddark
f  2155/2484/6  2158/2486/6  2159/2485/6  2160/916/6

o entity1_brush265
usemtl tex/5sqtunnelroaddark
f  2161/2490/474  2162/2491/474  2163/2492/474  2164/1677/474
usemtl tex/5sqtunnelroaddark
f  2165/912/2  2163/843/2  2162/2244/2  2166/2245/2
usemtl tex/5sqtunnelroaddark
f  2166/2493/3  2162/2494/3  2161/2495/3
usemtl tex/5sqtunnelroaddark
f  2164/2495/4  2163/2494/4  2165/2493/4
usemtl tex/5sqtunnelroaddark
f  2166/2491/6  2161/2490/6  2164/1677/6  2165/2492/6

o entity1_brush266
usemtl tex/5sqtunnelroaddark
f  2167/393/1  2168/396/1  2169/2401/1  2170/2400/1
usemtl tex/5sqtunnelroaddark
f  2171/2308/2  2170/2312/2  2169/2313/2  2172/2314/2
usemtl tex/5sqtunnelroaddark
f  2172/2496/3  2169/2497/3  2168/2498/3  2173/2499/3
usemtl tex/5sqtunnelroaddark
f  2173/2314/5  2168/2313/5  2167/2312/5  2174/2308/5
usemtl tex/5sqtunnelroaddark
f  2174/2499/526  2167/2498/526  2170/2497/526  2171/2496/526
usemtl tex/5sqtunnelroaddark
f  2173/396/527  2174/392/527  2171/2407/527  2172/2401/527

o entity1_brush267
usemtl tex/5sqtunnelroaddark
f  2175/2500/520  2176/2501/520  2177/2502/520  2178/2503/520
usemtl tex/5sqtunnelroaddark
f  2179/2504/521  2177/2505/521  2176/2498/521  2180/2499/521
usemtl tex/5sqtunnelroaddark
f  2178/2306/2  2177/2307/2  2179/2308/2  2181/2309/2
usemtl tex/5sqtunnelroaddark
f  2182/2309/5  2180/2308/5  2176/2307/5  2175/2306/5
usemtl tex/5sqtunnelroaddark
f  2181/2506/522  2179/2504/522  2180/2499/522  2182/2507/522
usemtl tex/5sqtunnelroaddark
f  2182/407/523  2175/410/523  2178/2450/523  2181/2449/523

o entity1_brush268
usemtl tex/5sqtunnelroaddark
f  2183/407/518  2184/2449/518  2185/2450/518  2186/410/518
usemtl tex/5sqtunnelroaddark
f  2187/2291/2  2185/2306/2  2184/2309/2  2188/2292/2
usemtl tex/5sqtunnelroaddark
f  2188/2508/3  2184/2506/3  2183/2507/3  2189/2509/3
usemtl tex/5sqtunnelroaddark
f  2190/2510/4  2186/2511/4  2185/2512/4  2187/2513/4
usemtl tex/5sqtunnelroaddark
f  2189/2292/5  2183/2309/5  2186/2306/5  2190/2291/5
usemtl tex/5sqtunnelroaddark
f  2190/410/528  2187/2450/528  2188/2449/528  2189/407/528

o entity1_brush269
usemtl tex/5sqtunnelroaddark
f  2191/410/514  2192/407/514  2193/2449/514  2194/2450/514
usemtl tex/5sqtunnelroaddark
f  2195/2514/529  2193/2508/529  2192/2509/529  2196/2515/529
usemtl tex/5sqtunnelroaddark
f  2194/2291/2  2193/2292/2  2195/2283/2  2197/2293/2
usemtl tex/5sqtunnelroaddark
f  2198/2293/5  2196/2283/5  2192/2292/5  2191/2291/5
usemtl tex/5sqtunnelroaddark
f  2197/2516/530  2195/2514/530  2196/2515/530  2198/2517/530
usemtl tex/5sqtunnelroaddark
f  2198/2518/517  2191/2519/517  2194/2520/517  2197/2521/517

o entity1_brush270
usemtl tex/5sqtunnelroaddark
f  2199/396/1  2200/2522/1  2201/2523/1  2202/392/1
usemtl tex/5sqtunnelroaddark
f  2203/2517/531  2202/2515/531  2201/2524/531  2204/2525/531
usemtl tex/5sqtunnelroaddark
f  2204/2282/2  2201/2283/2  2200/2284/2  2205/2285/2
usemtl tex/5sqtunnelroaddark
f  2205/2525/3  2200/2524/3  2199/2515/3  2206/2517/3
usemtl tex/5sqtunnelroaddark
f  2206/2285/5  2199/2284/5  2202/2283/5  2203/2282/5
usemtl tex/5sqtunnelroaddark
f  2205/2522/6  2206/396/6  2203/393/6  2204/2526/6

o entity1_brush271
usemtl tex/5sqtunnelroaddark
f  2207/2351/1  2208/2362/1  2209/2363/1  2210/2352/1
usemtl tex/5sqtunnelroaddark
f  2211/2527/532  2209/2528/532  2208/2529/532  2212/2530/532
usemtl tex/5sqtunnelroaddark
f  2213/2531/3  2210/2532/3  2209/2533/3  2211/2534/3
usemtl tex/5sqtunnelroaddark
f  2212/2535/4  2208/2536/4  2207/2537/4  2214/2538/4
usemtl tex/5sqtunnelroaddark
f  2214/2530/533  2207/2529/533  2210/2528/533  2213/2527/533
usemtl tex/5sqtunnelroaddark
f  2212/2362/6  2214/2351/6  2213/2352/6  2211/2363/6

o entity1_brush272
usemtl tex/5sqtunnelroaddark
f  2215/2351/1  2216/2352/1  2217/2343/1  2218/2353/1
usemtl tex/5sqtunnelroaddark
f  2219/2527/534  2216/2528/534  2215/2529/534  2220/2530/534
usemtl tex/5sqtunnelroaddark
f  2221/2539/535  2218/2540/535  2217/2541/535  2222/2542/535
usemtl tex/5sqtunnelroaddark
f  2222/2543/536  2217/2544/536  2216/2545/536  2219/2546/536
usemtl tex/5sqtunnelroaddark
f  2220/2547/537  2215/2548/537  2218/2549/537  2221/2550/537
usemtl tex/5sqtunnelroaddark
f  2222/2343/6  2219/2352/6  2220/2351/6  2221/2353/6

o entity1_brush273
usemtl tex/5sqtunnelroaddark
f  2223/2343/1  2224/2344/1  2225/2345/1  2226/2346/1
usemtl tex/5sqtunnelroaddark
f  2227/2551/2  2226/2552/2  2225/2553/2  2228/2554/2
usemtl tex/5sqtunnelroaddark
f  2228/2555/3  2225/2540/3  2224/2541/3  2229/2556/3
usemtl tex/5sqtunnelroaddark
f  2229/2554/538  2224/2553/538  2223/2557/538  2230/2558/538
usemtl tex/5sqtunnelroaddark
f  2230/2556/539  2223/2541/539  2226/2540/539  2227/2555/539
usemtl tex/5sqtunnelroaddark
f  2229/2344/6  2230/2343/6  2227/2346/6  2228/2345/6

o entity1_brush274
usemtl tex/5sqtunnelroaddark
f  2231/2382/1  2232/2383/1  2233/2384/1  2234/2373/1
usemtl tex/5sqtunnelroaddark
f  2235/2559/540  2234/2557/540  2233/2553/540  2236/2560/540
usemtl tex/5sqtunnelroaddark
f  2236/2561/3  2233/2562/3  2232/2563/3  2237/2564/3
usemtl tex/5sqtunnelroaddark
f  2237/2560/5  2232/2553/5  2231/2552/5  2238/2565/5
usemtl tex/5sqtunnelroaddark
f  2238/2564/541  2231/2563/541  2234/2562/541  2235/2561/541
usemtl tex/5sqtunnelroaddark
f  2237/2383/6  2238/2382/6  2235/2373/6  2236/2384/6

o entity1_brush275
usemtl tex/5sqtunnelroaddark
f  2239/2372/1  2240/2373/1  2241/2363/1  2242/2362/1
usemtl tex/5sqtunnelroaddark
f  2243/2530/542  2242/2529/542  2241/2528/542  2244/2527/542
usemtl tex/5sqtunnelroaddark
f  2245/2561/543  2240/2562/543  2239/2563/543  2246/2564/543
usemtl tex/5sqtunnelroaddark
f  2244/2566/544  2241/2567/544  2240/2568/544  2245/2569/544
usemtl tex/5sqtunnelroaddark
f  2246/2564/545  2239/2563/545  2242/2536/545  2243/2535/545
usemtl tex/5sqtunnelroaddark
f  2243/2362/6  2244/2363/6  2245/2373/6  2246/2372/6

o entity1_brush276
usemtl tex/5sqtunnelroaddark
f  2247/2570/1  2248/2571/1  2249/2572/1  2250/2573/1
usemtl tex/5sqtunnelroaddark
f  2251/2574/2  2249/2323/2  2248/2171/2  2252/2575/2
usemtl tex/5sqtunnelroaddark
f  2252/2576/3  2248/2577/3  2247/2578/3  2253/2579/3
usemtl tex/5sqtunnelroaddark
f  2254/2579/4  2250/2578/4  2249/2577/4  2251/2576/4
usemtl tex/5sqtunnelroaddark
f  2253/2575/5  2247/2171/5  2250/2323/5  2254/2574/5
usemtl tex/5sqtunnelroaddark
f  2254/2573/6  2251/2572/6  2252/2571/6  2253/2570/6

