mtllib saveddata.mtl
# vertices
v 2157.333333333335 -16 630.1118012422376
v 2157.333333333335 -16 678.5590062111805
v 2157.333333333335 -10.616977225673192 678.5590062111805
v 2157.333333333335 -10.616977225673192 630.1118012422352
v 2394.1863354037305 -10.616977225673216 678.5590062111805
v 2394.1863354037314 -16 678.5590062111805
v 2394.1863354037314 -16 630.1118012422376
v 2394.1863354037305 -10.616977225673216 630.1118012422352
v 2394.186335403733 -16 635.4948240165686
v 2394.186335403733 -16 673.175983436855
v 2394.186335403733 -10.616977225673192 673.175983436855
v 2394.186335403733 -10.616977225673192 635.4948240165636
v 2442.633540372677 -10.616977225673198 673.175983436855
v 2442.633540372675 -16 673.175983436855
v 2442.633540372675 -16 635.4948240165686
v 2442.633540372677 -10.616977225673198 635.4948240165636
v 2394.186335403733 -16 506.302277432711
v 2394.186335403733 -16 635.4948240165631
v 2394.186335403733 -10.616977225673192 635.4948240165631
v 2394.186335403733 -10.616977225673192 506.30227743271234
v 2442.633540372677 -10.616977225673198 635.4948240165631
v 2442.633540372675 -16 635.4948240165631
v 2442.633540372675 -16 506.302277432711
v 2442.633540372677 -10.616977225673198 506.30227743271234
v 2394.186335403733 -16 673.1759834368495
v 2394.186335403733 -16 1033.838509316769
v 2394.186335403733 -10.616977225673192 1033.838509316769
v 2394.186335403733 -10.616977225673192 673.1759834368534
v 2442.633540372677 -10.616977225673198 1033.838509316769
v 2442.633540372675 -16 1033.838509316769
v 2442.633540372675 -16 673.1759834368495
v 2442.633540372677 -10.616977225673198 673.1759834368534
v 2394.186335403733 -16 398.64182194617024
v 2394.186335403733 -16 506.302277432711
v 2394.186335403733 -10.616977225673192 506.302277432711
v 2394.186335403733 -10.616977225673192 398.6418219461702
v 2442.633540372677 -10.616977225673198 506.302277432711
v 2442.633540372675 -16 506.302277432711
v 2442.633540372675 -16 398.64182194617024
v 2442.633540372677 -10.616977225673198 398.6418219461702
v 2243.461697722574 -16 350.19461697722727
v 2243.461697722574 -16 398.64182194617024
v 2243.461697722574 -10.616977225673192 398.64182194617024
v 2243.461697722574 -10.616977225673192 350.1946169772262
v 2959.403726708075 -10.616977225673264 398.64182194617024
v 2959.4037267080757 -16 398.64182194617024
v 2959.4037267080757 -16 350.19461697722727
v 2959.403726708075 -10.616977225673264 350.1946169772262
v 2394.186335403733 -16 231.76811594203173
v 2394.186335403733 -16 350.19461697722727
v 2394.186335403733 -10.616977225673192 350.19461697722727
v 2394.186335403733 -10.616977225673192 231.76811594202948
v 2442.633540372677 -10.616977225673198 350.19461697722727
v 2442.633540372675 -16 350.19461697722727
v 2442.633540372675 -16 231.76811594203173
v 2442.633540372677 -10.616977225673198 231.76811594202948
v 2647.1884057971038 -16 231.76811594203173
v 2647.1884057971038 -16 350.19461697722727
v 2647.1884057971038 -10.616977225673192 350.19461697722727
v 2647.1884057971038 -10.616977225673192 231.76811594202948
v 2695.6356107660467 -10.616977225673198 350.19461697722727
v 2695.635610766047 -16 350.19461697722727
v 2695.635610766047 -16 231.76811594203173
v 2695.6356107660467 -10.616977225673198 231.76811594202948
v 2652.5714285714275 -16 678.5590062111805
v 2652.5714285714275 -16 910.0289855072479
v 2652.5714285714275 -10.616977225673192 910.0289855072479
v 2652.5714285714275 -10.616977225673192 678.5590062111805
v 2701.018633540378 -10.616977225673198 910.0289855072479
v 2701.018633540377 -16 910.0289855072479
v 2701.018633540377 -16 678.5590062111805
v 2701.018633540378 -10.616977225673198 678.5590062111805
v 2959.4037267080776 -16 350.19461697722727
v 2959.4037267080776 -16 630.1118012422357
v 2959.4037267080776 -10.616977225673192 630.1118012422357
v 2959.4037267080776 -10.616977225673192 350.1946169772262
v 3007.8509316770214 -10.616977225673198 630.1118012422357
v 3007.850931677021 -16 630.1118012422357
v 3007.850931677021 -16 350.19461697722727
v 3007.8509316770214 -10.616977225673198 350.1946169772262
v 2442.633540372676 -16 630.1118012422376
v 2442.633540372676 -16 678.5590062111805
v 2442.633540372676 -10.616977225673192 678.5590062111805
v 2442.633540372676 -10.616977225673192 630.1118012422352
v 3007.8509316770214 -10.61697722567325 678.5590062111805
v 3007.850931677021 -16 678.5590062111805
v 3007.850931677021 -16 630.1118012422376
v 3007.8509316770214 -10.61697722567325 630.1118012422352
v 2701.018633540378 -16 678.5590062111805
v 2701.018633540378 -16 910.0289855072479
v 2701.018633540378 -10.616977225673192 910.0289855072479
v 2701.018633540378 -10.616977225673192 678.5590062111805
v 3007.8509316770214 -10.616977225673223 910.0289855072479
v 3007.850931677021 -16 910.0289855072479
v 3007.850931677021 -16 678.5590062111805
v 3007.8509316770214 -10.616977225673223 678.5590062111805
v 2442.633540372676 -16 861.5817805383049
v 2442.633540372676 -16 910.0289855072479
v 2442.633540372676 -10.616977225673192 910.0289855072479
v 2442.633540372676 -10.616977225673192 861.581780538303
v 2652.5714285714275 -10.616977225673214 910.0289855072479
v 2652.571428571428 -16 910.0289855072479
v 2652.571428571428 -16 861.5817805383049
v 2652.5714285714275 -10.616977225673214 861.581780538303
v 2221.9296066252646 -16 861.5817805383049
v 2221.9296066252646 -16 910.0289855072479
v 2221.9296066252646 -10.616977225673192 910.0289855072479
v 2221.9296066252646 -10.616977225673192 861.581780538303
v 2394.1863354037305 -10.61697722567321 910.0289855072479
v 2394.1863354037314 -16 910.0289855072479
v 2394.1863354037314 -16 861.5817805383049
v 2394.1863354037305 -10.61697722567321 861.581780538303
v 2690.252587991723 21.681159420288168 226.3850931677007
v 2690.252587991723 21.681159420288168 242.5341614906847
v 2690.252587991723 27.064182194614457 242.5341614906847
v 2690.252587991723 27.064182194614457 226.38509316770237
v 2717.16770186336 27.064182194614457 242.5341614906847
v 2717.167701863359 21.681159420288168 242.5341614906847
v 2717.167701863359 21.681159420288168 226.3850931677007
v 2717.16770186336 27.064182194614457 226.38509316770237
v 2157.3333333333353 -16 623.4218426501029
v 2157.3333333333353 -9.078970725695399 625.8984783632586
v 2157.3333333333353 0.7501131804401666 619.3457556935755
v 2157.3333333333353 -1.810142194126732 613.962579737168
v 2378.037267080752 -1.810142186007236 613.9625797317553
v 2378.03726708075 0.7501131911339596 619.3457556935755
v 2378.03726708075 -9.078970718736684 625.8984783657487
v 2378.03726708075 -16 623.4218426501029
v 2157.333333333335 -16 623.4218426501102
v 2157.333333333335 -16 630.1118012422339
v 2157.333333333335 -9.078970718725765 630.1118012422339
v 2157.333333333335 -9.078970718725724 625.8984782855349
v 2378.037267080752 -9.078970718725683 625.8984783657487
v 2378.03726708075 -9.078970718725724 630.1118012422339
v 2378.03726708075 -16 630.1118012422339
v 2378.03726708075 -16 623.421842730324
v 2157.333333333335 18.257347163067607 613.96257973717
v 2157.333333333335 -1.8101421941319131 613.96257973717
v 2157.333333333335 0.7501131692042691 619.3457556935828
v 2157.333333333335 15.697091799731663 619.3457556935828
v 2378.037267080752 15.697091799731583 619.3457556935828
v 2378.03726708075 0.7501131692042691 619.3457556935828
v 2378.03726708075 -1.8101421941319167 613.96257973717
v 2378.03726708075 18.257347163067536 613.96257973717
v 2157.3333333333344 18.257347163069426 613.96257973717
v 2157.3333333333344 15.69709183179475 619.3457556935828
v 2157.3333333333344 25.526175708469648 625.8984783583029
v 2157.3333333333344 32.447204989757566 623.4218426426548
v 2378.037267080752 15.697091799803944 619.3457556935825
v 2378.03726708075 18.257347131078493 613.96257973717
v 2378.037267080752 25.52617568765288 625.898478365752
v 2378.037267080752 32.447204968940966 623.4218426501038
v 2157.333333333335 25.526175687659055 630.1118012422357
v 2157.333333333335 32.44720496894297 630.1118012422357
v 2157.333333333335 32.44720496894297 623.4218426501034
v 2157.333333333335 25.52617568765911 625.8984783657488
v 2378.037267080752 32.44720496894297 630.1118012422357
v 2378.03726708075 25.526175687659055 630.1118012422357
v 2378.037267080752 32.44720496894297 623.4218426501034
v 2378.037267080752 25.52617568765911 625.8984783657488
v 2458.782608695655 -16 623.4218426476127
v 2458.782608695655 -9.078970725677209 625.8984783632623
v 2458.782608695655 0.7501131804401666 619.3457556935864
v 2458.782608695655 -1.8101421941304738 613.9625797371677
v 2943.2546583850963 -1.8101421834363696 613.9625797371677
v 2943.254658385095 0.7501131911342356 619.3457556935863
v 2943.254658385095 -9.078970718718429 625.8984783657525
v 2943.254658385095 -16 623.4218426501028
v 2458.7826086956547 -16 623.4218426501102
v 2458.7826086956547 -16 630.1118012422339
v 2458.7826086956547 -9.078970718723037 630.1118012422339
v 2458.7826086956547 -9.078970718722989 625.8984782855339
v 2943.2546583850963 -9.078970718722902 625.8984783657476
v 2943.254658385095 -9.07897071872295 630.111801242234
v 2943.254658385095 -16 630.111801242234
v 2943.254658385095 -16 623.4218427303239
v 2458.7826086956547 18.257347163071245 613.962579737169
v 2458.7826086956547 -1.8101421941319131 613.962579737169
v 2458.7826086956547 0.7501131692042691 619.3457556935828
v 2458.7826086956547 15.697091799730329 619.3457556935828
v 2943.2546583850963 15.69709179972994 619.3457556935828
v 2943.254658385095 0.7501131692043854 619.3457556935828
v 2943.2546583850963 -1.8101421941317968 613.962579737169
v 2943.254658385095 18.257347163070936 613.962579737169
v 2458.7826086956543 18.257347163054874 613.9625797371627
v 2458.7826086956543 15.69709183177838 619.3457556935828
v 2458.7826086956543 25.52617568764935 625.8984783444303
v 2458.7826086956543 32.44720496894075 623.4218426501035
v 2943.2546583850963 15.697091799787461 619.3457556935828
v 2943.254658385095 18.25734713876499 613.9625797209707
v 2943.2546583850963 32.44720498975818 623.4218426639808
v 2943.254658385095 25.52617568764866 625.8984783657571
v 2458.7826086956547 25.526175687659684 625.8984783657506
v 2458.7826086956547 25.526175687659677 630.1118012422376
v 2458.7826086956547 32.44720496894128 630.1118012422376
v 2458.7826086956547 32.44720496894128 623.4218426501038
v 2943.2546583850963 25.526175687659446 630.1118012422374
v 2943.254658385095 25.526175687659453 625.8984783657507
v 2943.2546583850963 32.44720496894131 630.1118012422374
v 2943.2546583850963 32.44720496894131 623.4218426501039
v 2458.782608695655 32.44720496894297 405.3309850201276
v 2458.782608695655 25.526175687664363 402.8551448297876
v 2458.782608695655 15.697091788494122 409.4078674948248
v 2458.782608695655 18.257347163063113 414.7908902691516
v 2943.2546583850963 18.25734715236923 414.79089026915153
v 2943.254658385095 15.697091777800336 409.407867494825
v 2943.2546583850963 25.526175687664274 402.85514482265864
v 2943.254658385095 32.44720496894267 405.33098501299855
v 2458.7826086956547 32.44720496894213 405.33098506525494
v 2458.7826086956547 32.44720496894213 398.64182194617024
v 2458.7826086956547 25.526175687661194 398.64182194617024
v 2458.7826086956547 25.52617568766118 402.8551449028805
v 2943.2546583850963 25.526175687661095 402.85514482266717
v 2943.254658385095 25.52617568766111 398.64182194617024
v 2943.2546583850963 32.44720496894212 398.64182194617024
v 2943.254658385095 32.44720496894212 405.3309849850416
v 2458.7826086956547 -1.810142194142827 414.7908902691506
v 2458.7826086956547 18.257347163067607 414.7908902691506
v 2458.7826086956547 15.697091799727787 409.40786749482476
v 2458.7826086956547 0.7501131692031997 409.40786749482476
v 2943.2546583850963 18.25734716306755 414.7908902691506
v 2943.254658385095 -1.8101421941424796 414.7908902691506
v 2943.2546583850963 0.7501131692034494 409.40786749482476
v 2943.254658385095 15.697091799727728 409.40786749482476
v 2458.7826086956543 -1.8101421941191802 414.7908902691488
v 2458.7826086956543 0.7501131371554948 409.40786749482504
v 2458.7826086956543 -9.078970718710787 402.8551448439856
v 2458.7826086956543 -16 405.33098499073975
v 2943.2546583850963 0.7501131691464701 409.407867494825
v 2943.254658385095 -1.8101421621282314 414.7908902691488
v 2943.2546583850963 -16 405.33098496941255
v 2943.254658385095 -9.078970718710549 402.85514482265836
v 2458.7826086956547 -9.078970718730295 402.85514490287824
v 2458.7826086956547 -9.078970718730316 398.64182194617024
v 2458.7826086956547 -16 398.64182194617024
v 2458.7826086956547 -16 405.3309850652419
v 2943.2546583850963 -9.078970718729822 398.64182194617024
v 2943.254658385095 -9.078970718729801 402.85514482266467
v 2943.2546583850963 -16 405.3309849850285
v 2943.254658385095 -16 398.64182194617024
v 2243.461697722574 -9.078970718727149 402.85514490287824
v 2243.461697722574 -9.078970718727165 398.64182194617024
v 2243.461697722574 -16 398.64182194617024
v 2243.461697722574 -16 405.3309850652445
v 2378.0372670807483 -9.078970718726989 398.64182194617024
v 2378.03726708075 -9.078970718726973 402.8551448226647
v 2378.0372670807483 -16 405.330984985031
v 2378.03726708075 -16 398.64182194617024
v 2243.461697722574 -1.8101421941264562 414.7908902691488
v 2243.461697722574 0.7501131371518568 409.4078674948287
v 2243.461697722574 -9.078970718703461 402.85514484398664
v 2243.461697722574 -16 405.3309849907418
v 2378.0372670807483 0.7501131691430477 409.40786749482874
v 2378.03726708075 -1.8101421621353175 414.790890269149
v 2378.0372670807483 -16 405.33098496941454
v 2378.03726708075 -9.078970718703331 402.8551448226593
v 2243.461697722574 -1.810142194135551 414.7908902691506
v 2243.461697722574 18.257347163067607 414.7908902691506
v 2243.461697722574 15.697091799727787 409.40786749482476
v 2243.461697722574 0.7501131692054077 409.40786749482476
v 2378.0372670807483 18.257347163067575 414.7908902691506
v 2378.03726708075 -1.8101421941354578 414.7908902691506
v 2378.0372670807483 0.750113169205499 409.40786749482476
v 2378.03726708075 15.69709179972777 409.40786749482476
v 2243.461697722574 32.44720496894661 405.33098502012035
v 2243.461697722574 25.526175687678915 402.85514482978397
v 2243.461697722574 15.697091788494891 409.4078674948247
v 2243.461697722574 18.257347163065756 414.7908902691509
v 2378.0372670807483 18.25734715237185 414.7908902691514
v 2378.03726708075 15.697091777800763 409.4078674948247
v 2378.0372670807483 25.526175687678453 402.85514482265484
v 2378.03726708075 32.44720496894674 405.33098501299145
v 2243.461697722574 32.44720496894213 405.33098506525494
v 2243.461697722574 32.44720496894213 398.64182194617024
v 2243.461697722574 25.526175687658927 398.64182194617024
v 2243.461697722574 25.526175687658927 402.85514490287864
v 2378.0372670807483 25.52617568765889 402.8551448226654
v 2378.03726708075 25.52617568765889 398.64182194617024
v 2378.0372670807483 32.447204968942124 398.64182194617024
v 2378.03726708075 32.447204968942124 405.3309849850417
v 2243.461697722574 25.52617568766307 345.9812940205229
v 2243.461697722574 25.5261756876631 350.19461697722727
v 2243.461697722574 32.44720496894128 350.19461697722727
v 2243.461697722574 32.44720496894128 343.5054538581618
v 2378.0372670807483 25.52617568766297 350.19461697722727
v 2378.03726708075 25.526175687662942 345.9812941007358
v 2378.0372670807483 32.447204968941286 350.19461697722727
v 2378.0372670807483 32.447204968941286 343.5054539383746
v 2243.461697722574 18.25734716306033 334.0452360658164
v 2243.461697722574 15.69709183177656 339.42857142857247
v 2243.461697722574 25.526175687634204 345.9812940794168
v 2243.461697722574 32.447204968937974 343.505453932661
v 2378.0372670807483 15.69709179978543 339.42857142857247
v 2378.03726708075 18.2573471310692 334.0452360658164
v 2378.0372670807483 32.447204968937534 343.5054539539888
v 2378.03726708075 25.526175687634417 345.9812941007444
v 2243.461697722574 18.257347163074883 334.04523606581716
v 2243.461697722574 -1.8101421941319131 334.04523606581716
v 2243.461697722574 0.7501131692042691 339.42857142857247
v 2243.461697722574 15.697091799729392 339.42857142857247
v 2378.0372670807483 15.69709179972929 339.42857142857247
v 2378.03726708075 0.7501131692043171 339.42857142857247
v 2378.0372670807483 -1.8101421941318812 334.04523606581716
v 2378.03726708075 18.257347163074765 334.04523606581716
v 2243.461697722574 -16 343.50545390328443
v 2243.461697722574 -9.078970718743221 345.9812940936208
v 2243.461697722574 0.7501131804397412 339.4285714285724
v 2243.461697722574 -1.8101421941313234 334.0452360658183
v 2378.0372670807483 -1.8101421834373468 334.0452360658183
v 2378.03726708075 0.7501131911337383 339.42857142857247
v 2378.0372670807483 -9.078970718743037 345.98129410075006
v 2378.03726708075 -16 343.50545391041373
v 2243.461697722574 -16 343.5054538581535
v 2243.461697722574 -16 350.19461697722727
v 2243.461697722574 -9.078970718723193 350.19461697722727
v 2243.461697722574 -9.078970718723193 345.9812940205271
v 2378.0372670807483 -9.07897071872317 345.9812941007405
v 2378.03726708075 -9.07897071872317 350.19461697722727
v 2378.03726708075 -16 350.19461697722727
v 2378.03726708075 -16 343.5054539383669
v 2157.333333333335 -16 678.5590062111805
v 2157.333333333335 -16 685.2481695708921
v 2157.333333333335 -9.078970736156679 682.7718066432644
v 2157.333333333335 -9.078970798940032 678.5590062111805
v 2378.037267080752 -9.078970798940018 678.5590062111805
v 2378.03726708075 -9.078970736156665 682.7718066432644
v 2378.03726708075 -16 685.2481695708921
v 2378.03726708075 -16 678.5590062111805
v 2157.3333333333344 -1.8101420337061427 694.7080745341664
v 2157.3333333333344 0.7501132250581577 689.3250517436427
v 2157.3333333333344 -9.078970736144253 682.7718066432674
v 2157.3333333333344 -16 685.2481695627262
v 2378.037267080752 0.7501132493467196 689.3250517598372
v 2378.03726708075 -1.810142001714722 694.7080745341653
v 2378.037267080752 -16 685.2481695552767
v 2378.03726708075 -9.078970736145456 682.7718066432674
v 2157.333333333335 15.69709187994522 689.3250517598349
v 2157.333333333335 0.7501132494144258 689.3250517598349
v 2157.333333333335 -1.8101420337079617 694.7080745341646
v 2157.333333333335 18.257347323497033 694.7080745341646
v 2378.037267080752 18.25734732349697 694.7080745341646
v 2378.03726708075 -1.8101420337079355 694.7080745341646
v 2378.037267080752 0.7501132494144783 689.3250517598349
v 2378.03726708075 15.697091879945168 689.3250517598349
v 2157.3333333333353 32.447204975898785 685.2481688794305
v 2157.3333333333353 25.526175670238445 682.7718066432644
v 2157.3333333333353 15.69709186613198 689.3250517544212
v 2157.3333333333353 18.25734732348981 694.7080745341627
v 2378.037267080752 18.257347312796043 694.7080745341627
v 2378.03726708075 15.697091858012852 689.3250517598345
v 2378.037267080752 25.52617567023855 682.7718066432644
v 2378.03726708075 32.44720496893996 685.2481688769406
v 2157.333333333335 25.526175607449105 678.5590062111805
v 2157.333333333335 25.526175670232412 682.7718066432644
v 2157.333333333335 32.44720496894128 685.2481688489769
v 2157.333333333335 32.44720496894128 678.5590062111805
v 2378.037267080752 25.526175670232373 682.7718066432644
v 2378.03726708075 25.526175607449066 678.5590062111805
v 2378.037267080752 32.44720496894129 685.2481688489769
v 2378.037267080752 32.44720496894129 678.5590062111805
v 2458.7826086956547 25.52617560745031 678.5590062111805
v 2458.7826086956547 25.526175670233624 682.7718066432644
v 2458.7826086956547 32.44720496894128 685.2481688489765
v 2458.7826086956547 32.44720496894128 678.5590062111805
v 2636.4223602484526 25.52617567023359 682.7718066432644
v 2636.4223602484517 25.526175607450277 678.5590062111805
v 2636.4223602484526 32.447204968941264 685.2481688489765
v 2636.4223602484526 32.447204968941264 678.5590062111805
v 2458.782608695655 32.44720497589515 685.2481688794323
v 2458.782608695655 25.52617567023117 682.7718066432644
v 2458.782608695655 15.697091866129995 689.325051754422
v 2458.782608695655 18.257347323488208 694.7080745341643
v 2636.4223602484526 18.25734731279426 694.7080745341642
v 2636.4223602484517 15.697091858010749 689.3250517598353
v 2636.4223602484517 25.526175670231186 682.7718066432644
v 2636.4223602484517 32.44720496893605 685.2481688769424
v 2458.7826086956547 -1.8101420337079617 694.7080745341646
v 2458.7826086956547 18.257347323495196 694.7080745341646
v 2458.7826086956547 15.697091879948857 689.3250517598349
v 2458.7826086956547 0.7501132494162732 689.3250517598349
v 2636.4223602484526 18.257347323495196 694.7080745341646
v 2636.4223602484517 -1.8101420337079261 694.7080745341646
v 2636.4223602484526 0.7501132494163051 689.3250517598349
v 2636.4223602484517 15.697091879948815 689.3250517598349
v 2458.7826086956543 -1.8101420337025047 694.7080745341627
v 2458.7826086956543 0.7501132173601945 689.3250517598353
v 2458.7826086956543 -9.07897073614472 682.7718066432635
v 2458.7826086956543 -16 685.2481695627243
v 2636.4223602484526 0.7501132493518389 689.3250517598353
v 2636.4223602484517 -1.810142001710507 694.7080745341619
v 2636.4223602484526 -9.078970715325962 682.7718066358143
v 2636.4223602484526 -16 685.248169555275
v 2458.7826086956547 -16 678.5590062111805
v 2458.7826086956547 -16 685.2481695708921
v 2458.7826086956547 -9.078970736156982 682.7718066432644
v 2458.7826086956547 -9.078970798940334 678.5590062111805
v 2636.4223602484526 -9.078970798940324 678.5590062111805
v 2636.4223602484517 -9.078970736156972 682.7718066432644
v 2636.4223602484517 -16 685.2481695708921
v 2636.4223602484517 -16 678.5590062111805
v 2442.633540372676 -16 414.7908902691561
v 2442.633540372676 -16 613.9625797371664
v 2442.633540372676 -9.078970718727566 613.9625797371664
v 2442.633540372676 -9.078970718727334 414.7908902691511
v 2446.8468632491677 -9.078970718727327 414.7908902691511
v 2446.8468633293783 -9.07897071872756 613.9625797371664
v 2449.3227034917454 -16 613.9625797371664
v 2449.322703411531 -16 414.7908902691561
v 2449.322703417245 -16 613.9625797371664
v 2446.846863270489 -9.078970718710893 613.9625797371664
v 2446.84686324916 -9.078970718707808 414.7908902691511
v 2449.322703395914 -16 414.7908902691511
v 2453.399585921332 0.7501131691606133 414.7908902691511
v 2453.3995859213296 0.750113137159218 613.9625797371664
v 2458.782608695652 -1.8101421941264562 613.9625797371664
v 2458.782608695656 -1.810142162123649 414.7908902691511
v 2453.399585921331 0.750113169205927 414.7908902691488
v 2453.399585921331 0.7501131692093433 613.96257973717
v 2453.399585921331 15.697091799731083 613.9625797371664
v 2453.399585921331 15.69709179972939 414.7908902691511
v 2458.782608695652 -1.8101421941300941 613.96257973717
v 2458.782608695653 -1.8101421941358988 414.7908902691488
v 2458.782608695652 18.257347163065788 414.7908902691511
v 2458.782608695653 18.257347163069227 613.9625797371664
v 2449.322703439484 32.44720496894297 414.7908902691488
v 2446.846863249158 25.526175687677902 414.7908902691488
v 2446.8468632562826 25.52617568767305 613.96257973717
v 2449.3227034466104 32.44720496894282 613.96257973717
v 2453.399585921332 15.697091788475518 613.96257973717
v 2453.399585921328 15.69709177779888 414.7908902691488
v 2458.782608695657 18.257347163047122 613.96257973717
v 2458.782608695652 18.25734715236831 414.7908902691488
v 2442.633540372676 25.526175687657087 414.7908902691561
v 2442.633540372676 25.526175687657087 613.9625797371682
v 2442.633540372676 32.44720496894128 613.9625797371682
v 2442.633540372676 32.44720496894128 414.7908902691511
v 2449.3227034917545 32.44720496894128 613.9625797371682
v 2446.846863329378 25.526175687657087 613.9625797371682
v 2446.846863249166 25.526175687657087 414.7908902691561
v 2449.3227034115407 32.44720496894128 414.7908902691511
v 2453.399585921331 0.7501131692007588 694.7080745341664
v 2453.399585921331 0.7501131692071009 845.432712215319
v 2453.399585921331 15.697091799735805 845.4327122153227
v 2453.399585921331 15.697091799731497 694.7080745341627
v 2458.782608695652 -1.8101421941319131 845.432712215319
v 2458.782608695653 -1.8101421941409053 694.7080745341664
v 2458.782608695652 18.257347163065788 694.7080745341627
v 2458.782608695653 18.2573471630713 845.4327122153227
v 2442.633540372676 -16 694.7080745341591
v 2442.633540372676 -16 845.4327122153227
v 2442.633540372676 -9.078970718726064 845.4327122153227
v 2442.633540372676 -9.078970718725879 694.7080745341627
v 2446.846863249164 -9.078970718725863 694.7080745341627
v 2446.846863329378 -9.078970718726048 845.4327122153227
v 2449.322703491749 -16 845.4327122153227
v 2449.3227034115316 -16 694.7080745341591
v 2449.3227034172432 -16 845.4327122153227
v 2446.8468632704908 -9.078970718718999 845.4327122153227
v 2446.846863249161 -9.078970718710021 694.7080745341627
v 2449.322703395914 -16 694.7080745341627
v 2453.399585921332 0.7501131691678893 694.7080745341627
v 2453.3995859213323 0.7501131371598007 845.4327122153227
v 2458.7826086956557 -1.8101421941282752 845.4327122153227
v 2458.782608695656 -1.810142162120798 694.7080745341627
v 2449.3227034394786 32.44720496894297 694.7080745341664
v 2446.8468632491595 25.526175687679654 694.7080745341664
v 2446.8468632562863 25.526175687672318 845.432712215319
v 2449.322703446605 32.44720496893696 845.432712215319
v 2453.3995859213283 15.697091788482794 845.432712215319
v 2453.3995859213283 15.69709177780057 694.7080745341664
v 2458.7826086956534 18.257347163049594 845.432712215319
v 2458.782608695652 18.257347152366492 694.7080745341664
v 2442.633540372676 25.526175687657087 694.7080745341591
v 2442.633540372676 25.526175687657087 845.4327122153209
v 2442.633540372676 32.44720496894128 845.4327122153209
v 2442.633540372676 32.44720496894128 694.7080745341627
v 2449.3227034917545 32.44720496894128 845.4327122153209
v 2446.8468633293783 25.526175687657087 845.4327122153209
v 2446.8468632491667 25.526175687657087 694.7080745341591
v 2449.3227034115407 32.44720496894128 694.7080745341627
v 2458.782608695652 -16 678.5590062111805
v 2442.6335403726735 -16 694.7080745341627
v 2442.6335403726735 32.44720496894128 694.7080745341627
v 2458.782608695653 32.44720496894128 678.5590062111792
v 2458.782608695652 32.44720496894128 694.7080745341627
v 2458.782608695653 -16 694.7080745341627
v 2442.633540372676 -10.616977225674747 694.7080745341627
v 2442.633540372676 -10.616977225674747 678.5590062111805
v 2442.633540372676 -16 678.5590062111805
v 2442.633540372676 -16 694.7080745341611
v 2458.7826086956525 -16 678.5590062111805
v 2458.782608695652 -10.616977225674747 678.5590062111805
v 2458.782608695652 32.44720496894217 630.1118012422303
v 2442.633540372677 32.44720496894217 613.9625797371664
v 2442.6335403726735 -16 613.96257973717
v 2458.782608695653 -16 630.1118012422385
v 2458.782608695653 -16 613.96257973717
v 2458.782608695652 32.44720496894217 613.9625797371664
v 2442.633540372676 -16 613.96257973717
v 2442.633540372676 -16 630.1118012422357
v 2442.633540372676 -10.616977225673192 630.1118012422357
v 2442.633540372676 -10.616977225673192 613.9625797371698
v 2458.782608695652 -10.616977225673194 630.1118012422357
v 2458.782608695653 -16 630.1118012422357
v 2458.7826086956547 -16 343.5054538581535
v 2458.7826086956547 -16 350.19461697722727
v 2458.7826086956547 -9.078970718723193 350.19461697722727
v 2458.7826086956547 -9.078970718723193 345.9812940205275
v 2631.0393374741216 -9.078970718723163 345.9812941007409
v 2631.0393374741216 -9.078970718723163 350.19461697722727
v 2631.0393374741216 -16 350.19461697722727
v 2631.0393374741216 -16 343.5054539383669
v 2458.782608695655 -16 343.5054539032808
v 2458.782608695655 -9.078970718735945 345.981294093619
v 2458.782608695655 0.7501131804399277 339.42857142857247
v 2458.782608695655 -1.8101421941311018 334.0452360658184
v 2631.0393374741216 -1.8101421834370517 334.0452360658184
v 2631.0393374741216 0.7501131911339839 339.42857142857247
v 2631.0393374741216 -9.078970718735576 345.98129410074813
v 2631.0393374741216 -16 343.50545391041
v 2458.7826086956547 18.257347163074883 334.04523606581716
v 2458.7826086956547 -1.8101421941319131 334.04523606581716
v 2458.7826086956547 0.7501131692042691 339.42857142857247
v 2458.7826086956547 15.697091799729362 339.42857142857247
v 2631.0393374741216 15.69709179972925 339.42857142857247
v 2631.0393374741216 0.7501131692043311 339.42857142857247
v 2631.0393374741216 -1.8101421941318718 334.04523606581716
v 2631.0393374741216 18.257347163074762 334.04523606581716
v 2458.7826086956543 18.257347163065788 334.0452360658164
v 2458.7826086956543 15.697091831783837 339.42857142857247
v 2458.7826086956543 25.526175687634442 345.98129407941684
v 2458.7826086956543 32.44720496893504 343.5054539326611
v 2631.0393374741216 15.697091799792629 339.4285714285725
v 2631.0393374741216 18.257347131074592 334.0452360658164
v 2631.0393374741216 32.447204968934855 343.50545395398916
v 2631.0393374741216 25.5261756876349 345.98129410074466
v 2458.7826086956547 25.526175687664363 345.9812940205229
v 2458.7826086956547 25.526175687664363 350.19461697722727
v 2458.7826086956547 32.44720496894128 350.19461697722727
v 2458.7826086956547 32.44720496894128 343.50545385816173
v 2631.0393374741216 25.526175687664157 350.19461697722727
v 2631.0393374741216 25.526175687664157 345.98129410073585
v 2631.0393374741216 32.447204968941286 350.19461697722727
v 2631.0393374741216 32.447204968941286 343.5054539383745
v 2711.7846790890253 -16 343.5054538581535
v 2711.7846790890253 -16 350.19461697722727
v 2711.7846790890253 -9.078970718723193 350.19461697722727
v 2711.7846790890253 -9.078970718723193 345.98129402052814
v 3007.8509316770214 -9.07897071872314 345.981294100741
v 3007.850931677021 -9.07897071872314 350.19461697722727
v 3007.850931677021 -16 350.19461697722727
v 3007.850931677021 -16 343.5054539383664
v 2711.7846790890253 -16 343.5054539032826
v 2711.7846790890253 -9.078970718735945 345.981294093619
v 2711.7846790890253 0.7501131804423347 339.42857142857116
v 2711.7846790890253 -1.810142194128118 334.045236065817
v 3007.8509316770214 -1.8101421834340752 334.045236065817
v 3007.850931677021 0.7501131911363934 339.42857142857116
v 3007.8509316770214 -9.078970718735881 345.98129410074836
v 3007.850931677021 -16 343.50545391041203
v 2711.7846790890253 18.257347163067607 334.04523606581716
v 2711.7846790890253 -1.8101421941319131 334.04523606581716
v 2711.7846790890253 0.7501131692042691 339.42857142857247
v 2711.7846790890253 15.697091799727152 339.42857142857247
v 3007.8509316770214 15.69709179972698 339.42857142857247
v 3007.850931677021 0.7501131692043765 339.42857142857247
v 3007.8509316770214 -1.8101421941318414 334.04523606581716
v 3007.850931677021 18.257347163067482 334.04523606581716
v 2711.7846790890253 18.257347163067607 334.0452360658164
v 2711.7846790890253 15.697091831785656 339.42857142857247
v 2711.7846790890253 25.526175687638343 345.9812940794226
v 2711.7846790890253 32.44720496894319 343.50545393266555
v 3007.8509316770214 15.69709179979449 339.4285714285724
v 3007.850931677021 18.257347131076422 334.0452360658164
v 3007.8509316770214 32.447204968942614 343.5054539539933
v 3007.850931677021 25.526175687638492 345.98129410075006
v 2711.7846790890253 25.526175687665514 345.9812940205229
v 2711.7846790890253 25.52617568766553 350.19461697722727
v 2711.7846790890253 32.44720496894128 350.19461697722727
v 2711.7846790890253 32.44720496894128 343.50545385816184
v 3007.8509316770214 25.526175687665205 350.19461697722727
v 3007.850931677021 25.52617568766519 345.9812941007361
v 3007.8509316770214 32.44720496894126 350.19461697722727
v 3007.8509316770214 32.44720496894126 343.5054539383749
v 2378.0372670807483 18.25734716307852 414.79089026914994
v 2378.0372670807483 -1.8101421941319131 414.79089026914994
v 2378.0372670807483 -1.8101421941319131 613.9625797371682
v 2378.0372670807483 18.257347163072215 613.9625797371682
v 2383.420289855074 15.697091799728916 613.9625797371682
v 2383.420289855074 0.7501131692077352 613.9625797371682
v 2383.420289855074 0.7501131692078458 414.79089026914994
v 2383.420289855074 15.697091799735048 414.79089026914994
v 2387.4971723804956 32.44720496894297 414.7908902691488
v 2378.03726708075 18.25734713106395 414.7908902691488
v 2378.03726708075 18.25734716306017 613.96257973717
v 2387.4971723591643 32.447204968942835 613.96257973717
v 2383.420289855072 15.69709183177656 613.96257973717
v 2383.4202898550757 15.697091799779281 414.7908902691488
v 2389.973012505918 25.526175687647445 613.96257973717
v 2389.973012527251 25.526175687642535 414.7908902691488
v 2389.973012527242 25.526175687664104 414.7908902691561
v 2389.973012447026 25.526175687664363 613.9625797371682
v 2387.497172284659 32.44720496894128 613.9625797371682
v 2387.497172364875 32.44720496894128 414.7908902691511
v 2394.186335403734 32.44720496894128 613.9625797371682
v 2394.1863354037314 25.526175687664363 613.9625797371682
v 2394.1863354037314 25.526175687664104 414.7908902691561
v 2394.1863354037305 32.44720496894128 414.7908902691511
v 2387.4971723298004 -16 613.9625797371664
v 2378.0372670807474 -1.8101421941160212 613.9625797371664
v 2378.0372670807496 -1.810142183432345 414.7908902691511
v 2387.497172336926 -16 414.7908902691511
v 2383.4202898550757 0.7501131911394623 414.7908902691511
v 2383.4202898550725 0.7501131804554804 613.9625797371664
v 2389.973012520124 -9.078970718739583 613.9625797371664
v 2389.973012527252 -9.078970718739093 414.7908902691511
v 2387.497172364872 -16 414.7908902691561
v 2387.4971722846585 -16 613.9625797371682
v 2389.973012447028 -9.078970718725031 613.9625797371682
v 2389.9730125272413 -9.078970718724989 414.7908902691511
v 2394.186335403734 -9.078970718725031 613.9625797371682
v 2394.1863354037314 -16 613.9625797371682
v 2394.1863354037305 -9.078970718724989 414.7908902691511
v 2394.1863354037314 -16 414.7908902691561
v 2952.7145636692135 -16 414.7908902691561
v 2952.714563589001 -16 613.9625797371682
v 2955.190403751374 -9.078970718725031 613.9625797371682
v 2955.1904038315865 -9.078970718724989 414.7908902691511
v 2959.403726708075 -9.078970718725031 613.9625797371682
v 2959.4037267080757 -16 613.9625797371682
v 2959.4037267080785 -9.078970718724989 414.7908902691511
v 2959.4037267080757 -16 414.7908902691561
v 2952.714563634141 -16 613.9625797371664
v 2943.2546583850967 -1.8101421941180915 613.9625797371664
v 2943.2546583850976 -1.8101421834349238 414.7908902691511
v 2952.714563641269 -16 414.7908902691511
v 2948.63768115942 0.7501131911358243 414.7908902691511
v 2948.637681159423 0.7501131804523362 613.9625797371664
v 2955.1904038244647 -9.078970718732307 613.9625797371664
v 2955.190403831593 -9.078970718745715 414.7908902691511
v 2943.2546583850935 18.257347163074883 414.79089026914994
v 2943.2546583850935 -1.8101421941319131 414.79089026914994
v 2943.2546583850935 -1.8101421941319131 613.9625797371682
v 2943.2546583850935 18.257347163071856 613.9625797371682
v 2948.6376811594223 15.697091799728746 613.9625797371682
v 2948.6376811594223 0.7501131692075482 613.9625797371682
v 2948.6376811594223 0.7501131692076815 414.79089026914994
v 2948.6376811594223 15.697091799731574 414.79089026914994
v 2955.190403831586 25.526175687664104 414.7908902691561
v 2955.1904037513723 25.526175687664363 613.9625797371682
v 2952.7145635890056 32.44720496894128 613.9625797371682
v 2952.7145636692194 32.44720496894128 414.7908902691511
v 2959.403726708075 32.44720496894128 613.9625797371682
v 2959.4037267080757 25.526175687664363 613.9625797371682
v 2959.4037267080757 25.526175687664104 414.7908902691561
v 2959.403726708075 32.44720496894128 414.7908902691511
v 2952.7145636848363 32.44720496894297 414.7908902691488
v 2943.2546583850926 18.25734713106395 414.7908902691488
v 2943.2546583850926 18.25734716306017 613.96257973717
v 2952.7145636635064 32.44720496894519 613.96257973717
v 2948.63768115942 15.69709183177656 613.96257973717
v 2948.6376811594228 15.697091799778887 414.7908902691488
v 2955.19040381026 25.52617568764735 613.96257973717
v 2955.1904038315915 25.526175687642535 414.7908902691488
v 2389.973012527243 25.526175687664168 694.7080745341591
v 2389.973012447028 25.526175687664363 845.4327122153209
v 2387.4971722846612 32.44720496894128 845.4327122153209
v 2387.4971723648764 32.44720496894128 694.7080745341627
v 2394.1863354037305 32.44720496894128 845.4327122153209
v 2394.1863354037314 25.526175687664363 845.4327122153209
v 2394.1863354037314 25.526175687664168 694.7080745341591
v 2394.186335403734 32.44720496894128 694.7080745341627
v 2387.4971723804956 32.447204968935694 694.7080745341664
v 2378.03726708075 18.25734713105819 694.7080745341664
v 2378.03726708075 18.25734716305982 845.432712215319
v 2387.4971723591666 32.44720496894633 845.432712215319
v 2383.4202898550684 15.697091831774742 845.432712215319
v 2383.4202898550734 15.697091799770318 694.7080745341664
v 2389.9730125059177 25.52617568765757 845.432712215319
v 2389.973012527247 25.526175687646173 694.7080745341664
v 2378.0372670807483 18.25734716307852 694.7080745341646
v 2378.0372670807483 -1.8101421941319131 694.7080745341646
v 2378.0372670807483 -1.810142194139189 845.4327122153209
v 2378.0372670807483 18.257347163070552 845.4327122153209
v 2383.420289855074 15.697091799727378 845.4327122153209
v 2383.420289855074 0.7501131691978222 845.4327122153209
v 2383.420289855074 0.7501131692051288 694.7080745341646
v 2383.420289855074 15.69709179973498 694.7080745341646
v 2387.497172364872 -16 694.7080745341591
v 2387.4971722846585 -16 845.4327122153209
v 2389.973012447028 -9.078970718725031 845.4327122153209
v 2389.9730125272413 -9.078970718725 694.7080745341627
v 2394.186335403734 -9.078970718725031 845.4327122153209
v 2394.1863354037314 -16 845.4327122153209
v 2394.1863354037305 -9.078970718725 694.7080745341627
v 2394.1863354037314 -16 694.7080745341591
v 2387.497172329804 -16 845.4327122153227
v 2378.0372670807474 -1.810142194111397 845.4327122153227
v 2378.0372670807483 -1.8101421834283575 694.7080745341627
v 2387.4971723369313 -16 694.7080745341627
v 2383.4202898550684 0.7501131911340053 694.7080745341627
v 2383.4202898550716 0.7501131804546302 845.4327122153227
v 2389.973012520124 -9.078970718739583 845.4327122153227
v 2389.9730125272476 -9.078970718751155 694.7080745341627
v 2394.1863354037305 -16 613.9625797371627
v 2378.03726708075 -16 630.1118012422339
v 2378.03726708075 -10.616977225673192 630.1118012422339
v 2394.1863354037314 -10.616977225673192 613.9625797371668
v 2394.1863354037305 -10.616977225673194 630.1118012422339
v 2394.1863354037314 -16 630.1118012422339
v 2378.0372670807483 32.44720496894214 630.1118012422376
v 2378.0372670807483 32.44720496894214 613.9625797371664
v 2378.0372670807483 -16 613.96257973717
v 2378.0372670807483 -16 630.111801242237
v 2394.1863354037296 -16 613.96257973717
v 2394.186335403734 32.44720496894214 613.9625797371664
v 2394.1863354037305 -10.616977225674788 694.7080745341591
v 2378.037267080752 -10.616977225674788 678.5590062111805
v 2378.037267080752 -16 678.5590062111805
v 2394.1863354037314 -16 694.7080745341609
v 2394.1863354037314 -16 678.5590062111805
v 2394.1863354037305 -10.616977225674788 678.5590062111805
v 2378.0372670807483 -16 678.5590062111805
v 2378.0372670807483 -16 694.7080745341646
v 2378.0372670807483 32.44720496894128 694.7080745341646
v 2378.0372670807483 32.44720496894128 678.5590062111788
v 2394.1863354037305 32.44720496894128 694.7080745341646
v 2394.186335403733 -16 694.7080745341646
v 2458.7826086956557 -16 398.6418219461666
v 2442.6335403726753 -16 414.7908902691506
v 2442.6335403726753 32.44720496894128 414.7908902691506
v 2458.782608695653 32.44720496894128 398.6418219461701
v 2458.7826086956557 32.44720496894128 414.7908902691506
v 2458.782608695653 -16 414.7908902691506
v 2442.633540372676 -10.616977225674733 414.7908902691488
v 2442.633540372676 -10.616977225674733 398.64182194617024
v 2442.633540372676 -16 398.64182194617024
v 2442.633540372676 -16 414.7908902691499
v 2458.782608695653 -16 398.64182194617024
v 2458.7826086956557 -10.616977225674733 398.64182194617024
v 2458.782608695652 32.44720496894216 350.19461697722727
v 2442.63354037267 32.44720496894216 334.0452360658164
v 2442.633540372677 -16 334.0452360658164
v 2458.782608695653 -16 350.19461697722244
v 2458.782608695653 -16 334.0452360658164
v 2458.782608695652 32.44720496894216 334.0452360658164
v 2442.633540372676 -16 334.0452360658164
v 2442.633540372676 -16 350.19461697722727
v 2442.633540372676 -10.616977225673192 350.19461697722727
v 2442.633540372676 -10.616977225673192 334.04523606581944
v 2458.7826086956557 -10.616977225673194 350.19461697722727
v 2458.782608695654 -16 350.19461697722727
v 2378.0372670807483 32.44720496894213 350.1946169772309
v 2378.0372670807483 32.44720496894213 334.0452360658164
v 2378.0372670807483 -16 334.0452360658164
v 2378.0372670807483 -16 350.1946169772278
v 2394.1863354037328 -16 334.0452360658164
v 2394.1863354037305 32.44720496894213 334.0452360658164
v 2378.0372670807483 -16 398.64182194616296
v 2378.0372670807483 -16 414.7908902691506
v 2378.0372670807483 32.44720496894128 414.7908902691506
v 2378.0372670807483 32.44720496894128 398.6418219461681
v 2394.1863354037305 32.44720496894128 414.7908902691506
v 2394.1863354037314 -16 414.7908902691506
v 2394.1863354037305 -10.61697722567478 414.79089026914517
v 2378.037267080752 -10.61697722567478 398.64182194617024
v 2378.037267080752 -16 398.64182194617024
v 2394.1863354037314 -16 414.7908902691494
v 2394.1863354037314 -16 398.64182194617024
v 2394.1863354037305 -10.61697722567478 398.64182194617024
v 2394.1863354037305 -16 334.0452360658237
v 2378.037267080752 -16 350.19461697722727
v 2378.037267080752 -10.616977225673192 350.19461697722727
v 2394.1863354037314 -10.616977225673192 334.0452360658208
v 2394.1863354037305 -10.616977225673194 350.19461697722727
v 2394.1863354037314 -16 350.19461697722727
v 2458.782608695655 -9.078970736154908 857.3684574440933
v 2458.782608695655 -16 854.8926171785957
v 2458.782608695655 -16 861.5817805383031
v 2458.782608695655 -9.07897079893826 861.5817805383031
v 2636.4223602484526 -16 854.892617098382
v 2636.4223602484517 -9.078970736154915 857.3684573638795
v 2636.4223602484526 -9.078970798938268 861.5817805383031
v 2636.4223602484517 -16 861.5817805383031
v 2458.7826086956543 -1.810142001711938 845.4327122153227
v 2458.7826086956543 -16 854.8926171942076
v 2458.7826086956543 -9.078970736140036 857.3684574440922
v 2458.7826086956543 0.7501132493493703 850.8157349896503
v 2636.4223602484526 -16 854.8926171728791
v 2636.4223602484517 -1.810142033703688 845.4327122153225
v 2636.4223602484526 0.7501132173577129 850.8157349896503
v 2636.4223602484517 -9.078970736139098 857.3684574227638
v 2458.782608695655 15.697091858011845 850.8157349896501
v 2458.782608695655 25.52617567023117 857.3684579597502
v 2458.782608695655 32.44720496893933 854.8926178725451
v 2458.782608695655 18.25734731279602 845.4327122153225
v 2636.4223602484526 18.25734732349012 845.432712215322
v 2636.4223602484517 32.44720496894008 854.8926178654157
v 2636.4223602484526 25.526175670231147 857.3684579526212
v 2636.4223602484517 15.697091868705684 850.8157349896502
v 2458.7826086956543 25.52617560744828 861.5817805383031
v 2458.7826086956543 32.44720496894128 861.5817805383031
v 2458.7826086956543 32.44720496894297 854.8926179005066
v 2458.7826086956543 25.526175670231595 857.3684579597457
v 2636.4223602484526 25.526175670231627 857.3684578795322
v 2636.4223602484517 32.44720496894296 854.8926178202931
v 2636.4223602484526 32.447204968941286 861.5817805383031
v 2636.4223602484517 25.526175607448312 861.5817805383031
v 2458.782608695655 -1.8101420337079617 845.432712215319
v 2458.782608695655 0.7501132494180638 850.8157349896501
v 2458.782608695655 15.697091879943432 850.8157349896483
v 2458.782608695655 18.25734732349306 845.4327122153212
v 2636.4223602484526 0.750113249417993 850.8157349896501
v 2636.4223602484517 -1.810142033708022 845.432712215319
v 2636.4223602484526 18.257347323493097 845.4327122153212
v 2636.4223602484517 15.697091879943475 850.8157349896483
v 2442.633540372676 25.526175687657076 926.1780538302264
v 2442.633540372676 25.526175687657087 969.2422360248456
v 2442.633540372676 32.44720496894128 969.2422360248456
v 2442.633540372676 32.44720496894128 926.1780538302287
v 2449.322703491751 32.44720496894128 969.2422360248456
v 2446.846863329377 25.526175687657087 969.2422360248456
v 2446.846863249169 25.526175687657076 926.1780538302264
v 2449.3227034115407 32.44720496894128 926.1780538302287
v 2449.322703439453 32.44720496894661 926.1780538302264
v 2446.846863249155 25.52617568768568 926.1780538302264
v 2446.84686325628 25.526175687682237 1033.8385093167672
v 2449.322703446579 32.44720496894287 1033.8385093167672
v 2453.399585921332 15.697091788482794 1033.8385093167672
v 2453.3995859213314 15.697091777800601 926.1780538302264
v 2458.782608695654 18.25734716304789 1033.8385093167672
v 2458.782608695652 18.257347152362854 926.1780538302264
v 2453.399585921331 0.750113169204861 926.1780538302264
v 2453.399585921331 0.7501131692207881 1033.8385093167672
v 2453.399585921331 15.697091799741107 1033.8385093167708
v 2453.399585921331 15.697091799729687 926.1780538302287
v 2458.782608695652 -1.8101421941173612 1033.8385093167672
v 2458.782608695653 -1.8101421941354259 926.1780538302264
v 2458.782608695652 18.257347163056693 926.1780538302287
v 2458.782608695653 18.257347163069895 1033.8385093167708
v 2449.322703417245 -16 1033.8385093167708
v 2446.8468632704885 -9.078970718705115 1033.8385093167708
v 2446.846863249155 -9.07897071870037 926.1780538302287
v 2449.3227033959115 -16 926.1780538302287
v 2453.3995859213246 0.7501131691897172 926.1780538302287
v 2453.3995859213273 0.7501131371836642 1033.8385093167708
v 2458.782608695652 -1.8101421941282752 1033.8385093167708
v 2458.782608695654 -1.8101421621228813 926.1780538302287
v 2442.633540372676 -16 926.1780538302337
v 2442.633540372676 -16 1033.8385093167708
v 2442.633540372676 -9.078970718730277 1033.8385093167708
v 2442.633540372676 -9.07897071873011 926.1780538302287
v 2446.8468632491713 -9.078970718730094 926.1780538302287
v 2446.84686332938 -9.078970718730261 1033.8385093167708
v 2449.322703491745 -16 1033.8385093167708
v 2449.3227034115325 -16 926.1780538302337
v 2389.973012126175 25.526175687657098 926.1780538302264
v 2389.9730128480933 25.526175687657087 969.2422360248456
v 2387.49717268572 32.44720496894297 969.2422360248456
v 2387.497171963802 32.44720496894297 926.1780538302287
v 2394.1863354037305 32.44720496894297 969.2422360248456
v 2394.1863354037314 25.526175687657087 969.2422360248456
v 2394.1863354037305 32.44720496894297 926.1780538302287
v 2394.1863354037314 25.526175687657098 926.1780538302264
v 2387.497171504954 32.447204914555186 926.1780538302264
v 2378.0372670019246 18.257347795401156 926.1780538302264
v 2378.0372670807524 18.257347152368308 1033.8385093167672
v 2387.497172048728 32.44720496893979 1033.8385093167672
v 2383.420289848542 15.697091012409146 1033.8385093167672
v 2383.420289855075 15.697091614843647 926.1780538302264
v 2389.973012927874 25.52617522538913 1033.8385093167672
v 2389.973012423361 25.52617506124807 926.1780538302264
v 2378.0372670807483 -1.810142194139189 1033.838509316769
v 2378.0372670807483 18.25734716306033 1033.838509316769
v 2378.0372670807483 18.25734716307852 926.1780538302276
v 2378.0372670807483 -1.810142194123923 926.1780538302276
v 2383.420289855074 15.697091799728303 1033.838509316769
v 2383.420289855074 0.7501131692030492 1033.838509316769
v 2383.420289855074 0.7501131692183014 926.1780538302276
v 2383.420289855074 15.697091799746506 926.1780538302276
v 2387.4971723134186 -16 1033.8385093167708
v 2378.0372670807533 -1.8101421621297877 1033.8385093167708
v 2378.0372670683287 -1.8101427999272286 926.1780538302287
v 2387.497171875796 -16 926.1780538302287
v 2383.4202898604854 0.7501127715895564 926.1780538302287
v 2383.4202898550757 0.7501134009034818 1033.8385093167708
v 2389.9730126144786 -9.078970741651574 1033.8385093167708
v 2389.973012185061 -9.078970718717972 926.1780538302287
v 2389.973012126178 -9.078970718714118 926.1780538302264
v 2387.497171963808 -16 926.1780538302264
v 2387.4971726857275 -16 1033.838509316769
v 2389.973012848094 -9.078970718727897 1033.838509316769
v 2394.1863354037305 -9.078970718727927 1033.838509316769
v 2394.1863354037314 -16 1033.838509316769
v 2394.1863354037314 -16 926.1780538302264
v 2394.1863354037314 -9.078970718714148 926.1780538302264
v 2389.973012126176 25.526175687657133 231.76811594203173
v 2389.9730128480933 25.526175687657087 334.0452360658164
v 2387.4971726857184 32.44720496894297 334.0452360658164
v 2387.497171963801 32.44720496894297 231.76811594202948
v 2394.1863354037305 32.44720496894297 334.0452360658164
v 2394.1863354037314 25.526175687657087 334.0452360658164
v 2394.1863354037305 32.44720496894297 231.76811594202948
v 2394.1863354037314 25.526175687657133 231.76811594203173
v 2387.497172178035 32.447204968302685 231.76811594203173
v 2378.0372670629167 18.257347706563213 231.76811594203173
v 2378.0372670807474 18.25734715236561 334.0452360658164
v 2387.4971725657583 32.44720496894408 334.0452360658164
v 2383.4202898450276 15.69709115411024 334.0452360658164
v 2383.420289869854 15.697091688016712 231.76811594203173
v 2389.9730127914604 25.52617511674294 334.0452360658164
v 2389.973012423354 25.526175061251706 231.76811594203173
v 2378.0372670807483 -1.810142194139189 334.0452360658164
v 2378.0372670807483 18.25734716306033 334.0452360658164
v 2378.0372670807483 18.25734716308216 231.76811594203062
v 2378.0372670807483 -1.8101421941247011 231.76811594203062
v 2383.420289855074 15.697091799727861 334.0452360658164
v 2383.420289855074 0.7501131692034901 334.0452360658164
v 2383.420289855074 0.7501131692184169 231.76811594203062
v 2383.420289855074 15.69709179974969 231.76811594203062
v 2387.497172308693 -16 334.0452360658164
v 2378.037267080751 -1.810142162121375 334.0452360658164
v 2378.037267027549 -1.8101427355523947 231.76811594202948
v 2387.4971718709508 -16 231.76811594202948
v 2383.420289901358 0.7501128747971961 231.76811594202948
v 2383.4202898550757 0.7501134009113875 334.0452360658164
v 2389.973012577044 -9.078970850001497 334.0452360658164
v 2389.97301218506 -9.078970718721665 231.76811594202948
v 2389.9730121261746 -9.078970718721393 231.76811594203173
v 2387.497171963805 -16 231.76811594203173
v 2387.4971726857275 -16 334.0452360658164
v 2389.9730128480933 -9.078970718727907 334.0452360658164
v 2394.186335403734 -9.078970718727927 334.0452360658164
v 2394.1863354037314 -16 334.0452360658164
v 2394.1863354037314 -16 231.76811594203173
v 2394.1863354037314 -9.078970718721413 231.76811594203173
v 2442.633540372676 -16 231.76811594203173
v 2442.633540372676 -16 334.0452360658164
v 2442.633540372676 -9.07897071872312 334.0452360658164
v 2442.633540372676 -9.078970718723149 231.76811594202948
v 2446.846863650244 -9.078970718723147 231.76811594202948
v 2446.8468629283207 -9.078970718723118 334.0452360658164
v 2449.32270309069 -16 334.0452360658164
v 2449.3227038126097 -16 231.76811594203173
v 2449.322703210648 -16 334.0452360658164
v 2446.8468629849526 -9.078970147811642 334.0452360658164
v 2446.8468633530524 -9.078970092320429 231.76811594202948
v 2449.3227035983714 -16 231.76811594202948
v 2453.399585906547 0.7501132809156843 231.76811594202948
v 2453.3995859313795 0.7501138148246795 334.0452360658164
v 2458.7826086956557 -1.8101421834289795 334.0452360658164
v 2458.782608713484 -1.8101427376307355 231.76811594202948
v 2453.399585921331 0.7501131691858643 231.76811594203173
v 2453.399585921331 0.7501131692029909 334.0452360658164
v 2453.399585921331 15.69709179973534 334.0452360658164
v 2453.399585921331 15.697091799717432 231.76811594202948
v 2458.782608695652 18.257347163056693 231.76811594202948
v 2458.782608695653 18.257347163076872 334.0452360658164
v 2458.782608695652 -1.8101421941264562 334.0452360658164
v 2458.782608695653 -1.8101421941451026 231.76811594203173
v 2449.3227039054636 32.44720496555965 231.76811594203173
v 2446.846863591354 25.526175687654636 231.76811594203173
v 2446.8468631993696 25.526175818946893 334.0452360658164
v 2449.3227034677193 32.447204968938024 334.0452360658164
v 2453.3995859213355 15.697091568021278 334.0452360658164
v 2453.3995858750477 15.697092094136092 231.76811594203173
v 2458.7826086956543 18.257347131051432 334.0452360658164
v 2458.782608748861 18.257347704486165 231.76811594203173
v 2442.633540372676 25.526175687654433 231.76811594203173
v 2442.633540372676 25.526175687662093 334.0452360658164
v 2442.633540372676 32.44720496894128 334.0452360658164
v 2442.633540372676 32.44720496894128 231.76811594202948
v 2446.8468629283198 25.526175687662068 334.0452360658164
v 2446.8468636502357 25.52617568765441 231.76811594203173
v 2449.3227030906855 32.44720496894128 334.0452360658164
v 2449.3227038126097 32.44720496894128 231.76811594202948
v 2640.4992427020625 -16 334.0452360658164
v 2631.0393374741184 -1.8101421621181857 334.0452360658164
v 2631.0393374209143 -1.8101427355501818 231.76811594202948
v 2640.499242264322 -16 231.76811594202948
v 2636.422360294735 0.7501128748008341 231.76811594202948
v 2636.422360248451 0.7501134009153392 334.0452360658164
v 2642.975082970417 -9.078970850005135 334.0452360658164
v 2642.9750825784345 -9.078970718719692 231.76811594202948
v 2642.975082519546 -9.078970718721393 231.76811594203173
v 2640.4992423571775 -16 231.76811594203173
v 2640.499243079099 -16 334.0452360658164
v 2642.9750832414634 -9.078970718727907 334.0452360658164
v 2647.1884057971038 -9.078970718727927 334.0452360658164
v 2647.188405797103 -16 334.0452360658164
v 2647.188405797103 -16 231.76811594203173
v 2647.188405797103 -9.078970718721413 231.76811594203173
v 2631.0393374741243 -1.810142194139189 334.0452360658164
v 2631.0393374741243 18.25734716306033 334.0452360658164
v 2631.0393374741243 18.25734716307852 231.76811594203062
v 2631.0393374741243 -1.810142194122573 231.76811594203062
v 2636.4223602484517 15.697091799730199 334.0452360658164
v 2636.4223602484517 0.7501131692011547 334.0452360658164
v 2636.4223602484517 0.7501131692183574 231.76811594203062
v 2636.4223602484517 15.697091799748241 231.76811594203062
v 2640.4992425714117 32.447204968302685 231.76811594203173
v 2631.0393374562955 18.25734770657049 231.76811594203173
v 2631.039337474126 18.257347152372887 334.0452360658164
v 2640.499242959133 32.44720496894147 334.0452360658164
v 2636.4223602384045 15.697091154119335 334.0452360658164
v 2636.42236026324 15.69709168802354 231.76811594203173
v 2642.9750831848273 25.526175116749236 334.0452360658164
v 2642.9750828167307 25.526175061251706 231.76811594203173
v 2642.9750825195465 25.526175687657133 231.76811594203173
v 2642.9750832414647 25.526175687657087 334.0452360658164
v 2640.4992430790917 32.44720496894297 334.0452360658164
v 2640.4992423571734 32.44720496894297 231.76811594202948
v 2647.1884057971038 32.44720496894297 334.0452360658164
v 2647.188405797103 25.526175687657087 334.0452360658164
v 2647.1884057971038 32.44720496894297 231.76811594202948
v 2647.188405797103 25.526175687657133 231.76811594203173
v 2695.6356107660467 25.526175687654433 231.76811594203173
v 2695.6356107660467 25.526175687662093 334.0452360658164
v 2695.6356107660467 32.44720496894128 334.0452360658164
v 2695.6356107660467 32.44720496894128 231.76811594202948
v 2699.8489333216894 25.526175687662068 334.0452360658164
v 2699.8489340436035 25.52617568765441 231.76811594203173
v 2702.324773484055 32.44720496894128 334.0452360658164
v 2702.3247742059757 32.44720496894128 231.76811594202948
v 2702.3247742988297 32.447204965566925 231.76811594203173
v 2699.848933984719 25.526175687653655 231.76811594203173
v 2699.848933592738 25.526175818941468 334.0452360658164
v 2702.32477386109 32.447204968940056 334.0452360658164
v 2706.4016563147015 15.697091568028554 334.0452360658164
v 2706.401656268417 15.697092094134874 231.76811594203173
v 2711.7846790890226 18.25734713105907 334.0452360658164
v 2711.784679142227 18.257347704484346 231.76811594203173
v 2706.4016563147015 0.7501131691864611 231.76811594203173
v 2706.4016563147015 0.7501131692035894 334.0452360658164
v 2706.4016563147015 15.69709179973534 334.0452360658164
v 2706.4016563147015 15.697091799717432 231.76811594202948
v 2711.7846790890253 18.257347163058512 231.76811594202948
v 2711.7846790890267 18.25734716307752 334.0452360658164
v 2711.7846790890253 -1.8101421941264562 334.0452360658164
v 2711.7846790890267 -1.8101421941451554 231.76811594203173
v 2702.324773604021 -16 334.0452360658164
v 2699.848933378325 -9.078970147809843 334.0452360658164
v 2699.848933746427 -9.078970092318624 231.76811594202948
v 2702.324773991746 -16 231.76811594202948
v 2706.4016562999204 0.7501132809156843 231.76811594202948
v 2706.401656324751 0.7501138148247559 334.0452360658164
v 2711.7846790890253 -1.8101421834289795 334.0452360658164
v 2711.7846791068587 -1.8101427376306947 231.76811594202948
v 2695.6356107660467 -16 231.76811594203173
v 2695.6356107660467 -16 334.0452360658164
v 2695.6356107660467 -9.07897071872312 334.0452360658164
v 2695.6356107660467 -9.078970718723149 231.76811594202948
v 2699.84893404361 -9.078970718723147 231.76811594202948
v 2699.848933321687 -9.078970718723118 334.0452360658164
v 2702.3247734840634 -16 334.0452360658164
v 2702.324774205985 -16 231.76811594203173
v 2711.7846790890253 32.44720496894217 350.19461697722363
v 2695.6356107660467 32.44720496894217 334.0452360658164
v 2695.635610766043 -16 334.0452360658164
v 2711.7846790890267 -16 350.1946169772288
v 2711.7846790890267 -16 334.0452360658164
v 2711.7846790890253 32.44720496894217 334.0452360658164
v 2695.6356107660467 -16 334.0452360658164
v 2695.6356107660467 -16 350.19461697722727
v 2695.6356107660467 -10.616977225673192 350.19461697722727
v 2695.6356107660467 -10.616977225673192 334.04523606581756
v 2711.7846790890253 -10.616977225673194 350.19461697722727
v 2711.7846790890276 -16 350.19461697722727
v 2647.1884057971038 -16 334.04523606582006
v 2631.0393374741234 -16 350.19461697722727
v 2631.0393374741234 -10.616977225673192 350.19461697722727
v 2647.188405797103 -10.616977225673192 334.0452360658208
v 2647.1884057971038 -10.616977225673194 350.19461697722727
v 2647.188405797103 -16 350.19461697722727
v 2631.0393374741243 32.44720496894213 350.19461697722363
v 2631.0393374741243 32.44720496894213 334.0452360658164
v 2631.0393374741243 -16 334.0452360658164
v 2631.0393374741243 -16 350.19461697722363
v 2647.1884057971047 -16 334.0452360658164
v 2647.1884057971038 32.44720496894213 334.0452360658164
v 2221.9296066252646 -9.078970718730726 914.2423084639522
v 2221.9296066252646 -9.078970718730742 910.0289855072479
v 2221.9296066252646 -16 910.0289855072479
v 2221.9296066252646 -16 916.7181486263169
v 2378.0372670807483 -9.078970718730538 910.0289855072479
v 2378.03726708075 -9.078970718730522 914.2423083837385
v 2378.0372670807483 -16 916.7181485461033
v 2378.03726708075 -16 910.0289855072479
v 2221.9296066252646 -1.8101421941300941 926.1780538302337
v 2221.9296066252646 0.7501131371518568 920.7950310559027
v 2221.9296066252646 -9.07897071870237 914.2423084050598
v 2221.9296066252646 -16 916.718148551815
v 2378.0372670807483 0.7501131691432282 920.7950310559025
v 2378.03726708075 -1.8101421621387208 926.1780538302336
v 2378.0372670807483 -16 916.7181485304874
v 2378.03726708075 -9.078970718702394 914.2423083837322
v 2221.9296066252646 32.44720496894297 916.7181485811907
v 2221.9296066252646 25.526175687682553 914.2423083908561
v 2221.9296066252646 15.69709178849745 920.7950310558995
v 2221.9296066252646 18.257347163068353 926.178053830227
v 2378.0372670807483 18.25734715237425 926.1780538302271
v 2378.03726708075 15.697091777803186 920.7950310558992
v 2378.0372670807483 25.526175687682354 914.2423083837265
v 2378.03726708075 32.44720496894323 916.7181485740613
v 2221.9296066252646 32.447204968942145 916.7181486263216
v 2221.9296066252646 32.447204968942145 910.0289855072479
v 2221.9296066252646 25.526175687658956 910.0289855072479
v 2221.9296066252646 25.526175687658956 914.2423084639519
v 2378.0372670807483 25.526175687658945 914.2423083837378
v 2378.03726708075 25.526175687658945 910.0289855072479
v 2378.0372670807483 32.44720496894214 910.0289855072479
v 2378.03726708075 32.44720496894214 916.7181485461076
v 2221.9296066252646 -1.810142194135551 926.1780538302282
v 2221.9296066252646 18.25734716306033 926.1780538302282
v 2221.9296066252646 15.697091799720518 920.7950310559008
v 2221.9296066252646 0.750113169205477 920.7950310559008
v 2378.0372670807483 18.257347163060366 926.1780538302282
v 2378.03726708075 -1.8101421941354445 926.1780538302282
v 2378.0372670807483 15.697091799720564 920.7950310559008
v 2378.0372670807483 0.7501131692055824 920.7950310559008
v 2221.9296066252646 -9.078970718727508 857.3684576618155
v 2221.9296066252646 -16 854.8926174994484
v 2221.9296066252646 -16 861.5817805383031
v 2221.9296066252646 -9.07897071872752 861.5817805383031
v 2378.0372670807483 -16 854.8926174192352
v 2378.03726708075 -9.078970718727692 857.3684575816021
v 2378.0372670807483 -9.078970718727705 861.5817805383031
v 2378.03726708075 -16 861.5817805383031
v 2221.9296066252646 -1.8101421621322515 845.4327122153227
v 2221.9296066252646 -16 854.8926175150627
v 2221.9296066252646 -9.078970718703204 857.3684576618216
v 2221.9296066252646 0.750113169146644 850.8157349896503
v 2378.0372670807483 -16 854.8926174937353
v 2378.03726708075 -1.8101421941235087 845.4327122153227
v 2378.0372670807483 0.7501131371553946 850.8157349896503
v 2378.03726708075 -9.078970718703408 857.3684576404942
v 2221.9296066252646 -1.81014219413737 845.432712215319
v 2221.9296066252646 0.7501131692060881 850.8157349896501
v 2221.9296066252646 15.697091799724767 850.8157349896483
v 2221.9296066252646 18.25734716306358 845.4327122153212
v 2378.0372670807483 0.750113169205987 850.8157349896501
v 2378.03726708075 -1.810142194137463 845.432712215319
v 2378.0372670807483 18.25734716306361 845.4327122153212
v 2378.03726708075 15.697091799724792 850.8157349896483
v 2221.9296066252646 25.526175687659006 861.5817805383031
v 2221.9296066252646 32.44720496894128 861.5817805383031
v 2221.9296066252646 32.44720496894297 854.892617499434
v 2221.9296066252646 25.526175687659006 857.3684576618075
v 2378.0372670807483 25.52617568765903 857.3684575815953
v 2378.03726708075 32.44720496894296 854.8926174192218
v 2378.0372670807483 32.447204968941286 861.5817805383031
v 2378.03726708075 25.52617568765903 861.5817805383031
v 2221.9296066252646 15.697091777801688 850.8157349896501
v 2221.9296066252646 25.526175687678915 857.3684576618252
v 2221.9296066252646 32.44720496893933 854.892617471487
v 2221.9296066252646 18.25734715237142 845.4327122153243
v 2378.0372670807483 18.257347163065464 845.4327122153243
v 2378.03726708075 32.44720496893916 854.8926174643575
v 2378.0372670807483 25.526175687679174 857.3684576546956
v 2378.03726708075 15.697091788495896 850.8157349896497
v 2442.633540372676 -10.616977225674757 926.1780538302264
v 2442.633540372676 -10.616977225674757 910.0289855072479
v 2442.633540372676 -16 910.0289855072479
v 2442.633540372676 -16 926.178053830227
v 2458.7826086956516 -16 910.0289855072479
v 2458.782608695652 -10.616977225674757 910.0289855072479
v 2458.7826086956557 -16 910.0289855072442
v 2442.6335403726753 -16 926.1780538302282
v 2442.6335403726753 32.44720496894128 926.1780538302282
v 2458.782608695653 32.44720496894128 910.0289855072467
v 2458.7826086956557 32.44720496894128 926.1780538302282
v 2458.782608695653 -16 926.1780538302282
v 2442.633540372676 -16 845.4327122153263
v 2442.633540372676 -16 861.5817805383031
v 2442.633540372676 -10.616977225673192 861.5817805383031
v 2442.633540372676 -10.616977225673192 845.4327122153227
v 2458.782608695652 -10.616977225673194 861.5817805383031
v 2458.782608695653 -16 861.5817805383031
v 2458.782608695652 32.44720496894217 861.5817805383049
v 2442.6335403726735 32.44720496894217 845.4327122153227
v 2442.633540372677 -16 845.432712215319
v 2458.782608695653 -16 861.5817805382985
v 2458.782608695653 -16 845.432712215319
v 2458.782608695652 32.44720496894217 845.4327122153227
v 2394.1863354037305 -16 845.4327122153227
v 2378.037267080752 -16 861.5817805383012
v 2378.037267080752 -10.616977225673192 861.5817805383012
v 2394.1863354037314 -10.616977225673192 845.4327122153213
v 2394.1863354037305 -10.616977225673194 861.5817805383012
v 2394.1863354037314 -16 861.5817805383012
v 2378.0372670807483 32.447204968942145 861.5817805383049
v 2378.0372670807483 32.447204968942145 845.4327122153227
v 2378.0372670807483 -16 845.432712215319
v 2378.0372670807483 -16 861.5817805383049
v 2394.1863354037337 -16 845.432712215319
v 2394.1863354037305 32.447204968942145 845.4327122153227
v 2394.1863354037305 -10.616977225674793 926.1780538302228
v 2378.0372670807556 -10.616977225674793 910.0289855072479
v 2378.0372670807446 -16 910.0289855072479
v 2394.1863354037314 -16 926.1780538302353
v 2394.1863354037314 -16 910.0289855072479
v 2394.1863354037305 -10.616977225674793 910.0289855072479
v 2378.0372670807483 -16 910.0289855072406
v 2378.0372670807483 -16 926.1780538302282
v 2378.0372670807483 32.44720496894128 926.1780538302282
v 2378.0372670807483 32.44720496894128 910.0289855072449
v 2394.1863354037305 32.44720496894128 926.1780538302282
v 2394.186335403731 -16 926.1780538302282
v 2458.782608695655 25.526175767873607 910.0289855072406
v 2458.782608695655 25.52617570509028 914.2423086014496
v 2458.782608695655 32.44720496894297 916.7181488669503
v 2458.782608695655 32.44720496894297 910.0289855072467
v 2701.018633540378 32.44720496894297 916.7181489471631
v 2701.018633540377 25.526175705090278 914.2423086816624
v 2701.018633540378 32.44720496894297 910.0289855072467
v 2701.018633540377 25.526175767873607 910.0289855072406
v 2458.782608695654 18.25734697064763 926.17805383023
v 2458.782608695654 32.44720496894297 916.7181488513452
v 2458.782608695654 25.526175705079368 914.2423086014605
v 2458.782608695654 15.69709171958779 920.7950310559024
v 2701.018633540378 32.44720496894294 916.718148872673
v 2701.018633540377 18.2573470026393 926.1780538302302
v 2701.018633540378 15.697091751579391 920.7950310559024
v 2701.018633540377 25.526175705079165 914.2423086227884
v 2458.782608695655 0.7501130889879848 920.7950310559008
v 2458.782608695655 -1.8101423545616466 926.1780538302287
v 2458.782608695655 18.257347002641836 926.17805383023
v 2458.782608695655 15.697091719516747 920.7950310559008
v 2701.018633540378 15.697091719516854 920.7950310559008
v 2701.018633540377 18.257347002641936 926.17805383023
v 2701.018633540378 -1.8101423545617603 926.1780538302287
v 2701.018633540377 0.7501130889878758 920.7950310559008
v 2458.7826086956557 0.7501131109238486 920.795031055899
v 2458.7826086956557 -9.078970701295475 914.2423080858025
v 2458.7826086956557 -16 916.7181481730113
v 2458.7826086956557 -1.8101423438636957 926.1780538302319
v 2701.018633540378 -1.810142354557475 926.178053830232
v 2701.018633540377 -16 916.7181481801414
v 2701.018633540378 -9.078970701294137 914.2423080929326
v 2701.018633540377 0.7501131002300906 920.795031055899
v 2458.7826086956547 -9.078970638513143 910.0289855072474
v 2458.7826086956547 -16 910.0289855072479
v 2458.7826086956547 -16 916.7181481450389
v 2458.7826086956547 -9.078970701296491 914.2423080858
v 2701.018633540378 -9.078970701296573 914.2423081660137
v 2701.018633540377 -16 916.7181482252525
v 2701.018633540377 -16 910.0289855072479
v 2701.018633540377 -9.078970638513223 910.0289855072474
v 2645.8822655325685 -16 694.7080745341591
v 2645.8822654523574 -16 845.4327122153209
v 2648.358105614727 -9.078970718725031 845.4327122153209
v 2648.358105694938 -9.078970718725 694.7080745341627
v 2652.5714285714275 -9.078970718725031 845.4327122153209
v 2652.571428571428 -16 845.4327122153209
v 2652.5714285714275 -9.078970718725 694.7080745341627
v 2652.571428571428 -16 694.7080745341591
v 2645.8822654975083 -16 845.4327122153227
v 2636.4223602484553 -1.8101421941149411 845.4327122153227
v 2636.4223602484562 -1.8101421834319182 694.7080745341627
v 2645.882265504634 -16 694.7080745341627
v 2641.8053830227764 0.7501131911303673 694.7080745341627
v 2641.8053830227777 0.750113180449764 845.4327122153227
v 2648.358105687821 -9.078970718735945 845.4327122153227
v 2648.358105694948 -9.078970718749131 694.7080745341627
v 2636.42236024845 18.25734716307852 694.7080745341646
v 2636.42236024845 -1.810142194139189 694.7080745341646
v 2636.42236024845 -1.810142194135551 845.4327122153209
v 2636.42236024845 18.257347163070673 845.4327122153209
v 2641.8053830227764 15.697091799727517 845.4327122153209
v 2641.8053830227764 0.7501131692014442 845.4327122153209
v 2641.8053830227764 0.7501131691979994 694.7080745341646
v 2641.8053830227764 15.697091799734835 694.7080745341646
v 2648.3581056949415 25.526175687664168 694.7080745341591
v 2648.3581056147286 25.526175687664363 845.4327122153209
v 2645.882265452364 32.44720496894128 845.4327122153209
v 2645.882265532577 32.44720496894128 694.7080745341627
v 2652.5714285714275 32.44720496894128 845.4327122153209
v 2652.571428571428 25.526175687664363 845.4327122153209
v 2652.571428571428 25.526175687664168 694.7080745341591
v 2652.5714285714275 32.44720496894128 694.7080745341627
v 2645.8822655481963 32.44720496893933 694.7080745341664
v 2636.4223602484526 18.25734713106005 694.7080745341664
v 2636.4223602484526 18.257347163061688 845.432712215319
v 2645.882265526866 32.44720496894617 845.432712215319
v 2641.8053830227727 15.69709183177656 845.432712215319
v 2641.805383022776 15.697091799772505 694.7080745341664
v 2648.358105673616 25.526175687656202 845.432712215319
v 2648.358105694948 25.526175687646173 694.7080745341664
v 2652.571428571431 -16 845.4327122153227
v 2636.4223602484544 -16 861.5817805382994
v 2636.4223602484544 -10.616977225673192 861.5817805382994
v 2652.571428571428 -10.616977225673192 845.4327122153204
v 2652.571428571431 -10.616977225673194 861.5817805382994
v 2652.571428571428 -16 861.5817805382994
v 2636.42236024845 32.447204968942145 861.5817805383012
v 2636.42236024845 32.447204968942145 845.4327122153227
v 2636.42236024845 -16 845.432712215319
v 2636.42236024845 -16 861.5817805383048
v 2652.5714285714303 -16 845.432712215319
v 2652.571428571424 32.447204968942145 845.4327122153227
v 2652.5714285714275 -10.616977225674795 694.7080745341664
v 2636.422360248449 -10.616977225674795 678.5590062111805
v 2636.4223602484562 -16 678.5590062111805
v 2652.571428571428 -16 694.7080745341582
v 2652.571428571428 -16 678.5590062111805
v 2652.5714285714275 -10.616977225674795 678.5590062111805
v 2636.42236024845 -16 678.5590062111805
v 2636.42236024845 -16 694.7080745341646
v 2636.42236024845 32.44720496894128 694.7080745341646
v 2636.42236024845 32.44720496894128 678.5590062111786
v 2652.571428571431 32.44720496894128 694.7080745341646
v 2652.57142857143 -16 694.7080745341646
v 2959.4037267080785 -16 613.96257973717
v 2943.254658385098 -16 630.1118012422339
v 2943.254658385098 -10.616977225673192 630.1118012422339
v 2959.4037267080757 -10.616977225673192 613.96257973717
v 2959.4037267080785 -10.616977225673194 630.1118012422339
v 2959.4037267080757 -16 630.1118012422339
v 2943.2546583850935 32.44720496894214 630.1118012422376
v 2943.2546583850935 32.44720496894214 613.9625797371664
v 2943.2546583850935 -16 613.96257973717
v 2943.2546583850935 -16 630.1118012422365
v 2959.403726708074 -16 613.96257973717
v 2959.4037267080785 32.44720496894214 613.9625797371664
v 2959.403726708075 -10.616977225674795 414.79089026914517
v 2943.2546583851 -10.616977225674795 398.64182194617024
v 2943.254658385089 -16 398.64182194617024
v 2959.4037267080757 -16 414.7908902691571
v 2959.4037267080757 -16 398.64182194617024
v 2959.403726708075 -10.616977225674795 398.64182194617024
v 2943.2546583850935 -16 398.64182194616296
v 2943.2546583850935 -16 414.7908902691506
v 2943.2546583850935 32.44720496894128 414.7908902691506
v 2943.2546583850935 32.44720496894128 398.6418219461688
v 2959.403726708075 32.44720496894128 414.7908902691506
v 2959.4037267080753 -16 414.7908902691506
v 3007.8509316770214 -16 350.19461697722727
v 3007.8509316770214 -16 678.5590062111805
v 3007.8509316770214 -9.078970718723024 678.5590062111805
v 3007.8509316770214 -9.078970718723115 350.1946169772262
v 3012.0642546337294 -9.078970718723063 350.1946169772262
v 3012.064254553519 -9.078970718722973 678.5590062111805
v 3014.5400947158864 -16 678.5590062111805
v 3014.5400947960948 -16 350.19461697722727
v 3014.5400947438466 -16 678.5590062111805
v 3012.0642545535065 -9.078970718718203 678.5590062111805
v 3012.064254560637 -9.078970718720628 350.1946169772262
v 3014.5400947509766 -16 350.1946169772262
v 3018.6169772256762 0.7501131804310717 350.1946169772262
v 3018.616977225672 0.7501131911297705 678.5590062111805
v 3024 -1.8101421834362554 678.5590062111805
v 3024 -1.8101421941338782 350.1946169772262
v 3018.6169772256753 0.750113169199473 350.19461697722727
v 3018.6169772256753 0.7501131692068559 678.5590062111805
v 3018.6169772256753 15.697091799733583 678.5590062111805
v 3018.6169772256753 15.69709179973342 350.1946169772262
v 3024 18.257347163074883 350.1946169772262
v 3024 18.257347163075213 678.5590062111805
v 3024 -1.8101421941264562 678.5590062111805
v 3024 -1.8101421941334594 350.19461697722727
v 3007.8509316770214 25.526175687664363 678.5590062111805
v 3007.8509316770214 32.44720496894297 678.5590062111805
v 3007.8509316770214 32.44720496894297 350.1946169772262
v 3007.8509316770214 25.526175687663336 350.1946169772262
v 3014.5400947158705 32.44720496894297 678.5590062111805
v 3012.0642545535106 25.526175687664384 678.5590062111805
v 3014.5400947960916 32.44720496894297 350.1946169772262
v 3012.064254633726 25.526175687663358 350.1946169772262
v 3014.5400947215967 32.44720496893933 350.19461697722727
v 3012.0642545748283 25.52617568764288 350.19461697722727
v 3012.064254553504 25.526175687650024 678.5590062111805
v 3014.5400947002713 32.447204968946394 678.5590062111805
v 3018.6169772256726 15.697091799804184 678.5590062111805
v 3018.6169772256726 15.697091831781286 350.19461697722727
v 3024 18.25734713107937 678.5590062111805
v 3024 18.257347163056693 350.19461697722727
v 3007.8509316770214 -16 334.0452360658164
v 3007.8509316770214 -16 350.19461697722727
v 3007.8509316770214 32.44720496894128 350.19461697722727
v 3007.8509316770214 32.44720496894128 334.04523606581864
v 3024 32.44720496894128 350.19461697722727
v 3024 -16 350.19461697722727
v 2695.6356107660467 -16 678.5590062111805
v 2695.6356107660467 -16 920.7950310559027
v 2695.6356107660467 43.21325051759495 920.7950310559027
v 2695.6356107660467 43.21325051759495 678.5590062111805
v 2701.018633540378 43.21325051759495 920.7950310559027
v 2701.018633540377 -16 920.7950310559027
v 2701.018633540377 -16 678.5590062111805
v 2701.018633540378 43.21325051759495 678.5590062111805
v 2873.27536231884 -16 678.5590062111805
v 2873.27536231884 -16 683.9420289855061
v 2873.27536231884 32.44720496894128 683.9420289855061
v 2873.27536231884 32.44720496894128 678.5590062111805
v 3018.6169772256726 32.447204968941286 683.9420289855061
v 3018.6169772256735 -16 683.9420289855061
v 3018.6169772256735 -16 678.5590062111805
v 3018.6169772256726 32.447204968941286 678.5590062111805
v 2701.018633540378 -16 678.5590062111805
v 2701.018633540378 -16 683.9420289855061
v 2701.018633540378 32.44720496894128 683.9420289855061
v 2701.018633540378 32.44720496894128 678.5590062111805
v 2835.594202898552 32.447204968941286 683.9420289855061
v 2835.5942028985514 -16 683.9420289855061
v 2835.5942028985514 -16 678.5590062111805
v 2835.594202898552 32.447204968941286 678.5590062111805
v 2871.7373558118925 -10.6169772256726 678.5590062111805
v 2871.7373558118925 -10.6169772256726 683.9420289855079
v 2871.7373558118925 5.768494749934651 683.9420289855079
v 2871.7373558118925 5.768494749934651 678.5590062111805
v 2878.658385093171 7.221394304383466 678.5590062111805
v 2878.65838509317 7.221394304382935 683.9420289855079
v 2878.65838509317 -10.6169772256726 683.9420289855079
v 2878.65838509317 -10.6169772256726 678.5590062111805
v 2871.737355811889 5.768494749929232 683.9420289855079
v 2860.1910959543347 26.294520547945886 683.9420289855079
v 2860.191095954335 26.294520547946835 678.5590062111805
v 2871.737355811891 5.768494749929825 678.5590062111805
v 2864.468036529681 32.44720496894297 678.5590062111805
v 2864.4680365296813 32.447204968943176 683.9420289855079
v 2878.6583850931693 7.221394304380505 683.9420289855079
v 2878.6583850931675 7.221394304380738 678.5590062111805
v 2848.6784692630536 26.294520547948196 678.5590062111805
v 2848.6784692630536 26.294520547948196 683.9420289855061
v 2844.4010379300926 32.44720496894128 683.9420289855061
v 2844.4010379300926 32.44720496894128 678.5590062111805
v 2864.468036529681 32.44720496894128 683.9420289855061
v 2860.191095954337 26.294520547948196 683.9420289855061
v 2860.191095954337 26.294520547948196 678.5590062111805
v 2864.468036529681 32.44720496894128 678.5590062111805
v 2844.401037930096 32.44720496893933 678.5590062111805
v 2830.21118012423 7.221394304380699 678.5590062111805
v 2830.21118012423 7.221394304380699 683.9420289855043
v 2844.4010379300958 32.44720496893889 683.9420289855043
v 2837.132209405499 5.768494749931646 683.9420289855043
v 2837.1322094055017 5.7684947499312464 678.5590062111805
v 2848.678469263056 26.294520547944895 683.9420289855043
v 2848.678469263058 26.29452054794398 678.5590062111805
v 2830.211180124228 7.221394304382557 678.5590062111805
v 2830.211180124228 -10.6169772256726 678.5590062111805
v 2830.211180124228 -10.6169772256726 683.9420289855061
v 2830.211180124228 7.221394304378364 683.9420289855061
v 2837.132209405502 5.768494749930095 683.9420289855061
v 2837.132209405502 -10.6169772256726 683.9420289855061
v 2837.132209405502 -10.6169772256726 678.5590062111805
v 2837.132209405502 5.7684947499339785 678.5590062111805
v 2867.8923395445163 16.298136645964405 678.5590062111805
v 2867.8923395445163 16.298136645964405 683.9420289855061
v 2867.8923395445163 32.44720496894128 683.9420289855061
v 2867.8923395445163 32.44720496894128 678.5590062111805
v 2873.27536231884 32.44720496894128 683.9420289855061
v 2873.275362318841 16.298136645964405 683.9420289855061
v 2873.275362318841 16.298136645964405 678.5590062111805
v 2873.27536231884 32.44720496894128 678.5590062111805
v 2835.594202898552 16.298136645964405 678.5590062111805
v 2835.594202898552 16.298136645964405 683.9420289855061
v 2835.594202898552 32.44720496894128 683.9420289855061
v 2835.594202898552 32.44720496894128 678.5590062111805
v 2840.9772256728793 32.44720496894128 683.9420289855061
v 2840.9772256728806 16.298136645964405 683.9420289855061
v 2840.9772256728806 16.298136645964405 678.5590062111805
v 2840.9772256728793 32.44720496894128 678.5590062111805
v 2835.594202898552 27.06418219461193 678.5590062111805
v 2835.594202898552 27.06418219461193 683.9420289855061
v 2835.594202898552 32.44720496894128 683.9420289855061
v 2835.594202898552 32.44720496894128 678.5590062111805
v 2846.3602484472067 32.44720496894128 683.9420289855061
v 2846.3602484472062 27.06418219461193 683.9420289855061
v 2846.3602484472062 27.06418219461193 678.5590062111805
v 2846.3602484472067 32.44720496894128 678.5590062111805
v 2862.509316770186 27.06418219461193 678.5590062111805
v 2862.509316770186 27.06418219461193 683.9420289855061
v 2862.509316770186 32.44720496894128 683.9420289855061
v 2862.509316770186 32.44720496894128 678.5590062111805
v 2873.27536231884 32.44720496894128 683.9420289855061
v 2873.275362318841 27.06418219461193 683.9420289855061
v 2873.275362318841 27.06418219461193 678.5590062111805
v 2873.27536231884 32.44720496894128 678.5590062111805
v 3007.8509316770214 -16 683.9420289855043
v 3007.8509316770214 -16 910.0289855072479
v 3007.8509316770214 43.21325051759495 910.0289855072479
v 3007.8509316770214 43.21325051759495 683.9420289855077
v 3013.233954451349 43.21325051759495 910.0289855072479
v 3013.2339544513484 -16 910.0289855072479
v 3013.2339544513484 -16 683.9420289855043
v 3013.233954451349 43.21325051759495 683.9420289855077
v 2701.018633540378 -16 910.0289855072479
v 2701.018633540378 -16 915.4120082815716
v 2701.018633540378 43.21325051759495 915.4120082815716
v 2701.018633540378 43.21325051759495 910.0289855072467
v 3013.233954451349 43.21325051759494 915.4120082815716
v 3013.2339544513484 -16 915.4120082815716
v 3013.2339544513484 -16 910.0289855072479
v 3013.233954451349 43.21325051759494 910.0289855072467
v 2157.333333333335 33.75334531368571 624.7287784679065
v 2157.333333333335 27.06418219461193 624.7287784679065
v 2157.333333333335 27.06418219461193 633.1878142561411
v 2157.333333333335 31.27750515131146 633.1878142561416
v 2394.1863354037305 31.27750507109803 633.1878142561416
v 2394.1863354037314 27.06418219461196 633.1878142561411
v 2394.1863354037314 27.06418219461196 624.7287784679065
v 2394.1863354037314 33.7533452334723 624.7287784679065
v 2157.3333333333344 33.753345268560224 624.7287784679065
v 2157.3333333333344 31.27750507822384 633.1878142561327
v 2157.3333333333344 37.830227743267486 645.2011390217918
v 2157.3333333333344 43.21325051759446 642.0719380084275
v 2394.186335403734 43.213250517594375 642.0719380214975
v 2394.1863354037314 37.83022774326739 645.2011390348619
v 2394.186335403734 31.277505071094705 633.1878142561327
v 2394.1863354037314 33.75334526143109 624.7287784679065
v 2157.3333333333353 37.83022774326673 645.2011390080515
v 2157.3333333333353 37.83022774326673 663.4696684453666
v 2157.3333333333353 43.21325051759495 666.5988694450028
v 2157.3333333333353 43.21325051759495 642.0719380084172
v 2394.1863354037305 43.21325051759494 666.5988694450028
v 2394.1863354037314 37.83022774326673 663.4696684453666
v 2394.1863354037314 37.83022774326673 645.2011390080515
v 2394.1863354037305 43.21325051759494 642.0719380084172
v 2157.3333333333353 43.21325051759777 666.5988694450025
v 2157.3333333333353 37.83022774326673 663.4696684845549
v 2157.3333333333353 31.277505092423127 675.4829931972714
v 2157.3333333333353 33.75334523917445 683.9420289855091
v 2394.1863354037305 37.83022774326674 663.469668445455
v 2394.1863354037314 43.2132505175977 666.5988694059026
v 2394.1863354037305 33.753345217846906 683.9420289855096
v 2394.1863354037314 31.277505071095604 675.482993197272
v 2157.333333333335 31.277505151309015 675.4829931972781
v 2157.333333333335 27.06418219461193 675.4829931972781
v 2157.333333333335 27.06418219461193 683.9420289855061
v 2157.333333333335 33.75334531367727 683.9420289855061
v 2394.1863354037305 33.75334523346393 683.9420289855061
v 2394.1863354037314 27.06418219461196 683.9420289855061
v 2394.1863354037314 27.06418219461196 675.4829931972781
v 2394.1863354037314 31.277505071095696 675.4829931972781
v 2221.9296066252646 43.21325051759413 898.0688487410589
v 2221.9296066252646 37.83022774327037 894.9396477806149
v 2221.9296066252646 31.27750509241683 906.9529724933479
v 2221.9296066252646 33.753345239167956 915.4120082815751
v 2388.803312629403 37.830227743270356 894.9396477415153
v 2388.8033126294044 43.21325051759447 898.0688487019595
v 2388.803312629403 33.75334521784094 915.4120082815758
v 2388.8033126294044 31.27750507108966 906.952972493348
v 2221.9296066252646 37.83022774326673 876.6711183041189
v 2221.9296066252646 37.83022774326673 894.9396477414339
v 2221.9296066252646 43.21325051759495 898.0688487410727
v 2221.9296066252646 43.21325051759495 873.5419173044837
v 2388.803312629403 43.21325051759494 898.0688487410727
v 2388.8033126294044 37.83022774326673 894.9396477414339
v 2388.8033126294044 37.83022774326673 876.6711183041189
v 2388.803312629403 43.21325051759494 873.5419173044837
v 2221.9296066252646 33.7533452685675 856.1987577639738
v 2221.9296066252646 31.277505078229296 864.6577935522073
v 2221.9296066252646 37.83022774327024 876.6711183178579
v 2221.9296066252646 43.21325051759707 873.5419173044933
v 2388.803312629403 43.21325051759691 873.5419173175632
v 2388.8033126294044 37.830227743270044 876.6711183309278
v 2388.803312629403 31.27750507110007 864.6577935522073
v 2388.8033126294044 33.753345261438284 856.1987577639737
v 2221.9296066252646 33.75334531368571 856.1987577639738
v 2221.9296066252646 27.06418219461193 856.1987577639738
v 2221.9296066252646 27.06418219461193 864.6577935522055
v 2221.9296066252646 31.277505151311388 864.6577935522055
v 2388.803312629403 31.27750507109798 864.6577935522055
v 2388.8033126294044 27.064182194611952 864.6577935522055
v 2388.8033126294044 27.064182194611952 856.1987577639738
v 2388.8033126294044 33.753345233472324 856.1987577639738
v 2221.9296066252646 31.277505151309015 906.9529724933454
v 2221.9296066252646 27.06418219461193 906.9529724933454
v 2221.9296066252646 27.06418219461193 915.4120082815716
v 2221.9296066252646 33.75334531367722 915.4120082815716
v 2388.803312629403 33.753345233463776 915.4120082815716
v 2388.8033126294044 27.064182194611952 915.4120082815716
v 2388.8033126294044 27.064182194611952 906.9529724933454
v 2388.8033126294044 31.27750507109559 906.9529724933454
v 2430.673403597073 43.21325050140513 673.1759834368568
v 2427.544061302683 37.830227743265816 673.1759834368568
v 2427.544061312097 37.83022775945902 866.9648033126286
v 2430.6734036064868 43.21325051759655 866.9648033126286
v 2439.5575273587674 31.277505092421052 866.9648033126286
v 2439.55752735877 31.277505071091763 673.1759834368568
v 2448.016563146998 33.753345239170784 866.9648033126286
v 2448.016563147001 33.75334521784134 673.1759834368568
v 2439.557527358781 27.06418219461193 673.1759834368568
v 2439.557527358781 27.06418219461193 866.9648033126286
v 2439.557527358781 31.27750515131583 866.9648033126286
v 2439.557527358781 31.277505071102908 673.1759834368532
v 2448.016563147001 33.75334523346646 673.1759834368532
v 2448.0165631470004 33.753345313680605 866.9648033126286
v 2448.0165631470004 27.06418219461193 866.9648033126286
v 2448.0165631470004 27.06418219461193 673.1759834368568
v 2388.803312629403 33.75334523347192 673.1759834368568
v 2388.803312629403 27.06418219461193 673.1759834368568
v 2388.803312629403 27.06418219461193 866.9648033126286
v 2388.803312629403 33.75334531368591 866.9648033126286
v 2397.262348417633 31.27750515131184 866.9648033126286
v 2397.262348417633 27.06418219461193 866.9648033126286
v 2397.262348417633 27.06418219461193 673.1759834368568
v 2397.262348417633 31.277505071097064 673.1759834368568
v 2406.146472182987 43.21325051759777 673.1759834368568
v 2388.8033126293994 33.75334526143034 673.1759834368568
v 2388.8033126294013 33.75334526855877 866.9648033126286
v 2406.1464721699163 43.21325051759531 866.9648033126286
v 2397.2623484176256 31.27750507822202 866.9648033126286
v 2397.262348417623 31.27750507109388 673.1759834368568
v 2409.2756731832847 37.83022774326704 866.9648033126286
v 2409.2756731963527 37.83022774327037 673.1759834368568
v 2409.2756731695445 37.83022774326673 673.1759834368568
v 2409.2756731695445 37.83022774326673 866.9648033126286
v 2406.1464721699103 43.21325051759495 866.9648033126286
v 2406.1464721699103 43.21325051759495 673.1759834368532
v 2430.673403606499 43.21325051759495 866.9648033126286
v 2427.5440613026844 37.83022774326673 866.9648033126286
v 2427.5440613026844 37.83022774326673 673.1759834368568
v 2430.673403606499 43.21325051759495 673.1759834368532
v 2378.0372670807483 43.21325051759413 869.0824752251065
v 2378.0372670807483 37.83022774326673 869.0824752251065
v 2378.0372670807483 37.83022774326673 902.5282908204434
v 2378.0372670807483 43.21325051759495 902.5282908204434
v 2403.2636809578507 37.83022774326673 845.4327122153227
v 2403.263680957851 43.21325051759413 845.4327122153212
v 2403.2636809578557 37.83022774326673 926.1780538302294
v 2403.2636809578557 43.21325051759495 926.1780538302294
v 2438.9392175928842 43.21325051759495 926.1780538302294
v 2438.939217592884 37.83022774326673 926.1780538302294
v 2464.1654272272012 37.83022774326673 902.5282908204449
v 2438.9392175928883 37.83022774326673 845.4327122153227
v 2464.1654272272012 37.83022774326673 869.0824752251038
v 2464.1654272272012 43.21325051759437 869.0824752251032
v 2438.939217592888 43.21325051759413 845.4327122153212
v 2464.1654272272012 43.21325051759471 902.5282908204449
v 2448.016563147001 31.277505151309015 906.9529724933454
v 2448.016563147001 27.06418219461193 906.9529724933454
v 2448.016563147001 27.06418219461193 915.4120082815716
v 2448.016563147001 33.75334531367726 915.4120082815716
v 2695.6356107660467 33.753345233463826 915.4120082815716
v 2695.635610766047 27.06418219461196 915.4120082815716
v 2695.635610766047 27.06418219461196 906.9529724933454
v 2695.635610766047 31.2775050710956 906.9529724933454
v 2448.016563147001 43.21325051759777 898.0688487410625
v 2448.016563147001 37.83022774326673 894.9396477806149
v 2448.016563147001 31.27750509241903 906.9529724933467
v 2448.016563147001 33.75334523916999 915.4120082815733
v 2695.6356107660467 37.83022774326673 894.9396477415137
v 2695.635610766047 43.21325051759834 898.0688487019617
v 2695.6356107660467 33.75334521784275 915.4120082815734
v 2695.635610766047 31.277505071091504 906.9529724933459
v 2448.016563147001 33.75334526856568 856.1987577639738
v 2448.016563147001 31.277505078227477 864.6577935522073
v 2448.016563147001 37.83022774326788 876.6711183178514
v 2448.016563147001 43.21325051759473 873.5419173044882
v 2695.6356107660467 43.213250517594574 873.541917317558
v 2695.635610766047 37.83022774326766 876.6711183309213
v 2695.6356107660467 31.277505071098258 864.6577935522073
v 2695.635610766047 33.75334526143646 856.1987577639738
v 2448.016563147001 33.75334531368571 856.1987577639738
v 2448.016563147001 27.06418219461193 856.1987577639738
v 2448.016563147001 27.06418219461193 864.6577935522055
v 2448.016563147001 31.277505151311388 864.6577935522055
v 2647.1884057971038 31.277505071098012 864.6577935522055
v 2647.188405797103 27.064182194611956 864.6577935522055
v 2647.188405797103 27.064182194611956 856.1987577639738
v 2647.188405797103 33.75334523347233 856.1987577639738
v 2448.016563147001 37.83022774326673 876.6711183041261
v 2448.016563147001 37.83022774326673 894.9396477414375
v 2448.016563147001 43.21325051759495 898.0688487410763
v 2448.016563147001 43.21325051759495 873.5419173044838
v 2695.6356107660467 43.21325051759494 898.0688487410763
v 2695.635610766047 37.83022774326673 894.9396477414375
v 2695.635610766047 37.83022774326673 876.671118304126
v 2695.6356107660467 43.21325051759494 873.5419173044838
v 2439.5575273587747 27.06418219461193 904.6459627329241
v 2439.5575273587747 27.06418219461193 1033.8385093167708
v 2439.5575273587747 31.27750515131621 1033.8385093167708
v 2439.5575273587747 31.277505071105328 904.6459627329197
v 2448.016563147001 33.75334523347374 904.6459627329197
v 2448.0165631470004 33.75334531368359 1033.8385093167708
v 2448.0165631470004 27.06418219461193 1033.8385093167708
v 2448.0165631470004 27.06418219461193 904.6459627329241
v 2430.673403597073 43.21325050140149 904.6459627329168
v 2427.544061293277 37.830227727080796 904.6459627329168
v 2427.54406130269 37.830227743272175 1033.8385093167672
v 2430.6734036064868 43.21325051759428 1033.8385093167672
v 2439.5575273587783 31.277505092417414 1033.8385093167672
v 2439.557527358778 31.277505071093227 904.6459627329168
v 2448.0165631470013 33.753345239167366 1033.8385093167672
v 2448.016563147001 33.75334521784316 904.6459627329168
v 2409.275673169548 37.83022774326673 904.6459627329168
v 2409.275673169548 37.83022774326673 1033.838509316769
v 2406.1464721699176 43.21325051759495 1033.838509316769
v 2406.1464721699176 43.21325051759495 904.6459627329197
v 2430.6734036065172 43.21325051759495 1033.838509316769
v 2427.5440613026844 37.83022774326673 1033.838509316769
v 2427.5440613026844 37.83022774326673 904.6459627329168
v 2430.6734036065172 43.21325051759495 904.6459627329197
v 2406.146472182998 43.21325051759413 904.6459627329168
v 2388.803312629403 33.75334526143488 904.6459627329168
v 2388.803312629403 33.753345268566555 1033.8385093167672
v 2406.146472169923 43.213250517594076 1033.8385093167672
v 2397.2623484176256 31.277505078231115 1033.8385093167672
v 2397.2623484176283 31.277505071098723 904.6459627329168
v 2409.2756731832787 37.830227743269035 1033.8385093167672
v 2409.2756731963527 37.83022774326673 904.6459627329168
v 2388.803312629403 33.75334523346464 904.6459627329168
v 2388.803312629403 27.06418219461193 904.6459627329168
v 2388.803312629403 27.06418219461193 1033.838509316769
v 2388.803312629403 33.75334531368492 1033.838509316769
v 2397.262348417633 31.277505151312198 1033.838509316769
v 2397.262348417633 27.06418219461193 1033.838509316769
v 2397.262348417633 27.06418219461193 904.6459627329168
v 2397.262348417633 31.277505071091987 904.6459627329168
v 2378.0372670807483 43.21325051759413 637.612495929041
v 2378.0372670807483 37.83022774326673 637.612495929041
v 2378.0372670807483 37.83022774326673 671.0588400560694
v 2378.0372670807483 43.21325051759495 671.0588400560694
v 2403.2636809578507 37.83022774326673 613.96257973717
v 2403.2636809578503 43.21325051759413 613.9625797371681
v 2403.263680957852 37.83022774326673 694.7080745341627
v 2403.263680957852 43.21325051759495 694.7080745341627
v 2438.9392175928806 43.21325051759495 694.7080745341627
v 2438.9392175928847 37.83022774326673 694.7080745341627
v 2464.1654272272012 37.83022774326673 671.0588400560695
v 2438.9392175928883 37.83022774326673 613.96257973717
v 2464.1654272272012 37.83022774326673 637.6124959290398
v 2464.1654272272012 43.213250517594375 637.6124959290389
v 2438.939217592887 43.21325051759413 613.9625797371681
v 2464.1654272272012 43.213250517594716 671.0588400560662
v 2448.016563147001 33.75334531368571 624.7287784679065
v 2448.016563147001 27.06418219461193 624.7287784679065
v 2448.016563147001 27.06418219461193 633.18781425614
v 2448.016563147001 31.277505151311843 633.18781425614
v 2674.1031636863845 31.277505071098474 633.18781425614
v 2674.1031636863836 27.06418219461196 633.18781425614
v 2674.1031636863836 27.06418219461196 624.7287784679065
v 2674.1031636863836 33.753345233472345 624.7287784679065
v 2448.016563147001 33.753345268560224 624.7287784679065
v 2448.016563147001 31.27750507822384 633.1878142561327
v 2448.016563147001 37.83022774326836 645.2011390217934
v 2448.016563147001 43.21325051759533 642.0719380084298
v 2674.1031636863845 43.21325051759526 642.0719380214998
v 2674.1031636863836 37.83022774326832 645.2011390348634
v 2674.1031636863845 31.277505071094698 633.1878142561328
v 2674.1031636863836 33.75334526143108 624.7287784679066
v 2448.016563147001 37.83022774326673 645.2011390080515
v 2448.016563147001 37.83022774326673 663.4696684453666
v 2448.016563147001 43.21325051759495 666.5988694450028
v 2448.016563147001 43.21325051759495 642.0719380084174
v 2674.1031636863845 43.21325051759494 666.5988694450028
v 2674.1031636863836 37.83022774326673 663.4696684453666
v 2674.1031636863836 37.83022774326673 645.2011390080515
v 2674.1031636863845 43.21325051759494 642.0719380084174
v 2448.016563147001 43.21325051759413 666.5988694449952
v 2448.016563147001 37.83022774327037 663.4696684845512
v 2448.016563147001 31.277505092425496 675.4829931972672
v 2448.016563147001 33.75334523917658 683.9420289855074
v 2674.1031636863845 37.83022774327034 663.4696684454507
v 2674.1031636863836 43.2132505175945 666.5988694058949
v 2674.1031636863845 33.75334521784926 683.9420289855078
v 2674.1031636863836 31.277505071098005 675.4829931972671
v 2448.016563147001 31.277505151309015 675.4829931972781
v 2448.016563147001 27.06418219461193 675.4829931972781
v 2448.016563147001 27.06418219461193 683.9420289855061
v 2448.016563147001 33.75334531367729 683.9420289855061
v 2674.1031636863845 33.75334523346382 683.9420289855061
v 2674.1031636863836 27.06418219461196 683.9420289855061
v 2674.1031636863836 27.06418219461196 675.4829931972781
v 2674.1031636863836 31.277505071095575 675.4829931972781
v 2674.1031636863845 33.75334531368571 624.7287784679065
v 2674.1031636863845 27.06418219461193 624.7287784679065
v 2674.1031636863845 27.06418219461193 633.18781425614
v 2674.1031636863845 31.27750515131135 633.18781425614
v 2959.403726708075 31.277505071097945 633.18781425614
v 2959.4037267080757 27.064182194611966 633.18781425614
v 2959.4037267080757 27.064182194611966 624.7287784679065
v 2959.4037267080757 33.75334523347229 624.7287784679065
v 2674.1031636863845 33.75334526856386 624.7287784679065
v 2674.1031636863845 31.277505078229296 633.18781425614
v 2674.1031636863845 37.83022774326798 645.2011390217818
v 2674.1031636863845 43.21325051759481 642.0719380084187
v 3013.233954451349 43.21325051759488 642.0719380214888
v 3013.2339544513484 37.83022774326801 645.2011390348521
v 3013.233954451349 31.277505071100148 633.1878142561401
v 3013.2339544513484 33.75334526143471 624.7287784679066
v 2674.1031636863845 37.83022774326673 645.2011390080515
v 2674.1031636863845 37.83022774326673 663.4696684453702
v 2674.1031636863845 43.21325051759495 666.5988694450073
v 2674.1031636863845 43.21325051759495 642.0719380084174
v 3013.233954451349 43.21325051759494 666.5988694450073
v 3013.2339544513484 37.83022774326673 663.4696684453702
v 3013.2339544513484 37.83022774326673 645.2011390080518
v 3013.233954451349 43.21325051759494 642.0719380084176
v 2674.1031636863845 43.21325051759777 666.5988694449989
v 2674.1031636863845 37.83022774326673 663.4696684845512
v 2674.1031636863845 31.27750509241772 675.4829931972813
v 2674.1031636863845 33.75334523916891 683.94202898551
v 3013.233954451349 37.830227743266974 663.469668445451
v 3013.2339544513484 43.213250517597736 666.5988694058984
v 3013.233954451349 33.75334521784148 683.9420289855099
v 3013.2339544513484 31.27750507109041 675.4829931972815
v 2674.1031636863845 31.277505151309015 675.4829931972781
v 2674.1031636863845 27.06418219461193 675.4829931972781
v 2674.1031636863845 27.06418219461193 683.9420289855061
v 2674.1031636863845 33.75334531367736 683.9420289855061
v 3013.233954451349 33.75334523346391 683.9420289855061
v 3013.2339544513484 27.064182194611973 683.9420289855061
v 3013.2339544513484 27.064182194611973 675.4829931972781
v 3013.2339544513484 31.27750507109559 675.4829931972781
v 2954.0207039337474 33.75334523346828 404.0248447205013
v 2954.0207039337474 27.06418219461193 404.0248447205013
v 2954.0207039337474 27.06418219461193 630.1118012422357
v 2954.0207039337474 33.753345313685074 630.1118012422357
v 2962.479271309694 31.277505151311825 630.1118012422357
v 2962.479271309694 27.06418219461193 630.1118012422357
v 2962.479271309694 27.06418219461193 404.0248447205013
v 2962.479271309694 31.277505071094232 404.0248447205013
v 2971.363587791355 43.21325051759595 404.024844720494
v 2954.020703933745 33.75334526143296 404.024844720494
v 2954.0207039422494 33.753345266071705 630.1118012422376
v 2971.36358779136 43.213250517596634 630.1118012422376
v 2962.479271309694 31.27750507822202 630.1118012422376
v 2962.4792713096926 31.277505071095362 404.024844720494
v 2974.4930644876313 37.83022774326632 630.1118012422376
v 2974.49306449078 37.83022773785524 404.024844720494
v 2974.4930644738924 37.83022774326673 404.0248447205013
v 2974.4930644738924 37.83022774326673 630.1118012422357
v 2971.3635877913653 43.21325051759495 630.1118012422357
v 2971.3635877913653 43.21325051759495 404.02484472049736
v 2995.8907949108507 43.21325051759495 630.1118012422357
v 2992.7614426949835 37.83022774326673 630.1118012422357
v 2992.7614426949835 37.83022774326673 404.0248447205013
v 2995.8907949108507 43.21325051759495 404.02484472049736
v 2995.890794901421 43.21325050140149 404.024844720494
v 2992.76144268557 37.83022772707514 404.024844720494
v 2992.761442694983 37.83022774326719 630.1118012422376
v 2995.890794910833 43.21325051759516 630.1118012422376
v 3004.774647887327 31.277505092417414 630.1118012422376
v 3004.7746478873228 31.27750507109325 404.024844720494
v 3013.233954451353 33.75334523916553 630.1118012422376
v 3013.2339544513525 33.75334521784316 404.024844720494
v 3004.774647887323 27.06418219461193 404.0248447205013
v 3004.774647887323 27.06418219461193 630.1118012422339
v 3004.774647887323 31.277505151316312 630.1118012422339
v 3004.774647887323 31.27750507110354 404.0248447204974
v 3013.233954451349 33.7533452334701 404.0248447204974
v 3013.2339544513484 33.75334531368211 630.1118012422339
v 3013.2339544513484 27.06418219461193 630.1118012422339
v 3013.2339544513484 27.06418219461193 404.0248447205013
v 2948.6376811594237 27.06418219461193 619.3457556935828
v 2948.6376811594237 27.06418219461193 624.7287784679083
v 2948.6376811594237 32.44720496894128 624.7287784679083
v 2948.6376811594237 32.44720496894128 619.3457556935821
v 2954.0207039337474 32.44720496894128 624.7287784679083
v 2954.020703933749 27.06418219461193 624.7287784679083
v 2954.020703933749 27.06418219461193 619.3457556935828
v 2954.0207039337474 32.44720496894128 619.3457556935821
v 3007.8509316770214 32.44720496894297 635.4948240165613
v 3007.8509316770214 32.44720496894297 667.7929606625257
v 3007.8509316770214 37.83022774326805 667.7929606625257
v 3007.8509316770214 37.83022774326805 635.4948240165636
v 3013.233954451349 37.83022774326805 667.7929606625257
v 3013.2339544513484 32.44720496894297 667.7929606625257
v 3013.2339544513484 32.44720496894297 635.4948240165613
v 3013.233954451349 37.83022774326805 635.4948240165636
v 2388.803312629403 33.75334523346828 398.64182194617024
v 2388.803312629403 27.06418219461193 398.64182194617024
v 2388.803312629403 27.06418219461193 635.4948240165631
v 2388.803312629403 33.753345313684584 635.4948240165631
v 2397.262348417633 31.27750515131174 635.4948240165631
v 2397.262348417633 27.06418219461193 635.4948240165631
v 2397.262348417633 27.06418219461193 398.64182194617024
v 2397.262348417633 31.277505071094623 398.64182194617024
v 2406.146472182987 43.213250517590495 398.64182194617024
v 2388.803312629407 33.753345261431264 398.64182194617024
v 2388.8033126294085 33.753345268560786 635.4948240165613
v 2406.14647216992 43.21325051759392 635.4948240165613
v 2397.2623484176293 31.27750507822384 635.4948240165613
v 2397.2623484176256 31.27750507109527 398.64182194617024
v 2409.275673183285 37.83022774326688 635.4948240165613
v 2409.2756731963564 37.83022774327037 398.64182194617024
v 2409.2756731695445 37.83022774326673 398.64182194617024
v 2409.2756731695445 37.83022774326673 635.4948240165631
v 2406.1464721699103 43.21325051759495 635.4948240165631
v 2406.1464721699103 43.21325051759495 398.6418219461702
v 2430.6734036065027 43.21325051759495 635.4948240165631
v 2427.5440613026844 37.83022774326673 635.4948240165631
v 2427.5440613026803 37.83022774326673 398.64182194617024
v 2430.673403606499 43.21325051759495 398.6418219461702
v 2430.673403597073 43.21325050140149 398.64182194617024
v 2427.544061302684 37.83022774326988 398.64182194617024
v 2427.5440613120973 37.8302277594625 635.4948240165613
v 2430.6734036064886 43.21325051759714 635.4948240165613
v 2439.557527358771 31.27750509242469 635.4948240165613
v 2439.5575273587756 31.277505071093387 398.64182194617024
v 2448.0165631469977 33.75334523917296 635.4948240165613
v 2448.016563146997 33.75334521784134 398.64182194617024
v 2439.5575273587747 27.06418219461193 398.64182194617024
v 2439.5575273587747 27.06418219461193 635.494824016565
v 2439.5575273587747 31.277505151317975 635.494824016565
v 2439.5575273587747 31.27750507110513 398.6418219461702
v 2448.016563147001 33.7533452334701 398.6418219461702
v 2448.0165631470004 33.75334531368348 635.494824016565
v 2448.0165631470004 27.06418219461193 635.494824016565
v 2448.0165631470004 27.06418219461193 398.64182194617024
v 2448.016563147001 27.06418219461193 619.3457556935828
v 2448.016563147001 27.06418219461193 624.7287784679083
v 2448.016563147001 32.44720496894128 624.7287784679083
v 2448.016563147001 32.44720496894128 619.3457556935828
v 2453.399585921332 32.44720496894128 624.7287784679083
v 2453.3995859213283 27.06418219461193 624.7287784679083
v 2448.016563147001 32.44720496894214 689.3250517598353
v 2448.016563147001 32.44720496894214 683.9420289855079
v 2448.016563147001 27.06418219461379 683.9420289855043
v 2448.016563147001 27.06418219461379 689.325051759834
v 2453.399585921333 27.06418219461379 683.9420289855043
v 2453.399585921332 32.44720496894214 683.9420289855079
v 2388.803312629403 32.44720496894217 689.3250517598317
v 2383.4202898550757 32.44720496894217 683.9420289855079
v 2383.420289855072 27.06418219461384 683.9420289855043
v 2388.8033126294044 27.06418219461384 689.3250517598328
v 2388.8033126294044 27.06418219461384 683.9420289855043
v 2388.803312629403 32.44720496894217 683.9420289855079
v 2388.803312629403 27.06418219461193 619.3457556935864
v 2383.4202898550757 27.06418219461193 624.7287784679102
v 2383.4202898550757 32.44720496894128 624.7287784679102
v 2388.8033126294044 32.44720496894128 619.3457556935845
v 2388.803312629403 32.44720496894128 624.7287784679102
v 2388.8033126294044 27.06418219461193 624.7287784679102
v 2448.016563147001 27.06418219461193 850.8157349896501
v 2448.016563147001 27.06418219461193 856.1987577639738
v 2448.016563147001 32.44720496894128 856.1987577639738
v 2448.016563147001 32.44720496894128 850.8157349896492
v 2453.399585921332 32.44720496894128 856.1987577639738
v 2453.399585921328 27.06418219461193 856.1987577639738
v 2448.016563147001 32.447204968942145 920.795031055899
v 2448.016563147001 32.447204968942145 915.4120082815716
v 2448.016563147001 27.0641821946138 915.4120082815716
v 2448.016563147001 27.0641821946138 920.7950310559003
v 2453.3995859213314 27.0641821946138 915.4120082815716
v 2453.399585921332 32.447204968942145 915.4120082815716
v 2388.803312629403 32.44720496894217 920.7950310558954
v 2383.4202898550757 32.44720496894217 915.4120082815716
v 2383.420289855072 27.064182194613842 915.4120082815716
v 2388.8033126294044 27.064182194613842 920.7950310559008
v 2388.8033126294044 27.064182194613842 915.4120082815716
v 2388.803312629403 32.44720496894217 915.4120082815716
v 2388.8033126294067 27.06418219461193 850.8157349896501
v 2383.4202898550775 27.06418219461193 856.198757763972
v 2383.4202898550775 32.44720496894128 856.198757763972
v 2388.8033126294044 32.44720496894128 850.8157349896485
v 2388.8033126294067 32.44720496894128 856.198757763972
v 2388.8033126294044 27.06418219461193 856.198757763972
v 2692.5595977521443 27.06418219461193 678.5590062111805
v 2692.5595977521443 27.06418219461193 861.5817805383012
v 2692.5595977521443 31.277505151319144 861.5817805383012
v 2692.5595977521443 31.277505071106223 678.5590062111805
v 2701.018633540378 33.75334523347192 678.5590062111805
v 2701.018633540377 33.75334531368504 861.5817805383012
v 2701.018633540377 27.06418219461193 861.5817805383012
v 2701.018633540377 27.06418219461193 678.5590062111805
v 2683.6754739607604 43.21325051759413 678.5590062111805
v 2680.5462730003155 37.830227743263315 678.5590062111805
v 2680.5462730394183 37.83022774326338 861.5817805383049
v 2683.6754739998632 43.21325051759421 861.5817805383049
v 2692.5595977521407 31.277505092419233 861.5817805383049
v 2692.5595977521393 31.27750507109133 678.5590062111805
v 2701.0186335403782 33.75334523916932 861.5817805383049
v 2701.018633540378 33.75334521784134 678.5590062111805
v 2659.1480526440864 43.21325051218446 678.5590062111805
v 2641.805383022773 33.75334526143164 678.5590062111805
v 2641.805383022774 33.7533452685604 861.5817805383049
v 2659.1480526409414 43.2132505175953 861.5817805383049
v 2650.264418810999 31.27750507822384 861.5817805383049
v 2650.2644188109984 31.277505071095295 678.5590062111805
v 2662.2777435766584 37.83022774326895 861.5817805383049
v 2662.277743579809 37.83022773785706 678.5590062111805
v 2641.8053830227736 33.75334523346828 678.5590062111805
v 2641.8053830227736 27.06418219461193 678.5590062111805
v 2641.8053830227736 27.06418219461193 861.5817805383031
v 2641.8053830227736 33.75334531368535 861.5817805383031
v 2650.264418811007 31.27750515131175 861.5817805383031
v 2650.264418811007 27.06418219461193 861.5817805383031
v 2650.264418811007 27.06418219461193 678.5590062111805
v 2650.264418811007 31.277505071094495 678.5590062111805
v 2662.2777435629177 37.83022774326673 678.5590062111805
v 2662.2777435629177 37.83022774326673 861.5817805383031
v 2659.1480526409428 43.21325051759495 861.5817805383031
v 2659.1480526409428 43.21325051759495 678.5590062111805
v 2683.6754739998723 43.21325051759495 861.5817805383031
v 2680.5462730002364 37.83022774326673 861.5817805383031
v 2680.546273000235 37.83022774326673 678.5590062111805
v 2683.6754739998723 43.21325051759495 678.5590062111805
v 2964.786749482403 37.83022774326673 630.1118012422303
v 2964.786749482403 37.83022774326673 635.4948240165631
v 2964.786749482403 43.21325051759495 635.4948240165631
v 2964.786749482403 43.21325051759495 630.1118012422352
v 3007.8509316770214 43.21325051759495 635.4948240165631
v 3007.850931677021 37.83022774326673 635.4948240165631
v 3007.850931677021 37.83022774326673 630.1118012422303
v 3007.8509316770214 43.21325051759495 630.1118012422352
v 2652.5714285714275 37.83022774326673 673.1759834368568
v 2652.5714285714275 37.83022774326673 678.5590062111805
v 2652.5714285714275 43.21325051759495 678.5590062111805
v 2652.5714285714275 43.21325051759495 673.1759834368532
v 2690.252587991723 43.21325051759495 678.5590062111805
v 2690.252587991721 37.83022774326673 678.5590062111805
v 2690.252587991721 37.83022774326673 673.1759834368568
v 2690.252587991723 43.21325051759495 673.1759834368532
v 2695.6356107660467 31.277505071098858 678.5590062111805
v 2695.6356107660467 31.277505071098858 915.4120082815716
v 2695.6356107660467 43.21325051759495 915.4120082815716
v 2695.6356107660467 43.21325051759495 678.5590062111805
v 3013.233954451349 43.21325051759494 915.4120082815716
v 3013.2339544513484 31.27750507109882 915.4120082815716
v 3013.2339544513484 31.27750507109882 678.5590062111805
v 3013.233954451349 43.21325051759494 678.5590062111805
v 2442.633540372676 31.277505151309015 395.5658089322751
v 2442.633540372676 27.06418219461193 395.5658089322751
v 2442.633540372676 27.06418219461193 404.0248447204958
v 2442.633540372676 33.7533453136773 404.0248447204958
v 2695.6356107660467 33.753345233463854 404.0248447204958
v 2695.635610766047 27.064182194611963 404.0248447204958
v 2695.635610766047 27.064182194611963 395.5658089322751
v 2695.635610766047 31.2775050710956 395.5658089322751
v 2442.6335403726766 43.21325051759777 386.6816851799849
v 2442.6335403726766 37.83022774326673 383.5524842195373
v 2442.6335403726766 31.277505092419617 395.5658089322697
v 2442.6335403726766 33.75334523917083 404.0248447204966
v 2695.6356107660467 37.830227743266754 383.5524841804372
v 2695.635610766047 43.213250517597785 386.68168514088484
v 2695.6356107660467 33.75334521784356 404.02484472049656
v 2695.635610766047 31.27750507109235 395.56580893226965
v 2442.6335403726766 37.83022774326673 365.28395474304125
v 2442.6335403726766 37.83022774326673 383.55248418036354
v 2442.6335403726766 43.21325051759495 386.68168518000334
v 2442.6335403726766 43.21325051759495 362.1547537434109
v 2695.6356107660467 43.21325051759494 386.68168518000334
v 2695.635610766047 37.83022774326673 383.55248418036354
v 2695.635610766047 37.83022774326673 365.28395474304125
v 2695.6356107660467 43.21325051759494 362.15475374341094
v 2442.6335403726757 33.753345268560224 344.81159420289623
v 2442.6335403726757 31.27750507822384 353.2706299911224
v 2442.6335403726757 37.83022774326793 365.2839547567795
v 2442.6335403726757 43.21325051759485 362.15475374341577
v 2695.6356107660467 43.21325051759479 362.15475375648583
v 2695.635610766047 37.830227743267805 365.28395476984963
v 2695.6356107660467 31.277505071094648 353.2706299911225
v 2695.635610766047 33.75334526143106 344.81159420289623
v 2442.633540372676 33.753345313682075 344.8115942029035
v 2442.633540372676 27.06418219461193 344.8115942029035
v 2442.633540372676 27.06418219461193 353.27062999112786
v 2442.633540372676 31.27750515131167 353.27062999112786
v 2647.1884057971038 31.27750507109827 353.27062999112786
v 2647.188405797103 27.064182194611956 353.27062999112786
v 2647.188405797103 27.064182194611956 344.81159420290345
v 2647.188405797103 33.753345233468735 344.81159420290345
v 2378.0372670807483 43.21325051759413 357.6953116640343
v 2378.0372670807483 37.83022774326673 357.6953116640343
v 2378.0372670807483 37.83022774326673 391.14112725937247
v 2378.0372670807483 43.21325051759495 391.14112725937247
v 2403.2636809578507 37.83022774326673 334.04523606582006
v 2403.263680957851 43.21325051759413 334.0452360658179
v 2403.263680957854 37.83022774326673 414.79089026915176
v 2403.263680957854 43.21325051759495 414.79089026915176
v 2438.9392175928842 43.21325051759495 414.79089026915176
v 2438.9392175928842 37.83022774326673 414.79089026915176
v 2464.1654272272012 37.83022774326673 391.1411272593731
v 2438.9392175928892 37.83022774326673 334.04523606582006
v 2464.1654272272012 37.83022774326673 357.6953116640314
v 2464.1654272272012 43.213250517594375 357.69531166403107
v 2438.939217592887 43.21325051759413 334.0452360658179
v 2464.1654272272012 43.213250517594716 391.1411272593738
v 2243.461697722574 31.277505151309015 395.5658089322751
v 2243.461697722574 27.06418219461193 395.5658089322751
v 2243.461697722574 27.06418219461193 404.0248447204958
v 2243.461697722574 33.75334531367693 404.0248447204958
v 2388.803312629403 33.753345233463484 404.0248447204958
v 2388.8033126294044 27.06418219461195 404.0248447204958
v 2388.8033126294044 27.06418219461195 395.5658089322751
v 2388.8033126294044 31.27750507109557 395.5658089322751
v 2243.461697722574 43.21325051759413 386.68168517997765
v 2243.461697722574 37.83022774327037 383.55248421953365
v 2243.461697722574 31.27750509241743 395.5658089322795
v 2243.461697722574 33.75334523916792 404.02484472049986
v 2388.803312629403 37.83022774327027 383.5524841804339
v 2388.8033126294044 43.21325051759413 386.68168514087796
v 2388.803312629403 33.75334521784072 404.0248447205
v 2388.8033126294044 31.277505071090186 395.56580893227954
v 2243.461697722574 37.83022774326673 365.28395474304125
v 2243.461697722574 37.83022774326673 383.55248418036354
v 2243.461697722574 43.21325051759495 386.6816851800027
v 2243.461697722574 43.21325051759495 362.1547537434121
v 2388.803312629403 43.21325051759494 386.6816851800027
v 2388.8033126294044 37.83022774326673 383.55248418036354
v 2388.8033126294044 37.83022774326673 365.28395474304125
v 2388.803312629403 43.21325051759494 362.1547537434121
v 2243.461697722574 33.75334526856932 344.8115942029035
v 2243.461697722574 31.277505078227477 353.27062999113696
v 2243.461697722574 37.830227743267535 365.28395475678604
v 2243.461697722574 43.2132505175943 362.15475374341736
v 2388.803312629403 43.213250517594155 362.1547537564872
v 2388.8033126294044 37.83022774326739 365.28395476985594
v 2388.803312629403 31.277505071098314 353.27062999113696
v 2388.8033126294044 33.75334526144015 344.8115942029035
v 2243.461697722574 33.753345313682075 344.8115942029035
v 2243.461697722574 27.06418219461193 344.8115942029035
v 2243.461697722574 27.06418219461193 353.27062999112786
v 2243.461697722574 31.277505151311775 353.27062999112786
v 2394.1863354037305 31.277505071098396 353.27062999112786
v 2394.1863354037314 27.06418219461195 353.27062999112786
v 2394.1863354037314 27.06418219461195 344.8115942029035
v 2394.1863354037314 33.75334523346872 344.8115942029035
v 2439.5575273587747 27.06418219461918 231.76811594203173
v 2439.5575273587747 27.064182194619207 355.57763975155467
v 2439.5575273587747 31.27750515132234 355.57763975155467
v 2439.5575273587747 31.277505071111683 231.76811594202948
v 2448.016563147001 33.753345233479195 231.76811594202948
v 2448.0165631470004 33.75334531369003 355.57763975155467
v 2448.0165631470004 27.064182194619207 355.57763975155467
v 2448.0165631470004 27.06418219461918 231.76811594203173
v 2430.6734035970694 43.213250501408766 231.76811594203173
v 2427.5440613026826 37.83022774326704 231.76811594203173
v 2427.544061312095 37.8302277594576 355.57763975155103
v 2430.67340360648 43.21325051759661 355.57763975155103
v 2439.5575273587674 31.277505092417414 355.57763975155103
v 2439.557527358767 31.277505071090708 231.76811594203173
v 2448.0165631469977 33.75334523916957 355.57763975155103
v 2448.016563147001 33.75334521784498 231.76811594203173
v 2409.275673169541 37.83022774326673 231.76811594202445
v 2409.275673169541 37.83022774326673 355.57763975155285
v 2406.1464721699103 43.21325051759495 355.57763975155285
v 2406.1464721699103 43.21325051759495 231.7681159420295
v 2430.6734036065172 43.21325051759495 355.57763975155285
v 2427.5440613026844 37.83022774326673 355.57763975155285
v 2427.5440613026844 37.83022774326673 231.76811594202445
v 2430.6734036065172 43.21325051759495 231.7681159420295
v 2406.146472182998 43.21325051759777 231.76811594203173
v 2388.803312629403 33.75334526143684 231.76811594203173
v 2388.803312629403 33.75334526856898 355.57763975155103
v 2406.1464721699226 43.21325051759513 355.57763975155103
v 2397.2623484176365 31.277505078234753 355.57763975155103
v 2397.2623484176356 31.277505071101476 231.76811594203173
v 2409.275673183279 37.83022774326844 355.57763975155103
v 2409.2756731963527 37.83022774326673 231.76811594203173
v 2388.803312629403 33.75334523346828 231.76811594202445
v 2388.803312629403 27.06418219461193 231.76811594202445
v 2388.803312629403 27.06418219461193 355.57763975155285
v 2388.803312629403 33.753345313685045 355.57763975155285
v 2397.262348417633 31.277505151311736 355.57763975155285
v 2397.262348417633 27.06418219461193 355.57763975155285
v 2397.262348417633 27.06418219461193 231.76811594202445
v 2397.262348417633 31.27750507109418 231.76811594202445
v 2448.016563147001 27.06418219461193 339.42857142857247
v 2448.016563147001 27.06418219461193 344.81159420289805
v 2448.016563147001 32.44720496894128 344.81159420289805
v 2448.016563147001 32.44720496894128 339.4285714285727
v 2453.399585921332 32.44720496894128 344.81159420289805
v 2453.3995859213283 27.06418219461193 344.81159420289805
v 2448.016563147001 32.44720496894213 409.40786749482504
v 2448.016563147001 32.44720496894213 404.02484472049764
v 2448.016563147001 27.06418219461377 404.024844720494
v 2448.016563147001 27.06418219461377 409.4078674948238
v 2453.399585921333 27.06418219461377 404.024844720494
v 2453.399585921332 32.44720496894213 404.02484472049764
v 2388.803312629403 32.44720496894216 409.4078674948214
v 2383.4202898550757 32.44720496894216 404.02484472049764
v 2383.420289855072 27.064182194613828 404.024844720494
v 2388.8033126294044 27.064182194613828 409.4078674948229
v 2388.8033126294044 27.064182194613828 404.024844720494
v 2388.803312629403 32.44720496894216 404.02484472049764
v 2388.803312629403 27.06418219461193 339.42857142857247
v 2383.420289855072 27.06418219461193 344.81159420289805
v 2383.420289855072 32.44720496894128 344.81159420289805
v 2388.8033126294044 32.44720496894128 339.42857142856906
v 2388.803312629403 32.44720496894128 344.81159420289805
v 2388.8033126294044 27.06418219461193 344.81159420289805
v 2641.8053830227736 33.75334523346828 231.76811594202445
v 2641.8053830227736 27.06418219461193 231.76811594202445
v 2641.8053830227736 27.06418219461193 344.81159420289805
v 2641.8053830227736 33.75334531368537 344.81159420289805
v 2650.264418811007 31.277505151311665 344.81159420289805
v 2650.264418811007 27.06418219461193 344.81159420289805
v 2650.264418811007 27.06418219461193 231.76811594202445
v 2650.264418811007 31.277505071093906 231.76811594202445
v 2659.14805264409 43.21325051218082 231.76811594203173
v 2641.8053830227745 33.75334526143684 231.76811594203173
v 2641.8053830227745 33.75334526856898 355.57763975155103
v 2659.1480526310143 43.213250512180245 355.57763975155103
v 2650.264418811006 31.277505078234753 355.57763975155103
v 2650.264418811007 31.277505071101437 231.76811594203173
v 2662.2777435766516 37.83022774326959 355.57763975155103
v 2662.277743589726 37.83022774327037 231.76811594203173
v 2662.277743562914 37.83022774326673 231.76811594202445
v 2662.277743562914 37.83022774326673 355.57763975155285
v 2659.1480526409423 43.21325051759495 355.57763975155285
v 2659.1480526409423 43.21325051759495 231.7681159420295
v 2683.6754739998905 43.21325051759495 355.57763975155285
v 2680.546273000237 37.83022774326673 355.57763975155285
v 2680.546273000237 37.83022774326673 231.76811594202445
v 2683.6754739998905 43.21325051759495 231.7681159420295
v 2683.6754739607604 43.21325051759413 231.76811594203173
v 2680.546273000323 37.8302277432662 231.76811594203173
v 2680.5462730394183 37.83022774326494 355.57763975155103
v 2683.6754739998564 43.21325051759643 355.57763975155103
v 2692.559597752137 31.277505092415595 355.57763975155103
v 2692.5595977521407 31.277505071091227 231.76811594203173
v 2701.0186335403755 33.753345239168965 355.57763975155103
v 2701.018633540378 33.75334521784316 231.76811594203173
v 2692.5595977521443 27.06418219461193 231.76811594203173
v 2692.5595977521443 27.06418219461193 339.42857142857247
v 2692.5595977521443 31.277505151318014 339.42857142857247
v 2692.5595977521443 31.27750507110703 231.76811594202948
v 2701.018633540378 33.75334523347374 231.76811594202948
v 2701.018633540377 33.75334531368585 339.42857142857247
v 2701.018633540377 27.06418219461193 339.42857142857247
v 2701.018633540377 27.06418219461193 231.76811594203173
v 2695.6356107660467 43.21325051759454 386.68168517998856
v 2695.6356107660467 43.21325051759454 362.15475374340895
v 2695.6356107660467 37.83022774326673 365.28395474304125
v 2695.6356107660467 37.83022774326673 383.5524841803601
v 3013.233954451349 37.83022774326673 383.55248418035984
v 3013.2339544513484 37.83022774326673 365.28395474304125
v 3013.233954451349 43.213250517594545 362.15475374340895
v 3013.2339544513484 43.213250517594545 386.6816851799883
v 2695.6356107660467 43.21325051759413 386.6816851799922
v 2695.6356107660467 37.83022774327037 383.5524842195482
v 2695.6356107660467 31.27750509242442 395.56580893226044
v 2695.6356107660467 33.753345239175744 404.02484472049974
v 3013.233954451349 37.83022774327034 383.5524841804486
v 3013.2339544513484 43.21325051759398 386.68168514089245
v 3013.233954451349 33.7533452178484 404.02484472049986
v 3013.2339544513484 31.277505071097146 395.56580893226084
v 2695.6356107660467 31.277505151309015 395.5658089322751
v 2695.6356107660467 27.06418219461193 395.5658089322751
v 2695.6356107660467 27.06418219461193 404.0248447204958
v 2695.6356107660467 33.753345313677336 404.0248447204958
v 2959.403726708075 33.753345233463804 404.0248447204958
v 2959.4037267080757 27.064182194611963 404.0248447204958
v 2959.4037267080757 27.064182194611963 395.5658089322751
v 2959.4037267080757 31.277505071095543 395.5658089322751
v 2695.6356107660467 33.753345313682075 344.8115942029035
v 2695.6356107660467 27.06418219461193 344.8115942029035
v 2695.6356107660467 27.06418219461193 353.27062999112786
v 2695.6356107660467 31.277505151311672 353.27062999112786
v 3013.233954451349 31.277505071098343 353.27062999112786
v 3013.2339544513484 27.06418219461197 353.27062999112786
v 3013.2339544513484 27.06418219461197 344.81159420290345
v 3013.2339544513484 33.753345233468785 344.81159420290345
v 2695.6356107660467 33.75334526856204 344.8115942029035
v 2695.6356107660467 31.27750507822384 353.2706299911297
v 2695.6356107660467 37.83022774326959 365.2839547567833
v 2695.6356107660467 43.21325051759647 362.1547537434201
v 3013.233954451349 43.21325051759664 362.1547537564902
v 3013.2339544513484 37.830227743269674 365.28395476985344
v 3013.233954451349 31.277505071094822 353.27062999112974
v 3013.2339544513484 33.75334526143304 344.81159420290345
v 2959.4037267080776 37.83022774326673 398.64182194617024
v 2959.4037267080776 37.83022774326673 404.0248447204958
v 2959.4037267080776 43.21325051759495 404.0248447204958
v 2959.4037267080776 43.21325051759495 398.6418219461702
v 3007.8509316770214 43.21325051759495 404.0248447204958
v 3007.850931677021 37.83022774326673 404.0248447204958
v 3007.850931677021 37.83022774326673 398.64182194617024
v 3007.8509316770214 43.21325051759495 398.6418219461702

# texture coordinates
vt -2.9375 -0.03125
vt -3.21875 -0.03125
vt -3.21875 -3.7252903e-09
vt -2.9375 -3.7252903e-09
vt 13.28125 -3.7252903e-09
vt 11.90625 -3.7252903e-09
vt 11.90625 -0.03125
vt 13.28125 -0.03125
vt 13.28125 -3.21875
vt 11.90625 -3.21875
vt 11.90625 -2.9375
vt 13.28125 -2.9375
vt -2.96875 -0.03125
vt -3.1875 -0.03125
vt -3.1875 -3.7252903e-09
vt -2.96875 -3.7252903e-09
vt 13.53125 -3.7252903e-09
vt 13.25 -3.7252903e-09
vt 13.25 -0.03125
vt 13.53125 -0.03125
vt 13.53125 -3.1875
vt 13.25 -3.1875
vt 13.25 -2.96875
vt 13.53125 -2.96875
vt -2.21875 -0.03125
vt -2.21875 -3.7252903e-09
vt 13.5 -3.7252903e-09
vt 13.21875 -3.7252903e-09
vt 13.21875 -0.03125
vt 13.5 -0.03125
vt 13.5 -2.96875
vt 13.21875 -2.96875
vt 13.21875 -2.21875
vt 13.5 -2.21875
vt -3.21875 2.9802322e-08
vt -5.3125 2.9802322e-08
vt -5.3125 -0.031249966
vt -3.21875 -0.031249966
vt 13.5 -0.031249966
vt 13.21875 -0.031249966
vt 13.21875 2.9802322e-08
vt 13.5 2.9802322e-08
vt 13.5 -5.3125
vt 13.21875 -5.3125
vt 13.21875 -3.21875
vt 13.5 -3.21875
vt 1.4687502 -0.03125
vt 2.123512 -0.03125
vt 2.123512 -3.7252903e-09
vt 1.4687502 -3.7252903e-09
vt 13.53125 2.123512
vt 13.25 2.123512
vt 13.25 1.4687502
vt 13.53125 1.4687502
vt -1.3125 -0.03125
vt -1.5937498 -0.03125
vt -1.5937498 -3.7252903e-09
vt -1.3125 -3.7252903e-09
vt 16.5 -3.7252903e-09
vt 12.34375 -3.7252903e-09
vt 12.34375 -0.03125
vt 16.5 -0.03125
vt 16.5 -1.5937498
vt 12.34375 -1.5937498
vt 12.34375 -1.3125
vt 16.5 -1.3125
vt -0.59375 -0.03125
vt -1.28125 -0.03125
vt -1.28125 -3.7252903e-09
vt -0.59375 -3.7252903e-09
vt 13.53125 -1.28125
vt 13.25 -1.28125
vt 13.25 -0.59375
vt 13.53125 -0.59375
vt 15.03125 -3.7252903e-09
vt 14.75 -3.7252903e-09
vt 14.75 -0.03125
vt 15.03125 -0.03125
vt 15.03125 -1.28125
vt 14.75 -1.28125
vt 14.75 -0.59375
vt 15.03125 -0.59375
vt -3.25 -0.03125
vt -4.59375 -0.03125
vt -4.59375 -3.7252903e-09
vt -3.25 -3.7252903e-09
vt 15.03125 -4.59375
vt 14.75 -4.59375
vt 14.75 -3.25
vt 15.03125 -3.25
vt -1.3125002 -0.03125
vt -1.3125002 -3.7252903e-09
vt 16.84375 -3.7252903e-09
vt 16.5625 -3.7252903e-09
vt 16.5625 -0.03125
vt 16.84375 -0.03125
vt 16.84375 -2.9375
vt 16.5625 -2.9375
vt 16.5625 -1.3125002
vt 16.84375 -1.3125002
vt 16.8125 -3.7252903e-09
vt 16.8125 -0.03125
vt 16.8125 -3.21875
vt 13.53125 -3.21875
vt 13.53125 -2.9375
vt 16.8125 -2.9375
vt -4.53125 -0.03125
vt -4.53125 -3.7252903e-09
vt 16.78125 -3.7252903e-09
vt 15 -3.7252903e-09
vt 15 -0.03125
vt 16.78125 -0.03125
vt 16.78125 -4.53125
vt 15 -4.53125
vt 15 -3.1875
vt 16.78125 -3.1875
vt -4.25 -0.03125
vt -4.25 -3.7252903e-09
vt 14.78125 -3.7252903e-09
vt 13.5625 -3.7252903e-09
vt 13.5625 -0.03125
vt 14.78125 -0.03125
vt 14.78125 -4.53125
vt 13.5625 -4.53125
vt 13.5625 -4.25
vt 14.78125 -4.25
vt -4.28125 -0.03125
vt -4.5625 -0.03125
vt -4.5625 -3.7252903e-09
vt -4.28125 -3.7252903e-09
vt 12.25 -3.7252903e-09
vt 12.25 -0.03125
vt 13.25 -4.5625
vt 12.25 -4.5625
vt 12.25 -4.28125
vt 13.25 -4.28125
vt -20.5 2
vt -22 2
vt -22 2.5
vt -20.5 2.5
vt 251.99998 2.5
vt 249.49998 2.5
vt 249.49998 2
vt 251.99998 2
vt 251.99998 -22
vt 249.49998 -22
vt 249.49998 -20.5
vt 251.99998 -20.5
vt 0 -2.8361626
vt 0.031250007 -2.8505402
vt 0.07563054 -2.8124998
vt 0.06407041 -2.7812488
vt -2.843749 -13.15625
vt -2.843749 -11.875
vt -2.875 -11.875
vt -2.875 -13.15625
vt 0.07563052 -13.15625
vt 0.07563052 -11.875
vt 0.031249993 -11.875
vt 0.031249993 -13.15625
vt 0.031250015 -13.15625
vt 0.031250015 -11.875
vt 7.450581e-09 -11.875
vt 7.450581e-09 -13.15625
vt -2.9802322e-08 -13.15625
vt -2.9802322e-08 -11.875
vt 0.06407038 -11.875
vt 0.06407038 -13.15625
vt 7.450581e-09 -2.8361626
vt 7.450581e-09 -2.8749998
vt 0.031250015 -2.8749998
vt 0.031250015 -2.8505402
vt -2.8505402 -13.15625
vt -2.8505402 -11.875
vt -2.8749998 -11.875
vt -2.8749998 -13.15625
vt -2.8361626 -11.875
vt -2.8361626 -13.15625
vt 0.15467963 -2.843749
vt 0.06407038 -2.843749
vt 0.07563051 -2.875
vt 0.14311948 -2.875
vt 0.14311948 -13.15625
vt 0.14311948 -11.875
vt 0.07563051 -11.875
vt 0.07563051 -13.15625
vt 0.15467963 -11.875
vt 0.15467963 -13.15625
vt 0.1546796 -2.7812488
vt 0.14311948 -2.8124998
vt 0.1875 -2.8505402
vt 0.21875003 -2.8361626
vt 0.1875 -13.15625
vt 0.1875 -11.875
vt 0.14311945 -11.875
vt 0.14311945 -13.15625
vt 0.21875001 -13.15625
vt 0.21875001 -11.875
vt 0.1546796 -13.15625
vt 0.1546796 -11.875
vt 0.21875 -11.875
vt 0.21875 -13.15625
vt 0.1875 -2.8749998
vt 0.21875001 -2.8749998
vt 0.21875001 -2.8361626
vt 1.4901161e-08 -2.8361626
vt 0.031250022 -2.8505402
vt 0.07563055 -2.8124998
vt 0.064070426 -2.7812488
vt -2.843749 -16.40625
vt -2.843749 -13.59375
vt -2.875 -13.59375
vt -2.875 -16.40625
vt 0.07563052 -16.40625
vt 0.07563052 -13.59375
vt 0.031249993 -13.59375
vt 0.031249993 -16.40625
vt 0.031250015 -16.40625
vt 0.031250015 -13.59375
vt 7.450581e-09 -13.59375
vt 7.450581e-09 -16.40625
vt -1.4901161e-08 -16.40625
vt -1.4901161e-08 -13.59375
vt 0.064070396 -13.59375
vt 0.064070396 -16.40625
vt -2.8505402 -16.40625
vt -2.8505402 -13.59375
vt -2.8749998 -13.59375
vt -2.8749998 -16.40625
vt -2.8361626 -13.59375
vt -2.8361626 -16.40625
vt 0.1546796 -2.843749
vt 0.06407037 -2.843749
vt 0.07563049 -2.875
vt 0.14311948 -16.40625
vt 0.14311948 -13.59375
vt 0.07563049 -13.59375
vt 0.07563049 -16.40625
vt 0.06407037 -16.40625
vt 0.06407037 -13.59375
vt 0.1546796 -13.59375
vt 0.1546796 -16.40625
vt 0.14311945 -2.8124998
vt 0.21875 -2.8361626
vt 0.21875 -16.40625
vt 0.21875 -13.59375
vt 0.18749999 -13.59375
vt 0.18749999 -16.40625
vt 0.1875 -16.40625
vt 0.1875 -13.59375
vt 0.14311945 -13.59375
vt 0.14311945 -16.40625
vt 0.15467957 -16.40625
vt 0.15467957 -13.59375
vt 0.18749999 -2.8505402
vt 0.18749999 -2.8749998
vt 0.21875 -2.8749998
vt -0.1875 1.6638324
vt -0.15625 1.6494594
vt -0.11186946 1.6874998
vt -0.12342959 1.7187498
vt 1.71875 -16.40625
vt 1.71875 -13.59375
vt 1.6875 -13.59375
vt 1.6875 -16.40625
vt -0.15625 -16.40625
vt -0.15625 -13.59375
vt -0.18750001 -13.59375
vt -0.18750001 -16.40625
vt -0.11186946 -16.40625
vt -0.11186946 -13.59375
vt -0.1875 -16.40625
vt -0.1875 -13.59375
vt -0.123429574 -13.59375
vt -0.123429574 -16.40625
vt -0.1875 1.6638329
vt -0.1875 1.6250002
vt -0.15624999 1.6250002
vt -0.15624999 1.6494598
vt 1.6494595 -16.40625
vt 1.6494595 -13.59375
vt 1.6249999 -13.59375
vt 1.6249999 -16.40625
vt 1.625 -16.40625
vt 1.625 -13.59375
vt 1.6638327 -13.59375
vt 1.6638327 -16.40625
vt -0.03282037 1.71875
vt -0.12342961 1.71875
vt -0.111869484 1.6875
vt -0.0443805 1.6875
vt -0.123429626 -16.40625
vt -0.123429626 -13.59375
vt -0.032820385 -13.59375
vt -0.032820385 -16.40625
vt -0.044380516 -16.40625
vt -0.044380516 -13.59375
vt -0.1118695 -13.59375
vt -0.1118695 -16.40625
vt -0.03282039 1.7187498
vt -0.04438052 1.6874998
vt 1.1175871e-08 1.6494594
vt 0.03125002 1.6638324
vt 0.031249985 -16.40625
vt 0.031249985 -13.59375
vt -2.2351742e-08 -13.59375
vt -2.2351742e-08 -16.40625
vt -1.1175871e-08 -16.40625
vt -1.1175871e-08 -13.59375
vt -0.044380542 -13.59375
vt -0.044380542 -16.40625
vt -0.03282043 -16.40625
vt -0.03282043 -13.59375
vt 0.031249978 -13.59375
vt 0.031249978 -16.40625
vt 7.450581e-09 1.6494594
vt -0.044380523 1.6874998
vt -0.032820392 1.7187498
vt 0.031250015 1.6638324
vt -7.450581e-09 1.6494598
vt -7.450581e-09 1.6250002
vt 0.03125 1.6250002
vt 0.03125 1.6638329
vt 1.6249999 -13.125
vt 1.6249999 -12.34375
vt 1.6494595 -12.34375
vt 1.6494595 -13.125
vt 1.6638327 -13.125
vt 1.6638327 -12.34375
vt 1.625 -12.34375
vt 1.625 -13.125
vt 0.031249985 -13.125
vt 0.031249985 -12.34375
vt -2.2351742e-08 -12.34375
vt -2.2351742e-08 -13.125
vt 1.6875 -13.125
vt 1.6875 -12.34375
vt 1.71875 -12.34375
vt 1.71875 -13.125
vt -1.1175871e-08 -13.125
vt -1.1175871e-08 -12.34375
vt -0.044380542 -12.34375
vt -0.044380542 -13.125
vt -0.03282043 -13.125
vt -0.03282043 -12.34375
vt 0.031249978 -12.34375
vt 0.031249978 -13.125
vt -0.123429626 -13.125
vt -0.123429626 -12.34375
vt -0.032820385 -12.34375
vt -0.032820385 -13.125
vt -0.044380516 -13.125
vt -0.044380516 -12.34375
vt -0.1118695 -12.34375
vt -0.1118695 -13.125
vt -0.15625 -13.125
vt -0.15625 -12.34375
vt -0.18750001 -12.34375
vt -0.18750001 -13.125
vt -0.11186946 -13.125
vt -0.11186946 -12.34375
vt -0.1875 -13.125
vt -0.1875 -12.34375
vt -0.123429574 -12.34375
vt -0.123429574 -13.125
vt 0.125 -1.2880406
vt 0.125 -1.3125002
vt 0.15625001 -1.3125002
vt 0.15625001 -1.2736676
vt -1.3125 -13.1875
vt -1.3125 -12.40625
vt -1.2880404 -12.40625
vt -1.2880404 -13.1875
vt 0.21875 -13.1875
vt 0.21875 -12.40625
vt 0.18749999 -12.40625
vt 0.18749999 -13.1875
vt -1.2736672 -13.1875
vt -1.2736672 -12.40625
vt -1.3124999 -12.40625
vt -1.3124999 -13.1875
vt 0.092179604 -1.2187483
vt 0.08061948 -1.2500001
vt 0.15625003 -1.2736676
vt -1.2499998 -13.1875
vt -1.2499998 -12.40625
vt -1.218748 -12.40625
vt -1.218748 -13.1875
vt 0.1875 -13.1875
vt 0.1875 -12.40625
vt 0.14311945 -12.40625
vt 0.14311945 -13.1875
vt 0.1546796 -13.1875
vt 0.1546796 -12.40625
vt 0.092179626 -1.218748
vt 0.0015703859 -1.218748
vt 0.013130517 -1.2499998
vt 0.0806195 -1.2499998
vt 0.14311948 -13.1875
vt 0.14311948 -12.40625
vt 0.07563049 -12.40625
vt 0.07563049 -13.1875
vt 0.06407037 -13.1875
vt 0.06407037 -12.40625
vt -0.062500015 -1.2736676
vt -0.031250004 -1.2880406
vt 0.013130528 -1.2500001
vt 0.001570397 -1.2187483
vt 0.031250015 -13.1875
vt 0.031250015 -12.40625
vt 7.450581e-09 -12.40625
vt 7.450581e-09 -13.1875
vt 0.013130537 -13.1875
vt 0.013130537 -12.40625
vt -0.031249994 -12.40625
vt -0.031249994 -13.1875
vt -0.06249997 -13.1875
vt -0.06249997 -12.40625
vt 0.001570438 -12.40625
vt 0.001570438 -13.1875
vt -0.062499985 -1.2736676
vt -0.062499985 -1.3125002
vt -0.031249978 -1.3125002
vt -0.031249978 -1.2880406
vt 0.03125 3.2500002
vt 0.03125 3.2888327
vt -7.450581e-09 3.2744567
vt -7.450581e-09 3.2500002
vt 3.2499998 -13.125
vt 3.2499998 -11.84375
vt 3.2744563 -11.84375
vt 3.2744563 -13.125
vt -7.450581e-09 -13.125
vt -7.450581e-09 -11.84375
vt 0.03125 -11.84375
vt 0.03125 -13.125
vt 3.2888324 -13.125
vt 3.2888324 -11.84375
vt 3.25 -11.84375
vt 3.25 -13.125
vt 0.031250004 -13.125
vt 0.031250004 -11.84375
vt -3.7252903e-09 -11.84375
vt -3.7252903e-09 -13.125
vt -0.032820392 3.3437502
vt -0.044380523 3.3125002
vt 7.450581e-09 3.2744567
vt 0.031250015 3.2888327
vt 3.3125 -13.125
vt 3.3125 -11.84375
vt 3.34375 -11.84375
vt 3.34375 -13.125
vt -1.1175871e-08 -11.84375
vt -0.044380542 -11.84375
vt -0.032820404 -13.125
vt -0.0328204 -11.84375
vt 0.031250007 -11.84375
vt 0.031250007 -13.125
vt -0.032820396 3.3437502
vt -0.111869484 3.3125
vt -0.0443805 3.3125
vt -0.03282037 3.34375
vt -0.12342962 3.34375
vt -0.12342962 -13.125
vt -0.12342962 -11.84375
vt -0.03282037 -11.84375
vt -0.03282037 -13.125
vt -0.0443805 -13.125
vt -0.0443805 -11.84375
vt -0.111869484 -11.84375
vt -0.111869484 -13.125
vt -0.18750003 3.2888327
vt -0.15625 3.2744567
vt -0.11186948 3.3125002
vt -0.12342961 3.3437502
vt -0.15625 -11.84375
vt -0.18750001 -11.84375
vt -0.11186948 -13.125
vt -0.11186948 -11.84375
vt -0.18750003 -13.125
vt -0.18750003 -11.84375
vt -0.123429626 -11.84375
vt -0.15625 3.2500002
vt -0.18750001 3.2888327
vt -0.18750001 3.2500002
vt 3.2744563 -14.65625
vt 3.2744563 -13.625
vt 3.2499998 -13.625
vt 3.2499998 -14.65625
vt -0.18750001 -14.65625
vt -0.18750001 -13.625
vt -0.15625 -13.625
vt -0.15625 -14.65625
vt 3.25 -14.65625
vt 3.25 -13.625
vt 3.2888324 -13.625
vt 3.2888324 -14.65625
vt 3.34375 -14.65625
vt 3.34375 -13.625
vt 3.3125 -13.625
vt 3.3125 -14.65625
vt -0.11186948 -14.65625
vt -0.11186948 -13.625
vt -0.18750003 -14.65625
vt -0.18750003 -13.625
vt -0.123429626 -13.625
vt -0.123429626 -14.65625
vt -0.12342962 -14.65625
vt -0.12342962 -13.625
vt -0.03282037 -13.625
vt -0.03282037 -14.65625
vt -0.0443805 -14.65625
vt -0.0443805 -13.625
vt -0.111869484 -13.625
vt -0.111869484 -14.65625
vt -1.1175871e-08 -14.65625
vt -1.1175871e-08 -13.625
vt -0.044380542 -13.625
vt -0.044380542 -14.65625
vt 0.03125 -14.65625
vt 0.03125 -13.625
vt -7.450581e-09 -13.625
vt -7.450581e-09 -14.65625
vt -0.032820404 -14.65625
vt -0.0328204 -13.625
vt 0.031250007 -13.625
vt 0.031250007 -14.65625
vt 0.031250004 -14.65625
vt 0.031250004 -13.625
vt -3.7252903e-09 -13.625
vt -3.7252903e-09 -14.65625
vt 0.031249985 1.71875
vt 0.031249985 2.874999
vt -2.2351742e-08 2.874999
vt -2.2351742e-08 1.71875
vt 13.58696 1.71875
vt 13.5625 1.71875
vt 13.5625 2.874999
vt 13.58696 2.874999
vt -7.450581e-09 13.58696
vt -7.450581e-09 13.5625
vt 0.03125 13.5625
vt 0.03125 13.601333
vt 13.601334 2.874999
vt 13.562501 2.874999
vt 13.562501 1.71875
vt 13.601334 1.71875
vt -0.044380542 1.71875
vt -1.1175871e-08 1.71875
vt -1.1175871e-08 2.874999
vt -0.044380542 2.874999
vt -0.03282039 13.65625
vt -0.04438052 13.625
vt 1.1175871e-08 13.58696
vt 0.03125002 13.601333
vt 0.031250015 13.601333
vt 7.450581e-09 13.58696
vt -0.044380523 13.625
vt -0.032820392 13.65625
vt 13.65625 1.71875
vt 13.625 1.71875
vt 13.625 2.874999
vt 13.65625 2.874999
vt 0.031249978 2.874999
vt 0.031249978 1.71875
vt -0.03282043 1.71875
vt -0.03282043 2.874999
vt -0.044380516 1.71875
vt -0.044380516 2.874999
vt -0.1118695 2.874999
vt -0.1118695 1.71875
vt -0.12342961 13.65625
vt -0.111869484 13.625
vt -0.0443805 13.625
vt -0.03282037 13.65625
vt -0.123429626 1.71875
vt -0.123429626 2.874999
vt -0.032820385 2.874999
vt -0.032820385 1.71875
vt -0.18750001 1.71875
vt -0.15625 1.71875
vt -0.15625 2.874999
vt -0.18750001 2.874999
vt -0.11186946 2.874999
vt -0.11186946 1.71875
vt -0.1875 13.601333
vt -0.15625 13.58696
vt -0.11186946 13.625
vt -0.12342959 13.65625
vt -0.123429574 1.71875
vt -0.1875 1.71875
vt -0.1875 2.874999
vt -0.123429574 2.874999
vt -0.1875 13.5625
vt -0.15624999 13.5625
vt -0.15624999 13.58696
vt -0.044380516 3.28125
vt -0.044380516 4.15625
vt -0.1118695 4.15625
vt -0.1118695 3.28125
vt 13.65625 4.15625
vt 13.625 4.15625
vt 13.625 3.28125
vt 13.65625 3.28125
vt -0.123429626 3.28125
vt -0.123429626 4.15625
vt -0.032820385 4.15625
vt -0.032820385 3.28125
vt 0.031249985 3.28125
vt 0.031249985 4.15625
vt -2.2351742e-08 4.15625
vt -2.2351742e-08 3.28125
vt 13.58696 3.28125
vt 13.5625 3.28125
vt 13.5625 4.15625
vt 13.58696 4.15625
vt 13.601334 4.15625
vt 13.562501 4.15625
vt 13.562501 3.28125
vt 13.601334 3.28125
vt -0.044380542 3.28125
vt -1.1175871e-08 3.28125
vt -1.1175871e-08 4.15625
vt -0.044380542 4.15625
vt 0.031249978 4.15625
vt 0.031249978 3.28125
vt -0.03282043 3.28125
vt -0.03282043 4.15625
vt -0.18750001 3.28125
vt -0.15625 3.28125
vt -0.15625 4.15625
vt -0.18750001 4.15625
vt -0.11186946 4.15625
vt -0.11186946 3.28125
vt -0.123429574 3.28125
vt -0.1875 3.28125
vt -0.1875 4.15625
vt -0.123429574 4.15625
vt -3.218751 -0.031249989
vt -3.312501 -0.031249989
vt -3.312501 0.24999999
vt -3.218751 0.24999999
vt 13.625 0.24999999
vt 13.53125 0.24999999
vt 13.53125 -0.031249989
vt 13.625 -0.031249989
vt 13.625 -3.3125
vt 13.53125 -3.3125
vt 13.625 -3.21875
vt -3.3125 -0.031249989
vt -3.21875 -0.031249989
vt -3.21875 0.24999999
vt -3.3125 0.24999999
vt 3.28125 -3.7252903e-09
vt 3.1875 -3.7252903e-09
vt 3.1875 -0.03125
vt 3.28125 -0.03125
vt -13.5 3.28125
vt -13.5 3.1875
vt -13.59375 3.1875
vt -13.59375 -0.03125
vt -13.5 -0.03125
vt -13.5 -3.7252903e-09
vt -13.59375 -3.7252903e-09
vt 3.281251 -3.7252903e-09
vt 3.281251 -0.03125
vt 3.187501 -0.03125
vt 3.187501 -3.7252903e-09
vt -2.9375 0.24999999
vt -2.843749 0.24999999
vt -2.843749 -0.031249989
vt -2.9375 -0.031249989
vt -2.96875 -13.625
vt -2.874999 -13.53125
vt -2.874999 -13.625
vt -13.625 -0.031249989
vt -13.53125 -0.031249989
vt -13.53125 0.24999999
vt -13.625 0.24999999
vt -2.96875 0.24999999
vt -2.96875 -0.031249989
vt -2.874999 -0.031249989
vt -2.874999 0.24999999
vt 2.843749 -0.03125
vt 2.9375 -0.03125
vt 2.9375 -3.7252903e-09
vt 2.843749 -3.7252903e-09
vt 13.65625 -3.7252903e-09
vt 13.65625 -0.03125
vt 2.9375 13.65625
vt 2.9375 13.5625
vt 2.843749 13.5625
vt 2.96875 -0.03125
vt 2.874999 -0.03125
vt 2.874999 -3.7252903e-09
vt 2.96875 -3.7252903e-09
vt -1.2880404 -14.625
vt -1.2880404 -13.625
vt -1.3125 -13.625
vt -1.3125 -14.625
vt 0.031250015 -14.625
vt 0.031250015 -13.625
vt 7.450581e-09 -13.625
vt 7.450581e-09 -14.625
vt -1.3124999 -14.625
vt -1.3124999 -13.625
vt -1.2736672 -13.625
vt -1.2736672 -14.625
vt -1.218748 -14.625
vt -1.218748 -13.625
vt -1.2499998 -13.625
vt -1.2499998 -14.625
vt 0.013130537 -14.625
vt 0.013130537 -13.625
vt -0.031249994 -13.625
vt -0.031249994 -14.625
vt -0.06249997 -14.625
vt -0.06249997 -13.625
vt 0.001570438 -13.625
vt 0.001570438 -14.625
vt 0.14311948 -14.625
vt 0.14311948 -13.625
vt 0.07563049 -13.625
vt 0.07563049 -14.625
vt 0.06407037 -14.625
vt 0.06407037 -13.625
vt 0.1546796 -13.625
vt 0.1546796 -14.625
vt 0.21875 -14.625
vt 0.21875 -13.625
vt 0.18749999 -13.625
vt 0.18749999 -14.625
vt 0.1875 -14.625
vt 0.1875 -13.625
vt 0.14311945 -13.625
vt 0.14311945 -14.625
vt -1.2880404 -16.84375
vt -1.2880404 -15.125
vt -1.3125 -15.125
vt -1.3125 -16.84375
vt 0.031250015 -16.84375
vt 0.031250015 -15.125
vt 7.450581e-09 -15.125
vt 7.450581e-09 -16.84375
vt -1.3124999 -16.84375
vt -1.3124999 -15.125
vt -1.2736672 -15.125
vt -1.2736672 -16.84375
vt -1.218748 -16.84375
vt -1.218748 -15.125
vt -1.2499998 -15.125
vt -1.2499998 -16.84375
vt 0.013130537 -16.84375
vt 0.013130537 -15.125
vt -0.031249994 -15.125
vt -0.031249994 -16.84375
vt -0.06249997 -16.84375
vt -0.06249997 -15.125
vt 0.001570438 -15.125
vt 0.001570438 -16.84375
vt 0.14311948 -16.84375
vt 0.14311948 -15.125
vt 0.07563049 -15.125
vt 0.07563049 -16.84375
vt 0.06407037 -16.84375
vt 0.06407037 -15.125
vt 0.1546796 -15.125
vt 0.1546796 -16.84375
vt 0.21875 -16.84375
vt 0.21875 -15.125
vt 0.18749999 -15.125
vt 0.18749999 -16.84375
vt 0.1875 -16.84375
vt 0.1875 -15.125
vt 0.14311945 -15.125
vt 0.14311945 -16.84375
vt 0.1546796 1.65625
vt 0.06407037 1.65625
vt 0.06407037 2.812499
vt 0.1546796 2.812499
vt 0.0806195 -13.1875
vt 0.092179626 -13.15625
vt 0.0015703859 -13.15625
vt 0.013130517 -13.1875
vt -13.1875 2.812499
vt -13.15625 2.812499
vt -13.15625 1.65625
vt -13.1875 1.65625
vt 0.14311948 1.65625
vt 0.14311948 2.812499
vt 0.07563049 2.812499
vt 0.07563049 1.65625
vt 0.21875 1.65625
vt 0.15467957 1.65625
vt 0.15467957 2.812499
vt 0.21875 2.812499
vt 0.15625003 -13.211167
vt 0.092179604 -13.15625
vt 0.08061948 -13.1875
vt 0.125 -13.22554
vt 0.1875 2.812499
vt 0.14311945 2.812499
vt 0.14311945 1.65625
vt 0.1875 1.65625
vt 0.18749999 2.812499
vt 0.18749999 1.65625
vt 0.15625001 -13.25
vt 0.15625001 -13.211167
vt 0.125 -13.25
vt -13.25 2.812499
vt -13.22554 2.812499
vt -13.22554 1.65625
vt -13.25 1.65625
vt -13.249999 1.65625
vt -13.211166 1.65625
vt -13.211166 2.812499
vt -13.249999 2.812499
vt -0.06249997 2.812499
vt 0.001570438 2.812499
vt 0.001570438 1.65625
vt -0.06249997 1.65625
vt -0.031250004 -13.22554
vt 0.013130528 -13.1875
vt 0.001570397 -13.15625
vt -0.062500015 -13.211167
vt -0.031249994 1.65625
vt 0.013130537 1.65625
vt 0.013130537 2.812499
vt -0.031249994 2.812499
vt 7.450581e-09 2.812499
vt 7.450581e-09 1.65625
vt 0.031250015 1.65625
vt 0.031250015 2.812499
vt -0.031249978 -13.25
vt -0.031249978 -13.22554
vt -0.062499985 -13.211167
vt -0.062499985 -13.25
vt -0.031249978 -16.5
vt -0.031249978 -16.47554
vt -0.062499985 -16.461166
vt -0.062499985 -16.5
vt -16.5 1.65625
vt -16.47554 1.65625
vt -16.47554 2.812499
vt -16.5 2.812499
vt -16.461166 2.812499
vt -16.461166 1.65625
vt -16.4375 1.65625
vt -16.40625 1.65625
vt -16.40625 2.812499
vt -16.4375 2.812499
vt -0.031250004 -16.47554
vt 0.013130528 -16.4375
vt 0.001570397 -16.40625
vt -0.062500015 -16.461166
vt 0.0806195 -16.4375
vt 0.092179626 -16.40625
vt 0.0015703859 -16.40625
vt 0.013130517 -16.4375
vt 0.15625001 -16.5
vt 0.15625001 -16.461166
vt 0.125 -16.47554
vt 0.125 -16.5
vt 0.15625003 -16.461166
vt 0.092179604 -16.40625
vt 0.08061948 -16.4375
vt 0.18749999 3.34375
vt 0.18749999 4.21875
vt 0.21875 4.21875
vt 0.21875 3.34375
vt -13.25 4.21875
vt -13.22554 4.21875
vt -13.22554 3.34375
vt -13.25 3.34375
vt -13.249999 3.34375
vt -13.211166 3.34375
vt -13.211166 4.21875
vt -13.249999 4.21875
vt 0.15467957 3.34375
vt 0.15467957 4.21875
vt -13.1875 4.21875
vt -13.15625 4.21875
vt -13.15625 3.34375
vt -13.1875 3.34375
vt 0.1875 4.21875
vt 0.14311945 4.21875
vt 0.14311945 3.34375
vt 0.1875 3.34375
vt 0.1546796 3.34375
vt 0.06407037 3.34375
vt 0.06407037 4.21875
vt 0.1546796 4.21875
vt 0.14311948 3.34375
vt 0.14311948 4.21875
vt 0.07563049 4.21875
vt 0.07563049 3.34375
vt 7.450581e-09 3.34375
vt 7.450581e-09 4.21875
vt 0.031250015 4.21875
vt 0.031250015 3.34375
vt -0.06249997 4.21875
vt 0.001570438 4.21875
vt 0.001570438 3.34375
vt -0.06249997 3.34375
vt -0.031249994 3.34375
vt 0.013130537 3.34375
vt 0.013130537 4.21875
vt -0.031249994 4.21875
vt -2.8437505 -0.03125
vt -2.9375005 -0.03125
vt -2.9375005 -3.7252903e-09
vt -2.8437505 -3.7252903e-09
vt 13.15625 -3.7252903e-09
vt 13.15625 -0.03125
vt 13.25 -2.9375
vt 13.15625 -2.9375
vt 13.25 -2.843749
vt -2.843749 -0.03125
vt -2.843749 -3.7252903e-09
vt 2.96875 0.24999999
vt 2.874999 0.24999999
vt 2.874999 -0.031249989
vt 2.96875 -0.031249989
vt -13.1875 2.96875
vt -13.1875 2.874999
vt -13.28125 2.874999
vt -13.28125 -0.031249989
vt -13.1875 -0.031249989
vt -13.1875 0.24999999
vt -13.28125 0.24999999
vt 2.9687505 0.24999999
vt 2.9687505 -0.031249989
vt 2.8750005 -0.031249989
vt 2.8750005 0.24999999
vt -4.312499 -3.7252903e-09
vt -4.218749 -3.7252903e-09
vt -4.218749 -0.03125
vt -4.312499 -0.03125
vt -3.34375 -13.25
vt -3.25 -13.15625
vt -3.25 -13.25
vt -13.25 -0.03125
vt -13.15625 -0.03125
vt -13.15625 -3.7252903e-09
vt -13.25 -3.7252903e-09
vt -3.34375 -3.7252903e-09
vt -3.34375 -0.03125
vt 3.21875 -0.031249989
vt 3.3125 -0.031249989
vt 3.3125 0.24999999
vt 3.21875 0.24999999
vt 13.28125 0.24999999
vt 13.1875 0.24999999
vt 13.1875 -0.031249989
vt 13.28125 -0.031249989
vt 3.3125 13.28125
vt 3.3125 13.1875
vt 3.21875 13.1875
vt 4.343749 -0.031249989
vt 4.249999 -0.031249989
vt 4.249999 0.24999999
vt 4.343749 0.24999999
vt -1.5937504 -0.031249989
vt -1.6875004 -0.031249989
vt -1.6875004 0.24999999
vt -1.5937504 0.24999999
vt 13.625 -1.6875
vt 13.53125 -1.6875
vt 13.625 -1.59375
vt -1.6875 -0.031249989
vt -1.59375 -0.031249989
vt -1.59375 0.24999999
vt -1.6875 0.24999999
vt 1.6562501 -3.7252903e-09
vt 1.5625001 -3.7252903e-09
vt 1.5625001 -0.03125
vt 1.6562501 -0.03125
vt -13.5 1.6562501
vt -13.5 1.5625001
vt -13.59375 1.5625001
vt 1.6562504 -3.7252903e-09
vt 1.6562504 -0.03125
vt 1.5625004 -0.03125
vt 1.5625004 -3.7252903e-09
vt -1.3124998 0.24999999
vt -1.2187479 0.24999999
vt -1.2187479 -0.031249989
vt -1.3124998 -0.031249989
vt -1.28125 -13.625
vt -1.1874981 -13.53125
vt -1.1874981 -13.625
vt -1.28125 0.24999999
vt -1.28125 -0.031249989
vt -1.1874981 -0.031249989
vt -1.1874981 0.24999999
vt 1.2187481 -0.03125
vt 1.3125 -0.03125
vt 1.3125 -3.7252903e-09
vt 1.2187481 -3.7252903e-09
vt 13.59375 -3.7252903e-09
vt 13.59375 -0.03125
vt 1.3125001 13.59375
vt 1.3125001 13.5
vt 1.2187482 13.5
vt 1.2812498 -0.03125
vt 1.1874979 -0.03125
vt 1.1874979 -3.7252903e-09
vt 1.2812498 -3.7252903e-09
vt 1.28125 0.24999999
vt 1.1874981 0.24999999
vt 1.1874981 -0.031249989
vt 1.28125 -0.031249989
vt -13.125 1.28125
vt -13.125 1.1874981
vt -13.21875 1.1874981
vt -13.21875 -0.031249989
vt -13.125 -0.031249989
vt -13.125 0.24999999
vt -13.21875 0.24999999
vt 1.2812489 0.24999999
vt 1.2812489 -0.031249989
vt 1.1874987 -0.031249989
vt 1.1874987 0.24999999
vt 1.59375 -0.031249989
vt 1.6875 -0.031249989
vt 1.6875 0.24999999
vt 1.59375 0.24999999
vt 13.21875 0.24999999
vt 13.125 0.24999999
vt 13.125 -0.031249989
vt 13.21875 -0.031249989
vt 1.6875 13.21875
vt 1.6875 13.125
vt 1.59375 13.125
vt 13.65625 -0.031249989
vt 13.5625 -0.031249989
vt 13.5625 0.24999999
vt 13.65625 0.24999999
vt -13.6875 -3.7252903e-09
vt -13.6875 -0.03125
vt -1.6562501 -13.25
vt -1.5625001 -13.15625
vt -1.5625001 -13.25
vt -1.6562501 -3.7252903e-09
vt -1.6562501 -0.03125
vt -1.5625001 -0.03125
vt -1.5625001 -3.7252903e-09
vt -1.2187487 -0.03125
vt -1.3124989 -0.03125
vt -1.3124989 -3.7252903e-09
vt -1.2187487 -3.7252903e-09
vt 13.25 -1.3125001
vt 13.15625 -1.3125001
vt 13.25 -1.2187482
vt -1.2187481 -0.03125
vt -1.2187481 -3.7252903e-09
vt -7.450581e-09 -4.2255406
vt 0.03125 -4.211168
vt 0.03125 -4.2500005
vt -7.450581e-09 -4.2500005
vt 0.03125 14.6875
vt 0.03125 13.65625
vt -7.450581e-09 13.65625
vt -7.450581e-09 14.6875
vt -3.7252903e-09 14.6875
vt -3.7252903e-09 13.65625
vt 0.031250004 13.65625
vt 0.031250004 14.6875
vt -4.25 14.6875
vt -4.25 13.65625
vt -4.2111673 13.65625
vt -4.2111673 14.6875
vt -4.22554 14.6875
vt -4.22554 13.65625
vt -0.032820396 -4.1562505
vt 0.031250015 -4.211168
vt 7.450581e-09 -4.2255406
vt -0.044380523 -4.1875005
vt 0.031250007 14.6875
vt 0.031250007 13.65625
vt -0.032820404 13.65625
vt -0.0328204 14.6875
vt -0.044380542 14.6875
vt -0.044380542 13.65625
vt -1.1175871e-08 13.65625
vt -1.1175871e-08 14.6875
vt -4.15625 14.6875
vt -4.15625 13.65625
vt -4.1875 13.65625
vt -4.1875 14.6875
vt -0.032820392 -4.1562505
vt -0.11186948 -4.1875005
vt -0.15625 -4.2255406
vt -0.18750003 -4.211168
vt -0.12342961 -4.1562505
vt -0.123429626 14.6875
vt -0.123429626 13.65625
vt -0.18750003 13.65625
vt -0.18750003 14.6875
vt -0.15625 14.6875
vt -0.15625 13.65625
vt -0.11186948 13.65625
vt -0.11186948 14.6875
vt -0.18750001 14.6875
vt -0.18750001 13.65625
vt -0.15625 -4.2500005
vt -0.18750001 -4.2500005
vt -0.18750001 -4.211168
vt -0.03282037 -4.15625
vt -0.0443805 -4.1875
vt -0.111869484 -4.1875
vt -0.12342962 -4.15625
vt -0.111869484 14.6875
vt -0.111869484 13.65625
vt -0.0443805 13.65625
vt -0.0443805 14.6875
vt -0.03282037 14.6875
vt -0.12342962 13.65625
vt -0.12342962 14.6875
vt -0.15625 4.65625
vt -0.15625 4.90625
vt -0.18750001 4.90625
vt -0.18750001 4.65625
vt -0.1875 13.538833
vt -0.1875 13.5
vt -0.15624999 13.5
vt -0.15624999 13.52446
vt 13.52446 4.90625
vt 13.5 4.90625
vt 13.5 4.65625
vt 13.52446 4.65625
vt 13.538834 4.65625
vt 13.500001 4.65625
vt 13.500001 4.90625
vt 13.538834 4.90625
vt -0.15625 5.28125
vt -0.18750001 5.28125
vt -0.11186946 5.28125
vt -0.11186946 4.65625
vt -0.15625 13.52446
vt -0.11186946 13.5625
vt -0.12342959 13.59375
vt 13.59375 5.28125
vt 13.5625 5.28125
vt 13.5625 4.65625
vt 13.59375 4.65625
vt -0.123429574 4.65625
vt -0.1875 4.65625
vt -0.1875 5.28125
vt -0.123429574 5.28125
vt -0.044380516 4.65625
vt -0.044380516 5.28125
vt -0.1118695 5.28125
vt -0.1118695 4.65625
vt -0.12342961 13.59375
vt -0.111869484 13.5625
vt -0.0443805 13.5625
vt -0.03282037 13.59375
vt -0.123429626 4.65625
vt -0.123429626 5.28125
vt -0.032820385 5.28125
vt -0.032820385 4.65625
vt 0.031249985 5.28125
vt -2.2351742e-08 5.28125
vt -2.2351742e-08 4.65625
vt 0.031249985 4.65625
vt -0.044380542 4.65625
vt -1.1175871e-08 4.65625
vt -1.1175871e-08 5.28125
vt -0.044380542 5.28125
vt -0.03282039 13.59375
vt -0.04438052 13.5625
vt 1.1175871e-08 13.52446
vt 0.03125002 13.538833
vt 0.031250015 13.538833
vt 7.450581e-09 13.52446
vt -0.044380523 13.5625
vt -0.032820392 13.59375
vt 0.031249978 5.28125
vt 0.031249978 4.65625
vt -0.03282043 4.65625
vt -0.03282043 5.28125
vt 13.5 5.28125
vt 13.52446 5.28125
vt -7.450581e-09 13.52446
vt -7.450581e-09 13.5
vt 0.03125 13.5
vt 0.03125 13.538833
vt 13.538834 5.28125
vt 13.500001 5.28125
vt -0.15625 -4.65625
vt -0.15625 -4.90625
vt -0.18750001 -4.90625
vt -0.18750001 -4.65625
vt -0.1875 -13.25
vt -0.1875 -13.211167
vt -0.15624999 -13.22554
vt -0.15624999 -13.25
vt -13.249999 -4.65625
vt -13.211166 -4.65625
vt -13.211166 -4.90625
vt -13.249999 -4.90625
vt -13.25 -4.90625
vt -13.22554 -4.90625
vt -13.22554 -4.65625
vt -13.25 -4.65625
vt -0.1875 -4.65625
vt -0.12342958 -4.65625
vt -0.123429574 -5.28125
vt -0.1875 -5.28125
vt -13.1875 -5.28125
vt -13.15625 -5.28125
vt -13.15625 -4.65625
vt -13.1875 -4.65625
vt -0.12342959 -13.15625
vt -0.11186946 -13.1875
vt -0.15625 -13.22554
vt -0.1234296 -13.15625
vt -0.15625 -5.28125
vt -0.11186946 -5.28125
vt -0.11186946 -4.65625
vt -0.15624999 -5.28125
vt -0.15624999 -4.65625
vt -0.032820385 -5.28125
vt -0.123429626 -5.28125
vt -0.123429626 -4.65625
vt -0.032820385 -4.65625
vt -0.111869484 -13.1875
vt -0.12342961 -13.15625
vt -0.03282037 -13.15625
vt -0.0443805 -13.1875
vt -0.044380516 -5.28125
vt -0.044380516 -4.65625
vt -0.1118695 -4.65625
vt -0.1118695 -5.28125
vt 0.031249981 -5.28125
vt -0.032820426 -5.28125
vt -0.032820426 -4.65625
vt 0.031249981 -4.65625
vt 7.450581e-09 -13.22554
vt -0.044380523 -13.1875
vt -0.032820392 -13.15625
vt 0.031250015 -13.211167
vt 0.031250022 -13.211167
vt -0.03282038 -13.15625
vt -0.044380516 -13.1875
vt 1.4901161e-08 -13.22554
vt -1.1175871e-08 -4.65625
vt -0.044380542 -4.65625
vt -0.044380542 -5.28125
vt -1.1175871e-08 -5.28125
vt 0.031249985 -5.28125
vt 0.031249985 -4.65625
vt -2.2351742e-08 -4.65625
vt -2.2351742e-08 -5.28125
vt -7.450581e-09 -13.25
vt -7.450581e-09 -13.22554
vt 0.03125 -13.211167
vt 0.03125 -13.25
vt -13.249999 -5.28125
vt -13.211166 -5.28125
vt -13.22554 -5.28125
vt -13.25 -5.28125
vt -0.15625 -0.6250001
vt -0.15625 -1.2187482
vt -0.18750001 -1.2187482
vt -0.18750001 -0.6250001
vt -13.249999 -0.6250001
vt -13.211166 -0.6250001
vt -13.211166 -1.2187482
vt -13.249999 -1.2187482
vt -13.25 -1.2187482
vt -13.22554 -1.2187482
vt -13.22554 -0.6250001
vt -13.25 -0.6250001
vt -0.1875 -0.6250001
vt -0.12342958 -0.6250001
vt -0.123429574 -1.2187482
vt -0.1875 -1.2187482
vt -13.1875 -1.2187482
vt -13.15625 -1.2187482
vt -13.15625 -0.6250001
vt -13.1875 -0.6250001
vt -0.11186946 -1.2187482
vt -0.11186946 -0.6250001
vt -0.032820385 -1.2187482
vt -0.123429626 -1.2187482
vt -0.123429626 -0.6250001
vt -0.032820385 -0.6250001
vt -0.044380516 -1.2187482
vt -0.044380516 -0.6250001
vt -0.1118695 -0.6250001
vt -0.1118695 -1.2187482
vt 0.031249981 -1.2187482
vt -0.032820426 -1.2187482
vt -0.032820426 -0.6250001
vt 0.031249981 -0.6250001
vt 0 -13.22554
vt -0.04438053 -13.1875
vt -0.0328204 -13.15625
vt 0.031250007 -13.211167
vt -1.1175871e-08 -0.6250001
vt -0.044380542 -0.6250001
vt -0.044380542 -1.2187482
vt -1.1175871e-08 -1.2187482
vt 0.031249985 -1.2187482
vt 0.031249985 -0.6250001
vt -2.2351742e-08 -0.6250001
vt -2.2351742e-08 -1.2187482
vt 7.450581e-09 -0.6250001
vt 7.450581e-09 -1.2187482
vt 0.031250015 -1.2187482
vt 0.031250015 -0.6250001
vt 13.58696 -0.6250001
vt 13.5625 -0.6250001
vt 13.5625 -1.2187482
vt 13.58696 -1.2187482
vt -0.031249978 13.58696
vt -0.031249978 13.5625
vt -0.062499985 13.5625
vt -0.062499985 13.601333
vt 13.601334 -1.2187482
vt 13.562501 -1.2187482
vt 13.562501 -0.6250001
vt 13.601334 -0.6250001
vt 0 -1.2187482
vt 0.031250007 -1.2187482
vt 0.031250007 -0.6250001
vt 0 -0.6250001
vt 0.0131305335 -0.6250001
vt -0.031249998 -0.6250001
vt -0.031249998 -1.2187482
vt 0.013130536 -1.2187482
vt 0.0015703989 13.65625
vt 0.013130533 13.625
vt -0.03125 13.58696
vt -0.06250001 13.601333
vt -0.062500015 13.601333
vt -0.031250004 13.58696
vt 0.013130528 13.625
vt 0.0015703943 13.65625
vt 13.65625 -0.6250001
vt 13.625 -0.6250001
vt 13.625 -1.2187482
vt 13.65625 -1.2187482
vt -0.062499974 -1.2187482
vt -0.062499974 -0.6250001
vt 0.0015704315 -0.6250001
vt 0.0015704343 -1.2187482
vt 0.07563049 -0.6250001
vt 0.07563049 -1.2187482
vt 0.14311948 -1.2187482
vt 0.14311948 -0.6250001
vt 0.092179626 13.65625
vt 0.0806195 13.625
vt 0.013130517 13.625
vt 0.0015703859 13.65625
vt 0.1546796 -0.6250001
vt 0.1546796 -1.2187482
vt 0.06407037 -1.2187482
vt 0.06407037 -0.6250001
vt 0.21875 -0.6250001
vt 0.18749999 -0.6250001
vt 0.18749999 -1.2187482
vt 0.21875 -1.2187482
vt 0.14311945 -1.2187482
vt 0.1875 -1.2187482
vt 0.1875 -0.6250001
vt 0.14311945 -0.6250001
vt 0.15625003 13.601333
vt 0.125 13.58696
vt 0.08061948 13.625
vt 0.092179604 13.65625
vt 0.09217961 13.65625
vt 0.15467958 -0.6250001
vt 0.15467957 -1.2187482
vt 0.15625001 13.601333
vt 0.15625001 13.5625
vt 0.125 13.5625
vt -14.625 -0.6250001
vt -14.59375 -0.6250001
vt -14.59375 -1.2187482
vt -14.625 -1.2187482
vt 0 -14.66304
vt -0.04438053 -14.625
vt -0.0328204 -14.59375
vt 0.031250007 -14.648667
vt 0.031250022 -14.648667
vt -0.03282038 -14.59375
vt -0.044380516 -14.625
vt 1.4901161e-08 -14.66304
vt -7.450581e-09 -14.6875
vt -7.450581e-09 -14.66304
vt 0.03125 -14.648667
vt 0.03125 -14.6875
vt -14.6875 -1.2187482
vt -14.648667 -1.2187482
vt -14.648667 -0.6250001
vt -14.6875 -0.6250001
vt -14.66304 -0.6250001
vt -14.66304 -1.2187482
vt -0.111869484 -14.625
vt -0.12342961 -14.59375
vt -0.03282037 -14.59375
vt -0.0443805 -14.625
vt -0.1875 -14.648667
vt -0.12342959 -14.59375
vt -0.11186946 -14.625
vt -0.15625 -14.66304
vt -0.1234296 -14.59375
vt -0.1875 -14.6875
vt -0.15624999 -14.66304
vt -0.15624999 -14.6875
vt 15.02446 -1.2187482
vt 15 -1.2187482
vt 15 -0.6250001
vt 15.02446 -0.6250001
vt 0.15625001 15.038834
vt 0.15625001 15.000001
vt 0.125 15.000001
vt 0.125 15.024461
vt 15.038834 -0.6250001
vt 15.000001 -0.6250001
vt 15.000001 -1.2187482
vt 15.038834 -1.2187482
vt 0.15625003 15.038834
vt 0.08061948 15.062501
vt 0.092179604 15.093751
vt 0.09217961 15.093751
vt 15.09375 -1.2187482
vt 15.0625 -1.2187482
vt 15.0625 -0.6250001
vt 15.09375 -0.6250001
vt 0.092179626 15.09375
vt 0.0806195 15.0625
vt 0.013130517 15.0625
vt 0.0015703859 15.09375
vt 0.0015703989 15.093751
vt 0.013130533 15.062501
vt -0.03125 15.024461
vt -0.06250001 15.038834
vt -0.062500015 15.038834
vt -0.031250004 15.024461
vt 0.013130528 15.062501
vt 0.0015703943 15.093751
vt -0.031249978 15.024461
vt -0.031249978 15.000001
vt -0.062499985 15.000001
vt -0.062499985 15.038834
vt -1.28125 -15.125
vt -1.1874981 -15.03125
vt -1.1874981 -15.125
vt -15.125 -0.031249989
vt -15.03125 -0.031249989
vt -15.03125 0.24999999
vt -15.125 0.24999999
vt 15.09375 -3.7252903e-09
vt 15.09375 -0.03125
vt 1.3125001 15.09375
vt 1.3125001 15
vt 1.2187482 15
vt -1.2187496 -0.03125
vt -1.3124999 -0.03125
vt -1.3124999 -3.7252903e-09
vt -1.2187496 -3.7252903e-09
vt 14.65625 -3.7252903e-09
vt 14.65625 -0.03125
vt 14.75 -1.3125001
vt 14.65625 -1.3125001
vt 14.75 -1.2187482
vt -14.625 1.28125
vt -14.625 1.1874981
vt -14.71875 1.1874981
vt -14.71875 -0.031249989
vt -14.625 -0.031249989
vt -14.625 0.24999999
vt -14.71875 0.24999999
vt 1.2812499 0.24999999
vt 1.2812499 -0.031249989
vt 1.1874996 -0.031249989
vt 1.1874996 0.24999999
vt -7.450581e-09 4.5869594
vt -7.450581e-09 4.5625
vt 0.03125 4.5625
vt 0.03125 4.601332
vt 4.5625005 -13.1875
vt 4.5625005 -12.28125
vt 4.58696 -12.28125
vt 4.58696 -13.1875
vt 4.601332 -13.1875
vt 4.601332 -12.28125
vt 4.5625 -12.28125
vt 4.5625 -13.1875
vt 0.031249985 -13.1875
vt 0.031249985 -12.28125
vt -2.2351742e-08 -12.28125
vt -2.2351742e-08 -13.1875
vt -0.03282039 4.65625
vt -0.04438052 4.625
vt 1.1175871e-08 4.5869594
vt 0.03125002 4.601332
vt 4.625 -13.1875
vt 4.625 -12.28125
vt 4.65625 -12.28125
vt 4.65625 -13.1875
vt -1.1175871e-08 -13.1875
vt -1.1175871e-08 -12.28125
vt -0.044380542 -12.28125
vt -0.044380542 -13.1875
vt -0.03282043 -13.1875
vt -0.03282043 -12.28125
vt 0.031249978 -12.28125
vt 0.031249978 -13.1875
vt 7.450581e-09 4.5869594
vt -0.044380523 4.625
vt -0.032820392 4.65625
vt 0.031250015 4.601332
vt -0.1875 4.601332
vt -0.15625 4.5869594
vt -0.11186946 4.625
vt -0.12342959 4.65625
vt -0.15625 -13.1875
vt -0.15625 -12.28125
vt -0.18750001 -12.28125
vt -0.18750001 -13.1875
vt -0.11186946 -12.28125
vt -0.1875 -13.1875
vt -0.1875 -12.28125
vt -0.123429574 -12.28125
vt -0.123429574 -13.1875
vt -0.1875 4.5625
vt -0.15624999 4.5625
vt -0.15624999 4.5869594
vt -0.03282037 4.65625
vt -0.12342961 4.65625
vt -0.111869484 4.625
vt -0.0443805 4.625
vt -0.123429626 -13.1875
vt -0.123429626 -12.28125
vt -0.032820385 -12.28125
vt -0.032820385 -13.1875
vt -0.044380516 -12.28125
vt -0.1118695 -12.28125
vt -0.1118695 -13.1875
vt -7.450581e-09 -4.2880406
vt 0.03125 -4.273668
vt 0.03125 -4.3125005
vt -7.450581e-09 -4.3125005
vt 0.031249985 13.15625
vt 0.031249985 12.25
vt -2.2351742e-08 12.25
vt -2.2351742e-08 13.15625
vt -4.3125 13.15625
vt -4.3125 12.25
vt -4.2736673 12.25
vt -4.2736673 13.15625
vt -4.28804 13.15625
vt -4.28804 12.25
vt -0.032820392 -4.2187505
vt 0.031250015 -4.273668
vt 7.450581e-09 -4.2880406
vt -0.044380523 -4.2500005
vt 0.031249978 13.15625
vt 0.031249978 12.25
vt -0.03282043 12.25
vt -0.03282043 13.15625
vt -0.044380542 13.15625
vt -0.044380542 12.25
vt -1.1175871e-08 12.25
vt -1.1175871e-08 13.15625
vt -4.21875 13.15625
vt -4.21875 12.25
vt -4.25 12.25
vt -4.25 13.15625
vt -0.04438052 -4.2500005
vt 1.1175871e-08 -4.2880406
vt 0.03125002 -4.273668
vt -0.03282039 -4.2187505
vt -0.03282037 -4.21875
vt -0.0443805 -4.25
vt -0.111869484 -4.25
vt -0.12342961 -4.21875
vt -0.1118695 13.15625
vt -0.1118695 12.25
vt -0.044380516 12.25
vt -0.044380516 13.15625
vt -0.032820385 13.15625
vt -0.032820385 12.25
vt -0.123429626 12.25
vt -0.123429626 13.15625
vt -0.15624999 -4.3125005
vt -0.1875 -4.3125005
vt -0.1875 -4.273668
vt -0.15624999 -4.2880406
vt -0.15625 13.15625
vt -0.15625 12.25
vt -0.18750001 12.25
vt -0.18750001 13.15625
vt -0.11186946 -4.2500005
vt -0.15625 -4.2880406
vt -0.12342959 -4.2187505
vt -0.123429574 13.15625
vt -0.123429574 12.25
vt -0.1875 12.25
vt -0.1875 13.15625
vt -0.11186946 12.25
vt -0.11186946 13.15625
vt 4.65625 -3.7252903e-09
vt 4.5625 -3.7252903e-09
vt 4.5625 -0.03125
vt 4.65625 -0.03125
vt -13.5 4.65625
vt -13.5 4.5625
vt -13.59375 4.5625
vt 4.656251 -3.7252903e-09
vt 4.656251 -0.03125
vt 4.562501 -0.03125
vt 4.562501 -3.7252903e-09
vt -4.531251 -0.031249989
vt -4.625001 -0.031249989
vt -4.625001 0.24999999
vt -4.531251 0.24999999
vt 13.625 -4.625
vt 13.53125 -4.625
vt 13.625 -4.53125
vt -4.625 -0.031249989
vt -4.53125 -0.031249989
vt -4.53125 0.24999999
vt -4.625 0.24999999
vt 4.15625 -0.03125
vt 4.25 -0.03125
vt 4.25 -3.7252903e-09
vt 4.15625 -3.7252903e-09
vt 4.25 13.59375
vt 4.25 13.5
vt 4.15625 13.5
vt 4.28125 -0.03125
vt 4.1875 -0.03125
vt 4.1875 -3.7252903e-09
vt 4.28125 -3.7252903e-09
vt -4.25 0.24999999
vt -4.15625 0.24999999
vt -4.15625 -0.031249989
vt -4.25 -0.031249989
vt -4.28125 -13.625
vt -4.1875 -13.53125
vt -4.1875 -13.625
vt -4.28125 0.24999999
vt -4.28125 -0.031249989
vt -4.1875 -0.031249989
vt -4.1875 0.24999999
vt -4.1562505 -0.03125
vt -4.2500005 -0.03125
vt -4.2500005 -3.7252903e-09
vt -4.1562505 -3.7252903e-09
vt 13.25 -4.25
vt 13.15625 -4.25
vt 13.25 -4.15625
vt -4.15625 -0.03125
vt -4.15625 -3.7252903e-09
vt 4.28125 0.24999999
vt 4.1875 0.24999999
vt 4.1875 -0.031249989
vt 4.28125 -0.031249989
vt -13.125 4.28125
vt -13.125 4.1875
vt -13.21875 4.1875
vt 4.2812505 0.24999999
vt 4.2812505 -0.031249989
vt 4.1875005 -0.031249989
vt 4.1875005 0.24999999
vt -5.625 -3.7252903e-09
vt -5.53125 -3.7252903e-09
vt -5.53125 -0.03125
vt -5.625 -0.03125
vt -4.65625 -13.25
vt -4.5625 -13.15625
vt -4.5625 -13.25
vt -4.65625 -3.7252903e-09
vt -4.65625 -0.03125
vt 4.53125 -0.031249989
vt 4.625 -0.031249989
vt 4.625 0.24999999
vt 4.53125 0.24999999
vt 4.625 13.21875
vt 4.625 13.125
vt 4.53125 13.125
vt 5.65625 -0.031249989
vt 5.5625 -0.031249989
vt 5.5625 0.24999999
vt 5.65625 0.24999999
vt 0.125 4.5625
vt 0.125 4.5869594
vt 0.15625001 4.601332
vt 0.15625001 4.5625
vt 0.15625001 15.0625
vt 0.15625001 13.65625
vt 0.125 13.65625
vt 0.125 15.0625
vt 4.5625 15.0625
vt 4.5625 13.65625
vt 4.601332 13.65625
vt 4.601332 15.0625
vt 4.58696 15.0625
vt 4.58696 13.65625
vt 4.5625005 13.65625
vt 4.5625005 15.0625
vt 0.092179604 4.65625
vt 0.15625003 4.601332
vt 0.08061948 4.625
vt 0.15625003 15.0625
vt 0.15625003 13.65625
vt 0.092179604 15.0625
vt 0.14311945 15.0625
vt 0.14311945 13.65625
vt 0.1875 13.65625
vt 0.1875 15.0625
vt 4.65625 15.0625
vt 4.65625 13.65625
vt 4.625 13.65625
vt 4.625 15.0625
vt 0.013130516 4.625
vt 0.001570385 4.65625
vt 0.092179626 4.65625
vt 0.0806195 4.625
vt 0.092179626 15.0625
vt 0.001570385 13.65625
vt 0.001570385 15.0625
vt 0.013130516 15.0625
vt 0.013130516 13.65625
vt 0.0806195 13.65625
vt 0.07563052 4.625
vt 0.031249993 4.5869594
vt -1.4901161e-08 4.601332
vt 0.06407039 4.65625
vt 0.06407039 15.0625
vt 0.06407039 13.65625
vt -1.4901161e-08 13.65625
vt -1.4901161e-08 15.0625
vt 0.031249993 15.0625
vt 0.031249993 13.65625
vt 0.07563052 13.65625
vt 0.07563052 15.0625
vt 7.450581e-09 15.0625
vt 7.450581e-09 13.65625
vt 0.031250015 13.65625
vt 0.031250015 15.0625
vt 0.031250015 4.5625
vt 7.450581e-09 4.5625
vt 7.450581e-09 4.601332
vt 0.031250015 4.5869594
vt 7.450581e-09 3.28125
vt 7.450581e-09 4.15625
vt 0.031250015 4.15625
vt 0.031250015 3.28125
vt -0.031249978 -14.75
vt -0.031249978 -14.72554
vt -0.062499985 -14.711167
vt -0.062499985 -14.75
vt -14.75 3.28125
vt -14.72554 3.28125
vt -14.72554 4.15625
vt -14.75 4.15625
vt -14.711167 4.15625
vt -14.711167 3.28125
vt -0.06249997 4.15625
vt 0.001570438 4.15625
vt 0.001570438 3.28125
vt -0.06249997 3.28125
vt -14.6875 3.28125
vt -14.65625 3.28125
vt -14.65625 4.15625
vt -14.6875 4.15625
vt -0.031250004 -14.72554
vt 0.013130528 -14.6875
vt 0.001570397 -14.65625
vt -0.062500015 -14.711167
vt -0.031249994 3.28125
vt 0.013130537 3.28125
vt 0.013130537 4.15625
vt -0.031249994 4.15625
vt 0.1546796 3.28125
vt 0.06407037 3.28125
vt 0.06407037 4.15625
vt 0.1546796 4.15625
vt 0.0806195 -14.6875
vt 0.092179626 -14.65625
vt 0.0015703859 -14.65625
vt 0.013130517 -14.6875
vt 0.14311948 3.28125
vt 0.14311948 4.15625
vt 0.07563049 4.15625
vt 0.07563049 3.28125
vt 0.18749999 3.28125
vt 0.18749999 4.15625
vt 0.21875 4.15625
vt 0.21875 3.28125
vt 0.15625001 -14.75
vt 0.15625001 -14.711167
vt 0.125 -14.72554
vt 0.125 -14.75
vt 0.15467957 3.28125
vt 0.15467957 4.15625
vt 0.15625003 -14.711167
vt 0.092179604 -14.65625
vt 0.08061948 -14.6875
vt 0.1875 4.15625
vt 0.14311945 4.15625
vt 0.14311945 3.28125
vt 0.1875 3.28125
vt -4.1562486 -0.03125
vt -4.2499986 -0.03125
vt -4.2499986 -3.7252903e-09
vt -4.1562486 -3.7252903e-09
vt 14.75 -4.3125
vt 14.65625 -4.3125
vt 14.75 -4.21875
vt -4.3125 -0.03125
vt -4.21875 -0.03125
vt -4.21875 -3.7252903e-09
vt -4.3125 -3.7252903e-09
vt -14.6875 4.28125
vt -14.6875 4.1875
vt -14.78125 4.1875
vt -14.78125 -0.031249989
vt -14.6875 -0.031249989
vt -14.6875 0.24999999
vt -14.78125 0.24999999
vt 4.2812486 0.24999999
vt 4.2812486 -0.031249989
vt 4.1874986 -0.031249989
vt 4.1874986 0.24999999
vt -3.3125 -3.7252903e-09
vt -3.3125 -0.03125
vt -3.28125 -14.75
vt -3.1875 -14.65625
vt -3.1875 -14.75
vt -14.75 -0.03125
vt -14.65625 -0.03125
vt -14.65625 -3.7252903e-09
vt -14.75 -3.7252903e-09
vt -3.28125 -3.7252903e-09
vt -3.28125 -0.03125
vt 14.78125 0.24999999
vt 14.6875 0.24999999
vt 14.6875 -0.031249989
vt 14.78125 -0.031249989
vt 3.3125 14.78125
vt 3.3125 14.6875
vt 3.21875 14.6875
vt 3.28125 -0.031249989
vt 3.1875 -0.031249989
vt 3.1875 0.24999999
vt 3.28125 0.24999999
vt 16.46875 -3.7252903e-09
vt 16.46875 -0.03125
vt 16.46875 -2.9375
vt 16.5625 -2.843749
vt 2.90625 0.24999999
vt 2.812499 0.24999999
vt 2.812499 -0.031249989
vt 2.90625 -0.031249989
vt -16.4375 2.90625
vt -16.53125 2.812499
vt -16.53125 -0.031249989
vt -16.4375 -0.031249989
vt -16.4375 0.24999999
vt -16.53125 0.24999999
vt -2.6875002 -3.7252903e-09
vt -2.5937502 -3.7252903e-09
vt -2.5937502 -0.03125
vt -2.6875002 -0.03125
vt -1.6562501 -16.5625
vt -1.5625001 -16.46875
vt -1.5625001 -16.5625
vt -16.5625 -0.03125
vt -16.46875 -0.03125
vt -16.46875 -3.7252903e-09
vt -16.5625 -3.7252903e-09
vt 16.53125 0.24999999
vt 16.4375 0.24999999
vt 16.4375 -0.031249989
vt 16.53125 -0.031249989
vt 1.6875 16.53125
vt 1.6875 16.4375
vt 1.59375 16.4375
vt 2.6562502 -0.031249989
vt 2.5625002 -0.031249989
vt 2.5625002 0.24999999
vt 2.6562502 0.24999999
vt 7.450581e-09 -1.3437502
vt 7.450581e-09 -3.25
vt 0.031250015 -3.25
vt 0.031250015 -1.3437502
vt 16.83696 -1.3437502
vt 16.8125 -1.3437502
vt 16.8125 -3.25
vt 16.83696 -3.25
vt 0.031250015 16.83696
vt 0.031250015 16.8125
vt 7.450581e-09 16.8125
vt 7.450581e-09 16.851332
vt 16.851332 -3.25
vt 16.851332 -1.3437502
vt 0.07563052 -1.3437502
vt 0.031249993 -1.3437502
vt 0.031249993 -3.25
vt 0.07563052 -3.25
vt 0.064070426 16.90625
vt 0.07563055 16.875
vt 0.031250022 16.83696
vt 1.4901161e-08 16.851332
vt 16.90625 -1.3437502
vt 16.875 -1.3437502
vt 16.875 -3.25
vt 16.90625 -3.25
vt -1.4901161e-08 -3.25
vt -1.4901161e-08 -1.3437502
vt 0.064070396 -1.3437502
vt 0.064070396 -3.25
vt 0.07563049 -1.3437502
vt 0.07563049 -3.25
vt 0.14311948 -3.25
vt 0.14311948 -1.3437502
vt 0.1546796 16.90625
vt 0.14311948 16.875
vt 0.07563049 16.875
vt 0.06407037 16.90625
vt 0.1546796 -1.3437502
vt 0.1546796 -3.25
vt 0.06407037 -3.25
vt 0.06407037 -1.3437502
vt 0.18749999 -3.25
vt 0.21875 -3.25
vt 0.21875 -1.3437502
vt 0.18749999 -1.3437502
vt 0.21875 16.851332
vt 0.21875 16.8125
vt 0.18749999 16.8125
vt 0.18749999 16.83696
vt 0.14311945 -3.25
vt 0.1875 -3.25
vt 0.1875 -1.3437502
vt 0.14311945 -1.3437502
vt 0.1875 16.83696
vt 0.14311945 16.875
vt 0.15467957 -1.3437502
vt 0.15467957 -3.25
vt 1.2187481 -0.031249989
vt 1.3125 -0.031249989
vt 1.3125 0.24999999
vt 1.2187481 0.24999999
vt 16.90625 0.24999999
vt 16.8125 0.24999999
vt 16.8125 -0.031249989
vt 16.90625 -0.031249989
vt 1.3125001 16.90625
vt 1.3125001 16.8125
vt 1.2187482 16.8125
vt 1.2812498 -0.031249989
vt 1.1874979 -0.031249989
vt 1.1874979 0.24999999
vt 1.2812498 0.24999999
vt -3.21875 -0.031249985
vt -4.625 -0.031249985
vt -4.625 0.3125
vt -3.21875 0.3125
vt 15.03125 0.3125
vt 15 0.3125
vt 15 -0.031249985
vt 15.03125 -0.031249985
vt 15.03125 -4.625
vt 15 -4.625
vt 15 -3.21875
vt 15.03125 -3.21875
vt -3.25 -0.031249989
vt -3.28125 -0.031249989
vt -3.28125 0.24999999
vt -3.25 0.24999999
vt 16.875 0.24999999
vt 16.03125 0.24999999
vt 16.03125 -0.031249989
vt 16.875 -0.031249989
vt 16.875 -3.28125
vt 16.03125 -3.28125
vt 16.03125 -3.25
vt 15.8125 0.24999999
vt 15.03125 0.24999999
vt 15.03125 -0.031249989
vt 15.8125 -0.031249989
vt 15.8125 -3.28125
vt 15.03125 -3.28125
vt 15.8125 -3.25
vt -3.21875 1.4901161e-08
vt -3.25 1.4901161e-08
vt -3.25 0.083232075
vt -3.21875 0.083232075
vt 12.96875 -3.21875
vt 12.9375 -3.21875
vt 12.9375 -3.25
vt 12.96875 -3.25
vt 12.96875 0.09061225
vt 12.9375 0.08323207
vt 12.9375 7.450581e-09
vt 12.96875 7.450581e-09
vt -3.25 2.2351742e-08
vt -3.21875 2.2351742e-08
vt -3.21875 0.09061226
vt -3.25 0.09061226
vt -3.25 0.08323211
vt -3.25 0.18749663
vt -3.21875 0.18749663
vt -3.21875 0.08323211
vt -3.21875 0.21874999
vt -3.21875 0.18749665
vt -3.25 0.18749665
vt -3.25 0.21874999
vt 12.904678 0.21874997
vt 12.885367 0.18749663
vt 12.937501 0.08323211
vt 12.968751 0.09061229
vt -3.21875 0.09061229
vt -3.21875 0.21874997
vt -3.25 0.21874997
vt -3.25 0.09061229
vt 12.904676 0.21874999
vt 12.81407 0.21874999
vt 12.833384 0.18749665
vt 12.8853655 0.18749665
vt 12.885366 -3.25
vt 12.8333845 -3.25
vt 12.8333845 -3.21875
vt 12.885366 -3.21875
vt 12.904677 -3.21875
vt 12.814071 -3.21875
vt 12.814071 -3.25
vt 12.904677 -3.25
vt 12.78125 -3.25
vt 12.75 -3.25
vt 12.75 -3.21875
vt 12.78125 -3.21875
vt 12.8333845 0.18749663
vt 12.814071 0.21874997
vt 12.75 0.09061229
vt 12.78125 0.08323211
vt 12.78125 0.08323207
vt 12.75 0.09061225
vt 12.75 7.450581e-09
vt 12.78125 7.450581e-09
vt -3.21875 0.15625
vt -3.25 0.15625
vt -3.25 0.25
vt -3.21875 0.25
vt 16 0.25
vt 15.96875 0.25
vt 15.96875 0.15625
vt 16 0.15625
vt 16 -3.25
vt 15.96875 -3.25
vt 15.96875 -3.21875
vt 16 -3.21875
vt 15.875 0.25
vt 15.84375 0.25
vt 15.84375 0.15625
vt 15.875 0.15625
vt 15.875 -3.25
vt 15.84375 -3.25
vt 15.84375 -3.21875
vt 15.875 -3.21875
vt -3.21875 0.21875
vt -3.25 0.21875
vt 15.8125 0.25
vt 15.8125 0.21875
vt 15.875 0.21875
vt 15.8125 -3.21875
vt 16.03125 0.25
vt 15.96875 0.21875
vt 16.03125 0.21875
vt 16.03125 -3.21875
vt -3.28125 -0.031249985
vt -4.59375 -0.031249985
vt -4.59375 0.3125
vt -3.28125 0.3125
vt 16.84375 0.3125
vt 16.8125 0.3125
vt 16.8125 -0.031249985
vt 16.84375 -0.031249985
vt 16.84375 -4.59375
vt 16.8125 -4.59375
vt 16.8125 -3.28125
vt 16.84375 -3.28125
vt 4.5625 -0.031249985
vt 4.59375 -0.031249985
vt 4.59375 0.3125
vt 4.5625 0.3125
vt 4.59375 16.84375
vt 4.59375 15.03125
vt 4.5625 15.03125
vt 4.5625 16.84375
vt 1.9375 0.2888325
vt 1.9375 0.24999999
vt 1.96875 0.24999999
vt 1.96875 0.27445954
vt 0.27445954 -13.25
vt 0.27445954 -11.875
vt 0.25 -11.875
vt 0.25 -13.25
vt 1.96875 -13.25
vt 1.96875 -11.875
vt 1.9375 -11.875
vt 1.9375 -13.25
vt 0.28883255 -11.875
vt 0.28883255 -13.25
vt 2.0131304 0.3125
vt 2.0015705 0.34375
vt 0.34375 -13.25
vt 0.34375 -11.875
vt 0.3125 -11.875
vt 0.3125 -13.25
vt 2.0131302 -13.25
vt 2.0131302 -11.875
vt 1.9687498 -11.875
vt 1.9687498 -13.25
vt 2.0015705 -11.875
vt 2.0015705 -13.25
vt 2.0806196 0.3125
vt 2.0921795 0.34375
vt 2.0806196 -13.25
vt 2.0806196 -11.875
vt 2.0131304 -11.875
vt 2.0131304 -13.25
vt 2.0921795 -11.875
vt 2.0921795 -13.25
vt 2.125 0.27445954
vt 2.15625 0.2888325
vt 2.15625 -13.25
vt 2.15625 -11.875
vt 2.125 -11.875
vt 2.125 -13.25
vt 2.0921793 -13.25
vt 2.0921793 -11.875
vt 2.1562498 -11.875
vt 2.1562498 -13.25
vt 2.125 0.24999999
vt 2.15625 0.24999999
vt 3.0921793 0.34375
vt 3.080619 0.3125
vt 3.1249998 0.27445954
vt 3.1562498 0.2888325
vt 0.3125 -13.84375
vt 0.3125 -12.875
vt 0.34375 -12.875
vt 0.34375 -13.84375
vt 3.15625 -13.84375
vt 3.15625 -12.875
vt 3.125 -12.875
vt 3.125 -13.84375
vt 3.1250002 -13.84375
vt 3.1250002 -12.875
vt 3.0806196 -12.875
vt 3.0806196 -13.84375
vt 3.0921795 -13.84375
vt 3.0921795 -12.875
vt 3.0131304 0.3125
vt 3.0806193 0.3125
vt 3.0921795 0.34375
vt 3.0015702 0.34375
vt 3.0806193 -13.84375
vt 3.0806193 -12.875
vt 3.0131304 -12.875
vt 3.0131304 -13.84375
vt 3.0015702 -13.84375
vt 3.0015702 -12.875
vt 2.9375 0.2888325
vt 2.96875 0.27445954
vt 2.96875 -13.84375
vt 2.96875 -12.875
vt 2.9375 -12.875
vt 2.9375 -13.84375
vt 2.9375002 -13.84375
vt 2.9375002 -12.875
vt 3.0015705 -12.875
vt 3.0015705 -13.84375
vt 2.9375 0.24999999
vt 0.27445954 -13.84375
vt 0.27445954 -12.875
vt 0.25 -12.875
vt 0.25 -13.84375
vt 0.28883255 -12.875
vt 0.28883255 -13.84375
vt 3.125 0.27445954
vt 3.125 0.24999999
vt 3.15625 0.24999999
vt 3.15625 0.2888325
vt 0.34375 3.0625
vt 0.3125 3.0625
vt 0.3125 4.1875
vt 0.34375 4.1875
vt 8.125 4.1875
vt 8.080619 4.1875
vt 8.080619 3.0625
vt 8.125 3.0625
vt 8.092179 0.34375
vt 8.080619 0.3125
vt 8.125 0.27445954
vt 8.15625 0.2888325
vt 8.15625 4.1875
vt 8.15625 3.0625
vt 8.156249 3.0625
vt 8.092178 3.0625
vt 8.092178 4.1875
vt 8.156249 4.1875
vt 0.25 3.0625
vt 0.25 4.1875
vt 0.27445954 4.1875
vt 0.27445954 3.0625
vt 8.125 0.24999999
vt 8.15625 0.24999999
vt 0.28883255 3.0625
vt 0.28883255 4.1875
vt 7.96875 0.27445954
vt 7.9375 0.2888325
vt 7.9375 0.24999999
vt 7.96875 0.24999999
vt 7.96875 4.1875
vt 7.9375 4.1875
vt 7.9375 3.0625
vt 7.96875 3.0625
vt 8.001572 3.0625
vt 7.937501 3.0625
vt 7.937501 4.1875
vt 8.001572 4.1875
vt 8.001571 0.34375
vt 8.01313 0.3125
vt 8.01313 4.1875
vt 8.01313 3.0625
vt 8.092179 3.0625
vt 8.001571 3.0625
vt 8.001571 4.1875
vt 8.092179 4.1875
vt -4.3247933 0.3125
vt -4.3247933 0.28125
vt -4.518956 0.28125
vt -4.518956 0.3125
vt 13.302696 0.27394104
vt 13.15625 0.27394104
vt 13.15625 0.30519104
vt 13.302696 0.30519104
vt 13.15625 0.30519092
vt 13.15625 0.27394092
vt 13.302696 0.27394092
vt 13.302696 0.30519092
vt 13.509804 0.3125
vt 13.302696 0.3125
vt 13.302696 0.28125
vt 13.509804 0.28125
vt 13.656249 -4.518956
vt 13.509804 -4.65625
vt 13.302696 -4.65625
vt 13.15625 -4.518956
vt 13.15625 -4.3247933
vt 13.302696 -4.1875
vt 13.509804 -4.1875
vt 13.656249 -4.3247933
vt 13.65625 0.30519092
vt 13.509805 0.30519092
vt 13.509805 0.27394092
vt 13.65625 0.27394092
vt 13.65625 0.28125
vt 13.509805 0.28125
vt 13.509805 0.3125
vt 13.65625 0.3125
vt 0.28883255 -15.3125
vt 0.28883255 -13.875
vt 0.25 -13.875
vt 0.25 -15.3125
vt 3.15625 -15.3125
vt 3.15625 -13.875
vt 3.125 -13.875
vt 3.125 -15.3125
vt 0.27445954 -13.875
vt 0.27445954 -15.3125
vt 0.3125 -15.3125
vt 0.3125 -13.875
vt 0.34375 -13.875
vt 0.34375 -15.3125
vt 3.1250002 -15.3125
vt 3.1250002 -13.875
vt 3.0806196 -13.875
vt 3.0806196 -15.3125
vt 3.0921795 -15.3125
vt 3.0921795 -13.875
vt 2.96875 -15.3125
vt 2.96875 -13.875
vt 2.9375 -13.875
vt 2.9375 -15.3125
vt 3.0131304 -15.3125
vt 3.0131304 -13.875
vt 2.9375002 -15.3125
vt 2.9375002 -13.875
vt 3.0015705 -13.875
vt 3.0015705 -15.3125
vt 0.27445954 -15.03125
vt 0.25 -15.03125
vt 2.96875 -15.03125
vt 2.9375 -15.03125
vt 0.28883255 -15.03125
vt 3.0806193 -15.3125
vt 3.0806193 -13.875
vt 3.0015702 -15.3125
vt 3.0015702 -13.875
vt 0.25 5.21875
vt 0.25 5.96875
vt 0.27445954 5.96875
vt 0.27445954 5.21875
vt 8.15625 5.21875
vt 8.125 5.21875
vt 8.125 5.96875
vt 8.15625 5.96875
vt 0.28883255 5.21875
vt 0.28883255 5.96875
vt 0.34375 5.21875
vt 0.3125 5.21875
vt 0.3125 5.96875
vt 0.34375 5.96875
vt 8.080619 5.96875
vt 8.080619 5.21875
vt 8.156249 5.21875
vt 8.092178 5.21875
vt 8.092178 5.96875
vt 8.156249 5.96875
vt 8.01313 5.96875
vt 8.01313 5.21875
vt 8.092179 5.21875
vt 8.001571 5.21875
vt 8.001571 5.96875
vt 8.092179 5.96875
vt 8.001572 5.21875
vt 7.937501 5.21875
vt 7.937501 5.96875
vt 8.001572 5.96875
vt 7.96875 5.96875
vt 7.9375 5.96875
vt 7.9375 5.21875
vt 7.96875 5.21875
vt -3.3247938 0.3125
vt -3.3247938 0.28125
vt -3.5189595 0.28125
vt -3.5189595 0.3125
vt 13.656249 -3.5189595
vt 13.509804 -3.6562502
vt 13.302696 -3.6562502
vt 13.15625 -3.5189595
vt 13.15625 -3.3247938
vt 13.302696 -3.1874993
vt 13.509804 -3.1874993
vt 13.656249 -3.3247938
vt 0.27445954 -15.156248
vt 0.25 -15.156248
vt 1.96875 -15.156248
vt 1.96875 -13.84375
vt 1.9375 -13.84375
vt 1.9375 -15.156248
vt 0.28883255 -15.156248
vt 0.34375 -15.156248
vt 0.3125 -15.156248
vt 2.0131302 -15.156248
vt 2.0131302 -13.84375
vt 1.9687498 -13.84375
vt 1.9687498 -15.156248
vt 2.0015705 -13.84375
vt 2.0015705 -15.156248
vt 2.0806196 -15.156248
vt 2.0806196 -13.84375
vt 2.0131304 -13.84375
vt 2.0131304 -15.156248
vt 2.0921795 -13.84375
vt 2.0921795 -15.156248
vt 2.15625 -15.156248
vt 2.15625 -13.84375
vt 2.125 -13.84375
vt 2.125 -15.156248
vt 2.0921793 -15.156248
vt 2.0921793 -13.84375
vt 2.1562498 -13.84375
vt 2.1562498 -15.156248
vt 0.27445954 -16.40625
vt 0.27445954 -14.749999
vt 0.25 -14.749999
vt 0.25 -16.40625
vt 1.96875 -16.40625
vt 1.96875 -14.749999
vt 1.9375 -14.749999
vt 1.9375 -16.40625
vt 0.28883255 -14.749999
vt 0.28883255 -16.40625
vt 0.34375 -16.71875
vt 0.34375 -14.749999
vt 0.3125 -14.749999
vt 0.3125 -16.71875
vt 1.96875 -16.71875
vt 1.9375 -16.71875
vt 2.0131302 -16.71875
vt 2.0131302 -14.749999
vt 1.9687498 -14.749999
vt 1.9687498 -16.71875
vt 2.0015705 -14.749999
vt 2.0015705 -16.71875
vt 2.0806196 -16.71875
vt 2.0806196 -14.749999
vt 2.0131304 -14.749999
vt 2.0131304 -16.71875
vt 2.0921795 -14.749999
vt 2.0921795 -16.71875
vt 2.15625 -16.71875
vt 2.15625 -14.749999
vt 2.125 -14.749999
vt 2.125 -16.71875
vt 2.0921793 -16.71875
vt 2.0921793 -14.749999
vt 2.1562498 -14.749999
vt 2.1562498 -16.71875
vt 0.28883255 -16.71875
vt 0.25 -16.71875
vt 0.27445954 -16.71875
vt 0.28883255 1.875
vt 0.25 1.875
vt 0.25 3.1875
vt 0.28883255 3.1875
vt 9.968748 0.27445954
vt 9.9375 0.2888325
vt 9.9375 0.24999999
vt 9.968748 0.24999999
vt 9.968748 3.1875
vt 9.9375 3.1875
vt 9.9375 1.875
vt 9.968748 1.875
vt 0.27445954 1.875
vt 0.27445954 3.1875
vt 10.001569 1.875
vt 10.001569 3.1875
vt 10.00157 0.34375
vt 9.937501 0.2888325
vt 9.968749 0.27445954
vt 10.013131 0.3125
vt 10.01313 3.1875
vt 10.01313 1.875
vt 0.3125 1.875
vt 0.34375 1.875
vt 0.34375 3.1875
vt 0.3125 3.1875
vt 10.09218 0.34375
vt 10.08062 0.3125
vt 10.08062 3.1875
vt 10.013131 3.1875
vt 10.013131 1.875
vt 10.08062 1.875
vt 10.09218 1.875
vt 10.00157 1.875
vt 10.00157 3.1875
vt 10.09218 3.1875
vt 10.125 3.1875
vt 10.125 1.875
vt 10.092178 0.34375
vt 10.080618 0.3125
vt 10.124998 0.27445954
vt 10.156249 0.2888325
vt 10.156251 3.1875
vt 10.156251 1.875
vt 10.15625 1.875
vt 10.092179 1.875
vt 10.092179 3.1875
vt 10.15625 3.1875
vt 10.156251 0.2888325
vt 10.125 0.27445954
vt 10.125 0.24999999
vt 10.156251 0.24999999
vt -2.875 0.25
vt -2.90625 0.25
vt -2.90625 0.28125
vt -2.875 0.28125
vt 16.5 0.28125
vt 16.46875 0.28125
vt 16.46875 0.25
vt 16.5 0.25
vt 16.5 -2.90625
vt 16.46875 -2.90625
vt 16.46875 -2.875
vt 16.5 -2.875
vt -2.96875 0.25
vt -3.15625 0.25
vt -3.15625 0.28125
vt -2.96875 0.28125
vt 16.875 0.28125
vt 16.84375 0.28125
vt 16.84375 0.25
vt 16.875 0.25
vt 16.875 -3.15625
vt 16.84375 -3.15625
vt 16.84375 -2.96875
vt 16.875 -2.96875
vt 0.28883255 1.8125
vt 0.25 1.8125
vt 7.96875 3.1875
vt 7.9375 3.1875
vt 7.9375 1.8125
vt 7.96875 1.8125
vt 0.27445954 1.8125
vt 8.001572 1.8125
vt 7.937501 1.8125
vt 7.937501 3.1875
vt 8.001572 3.1875
vt 8.01313 3.1875
vt 8.01313 1.8125
vt 0.3125 1.8125
vt 0.34375 1.8125
vt 8.080619 3.1875
vt 8.080619 1.8125
vt 8.092179 1.8125
vt 8.001571 1.8125
vt 8.001571 3.1875
vt 8.092179 3.1875
vt 8.125 3.1875
vt 8.125 1.8125
vt 8.15625 3.1875
vt 8.15625 1.8125
vt 8.156249 1.8125
vt 8.092178 1.8125
vt 8.092178 3.1875
vt 8.156249 3.1875
vt -2.875 0.21875
vt -2.90625 0.21875
vt -13.59375 0.25
vt -13.5625 0.25
vt -13.5625 0.21875
vt -13.59375 0.21875
vt -2.8437502 -13.593751
vt -2.8437502 -13.562501
vt -2.8125002 -13.562501
vt -13.90625 0.21875
vt -13.875 0.21875
vt -13.875 0.25
vt -13.90625 0.25
vt -3.28125 0.25
vt -3.28125 0.21875
vt 13.531251 -3.2812498
vt 13.531251 -3.2499998
vt 13.562501 -3.2499998
vt 13.5625 0.21875
vt 13.53125 0.21875
vt 13.53125 0.25
vt 13.5625 0.25
vt 13.718752 0.25
vt 13.718752 0.21875
vt 13.750002 0.21875
vt 13.750002 0.25
vt 13.25 0.25
vt 13.21875 0.25
vt 13.21875 0.21875
vt 13.25 0.21875
vt 3.3125002 13.249999
vt 3.2812502 13.218749
vt 3.2812502 13.249999
vt 3.3125 0.25
vt 3.3125 0.21875
vt 3.28125 0.21875
vt 3.28125 0.25
vt -13.15625 0.21875
vt -13.125 0.21875
vt -13.125 0.25
vt -13.15625 0.25
vt -13.21875 0.25
vt -13.1875 0.25
vt -13.1875 0.21875
vt -13.21875 0.21875
vt -13.218749 2.8750002
vt -13.187499 2.8750002
vt -13.218749 2.8437502
vt 2.875 0.21875
vt 2.84375 0.21875
vt 2.84375 0.25
vt 2.875 0.25
vt -4.1875 0.21875
vt -4.21875 0.21875
vt -4.21875 0.25
vt -4.1875 0.25
vt -4.2187505 -13.593751
vt -4.2187505 -13.562501
vt -4.1875005 -13.562501
vt -14.21875 0.21875
vt -14.1875 0.21875
vt -14.1875 0.25
vt -14.21875 0.25
vt -4.59375 0.25
vt -4.5625 0.25
vt -4.5625 0.21875
vt -4.59375 0.21875
vt 13.593751 -4.59375
vt 13.593751 -4.5625
vt 13.625001 -4.5625
vt 13.625 0.21875
vt 13.59375 0.21875
vt 13.59375 0.25
vt 13.625 0.25
vt 13.406249 0.25
vt 13.406249 0.21875
vt 13.437499 0.21875
vt 13.437499 0.25
vt 4.5625005 13.249999
vt 4.5312505 13.218749
vt 4.5312505 13.249999
vt 4.625 0.25
vt 4.625 0.21875
vt 4.59375 0.21875
vt 4.59375 0.25
vt -13.781249 0.21875
vt -13.749999 0.21875
vt -13.749999 0.25
vt -13.781249 0.25
vt -13.218749 4.2500005
vt -13.187499 4.2500005
vt -13.218749 4.2187505
vt 4.25 0.21875
vt 4.21875 0.21875
vt 4.21875 0.25
vt 4.25 0.25
vt 0.25 4.125
vt 0.27445954 4.125
vt 9.15625 3.0625
vt 9.125 3.0625
vt 9.125 4.125
vt 9.15625 4.125
vt 9.15625 0.2888325
vt 9.125 0.27445954
vt 9.125 0.24999999
vt 9.15625 0.24999999
vt 0.28883255 4.125
vt 0.3125 4.125
vt 0.34375 4.125
vt 9.08062 4.125
vt 9.08062 3.0625
vt 9.092179 0.34375
vt 9.08062 0.3125
vt 9.156249 3.0625
vt 9.092178 3.0625
vt 9.092178 4.125
vt 9.156249 4.125
vt 9.00157 3.0625
vt 8.937501 3.0625
vt 8.937501 4.125
vt 9.00157 4.125
vt 8.96875 4.125
vt 8.9375 4.125
vt 8.9375 3.0625
vt 8.96875 3.0625
vt 9.00157 0.34375
vt 8.937501 0.2888325
vt 8.968751 0.27445954
vt 9.013131 0.3125
vt 9.01313 4.125
vt 9.01313 3.0625
vt 8.96875 0.27445954
vt 8.9375 0.2888325
vt 8.9375 0.24999999
vt 8.96875 0.24999999
vt 9.09218 0.34375
vt 9.080621 0.3125
vt 9.092179 3.0625
vt 9.001569 3.0625
vt 9.001569 4.125
vt 9.092179 4.125
vt -2.9375 0.28125
vt -2.96875 0.3125
vt -2.9375 0.3125
vt 16.75 0.3125
vt 16.5 0.3125
vt 16.75 0.28125
vt 16.75 -2.96875
vt 16.5 -2.96875
vt 16.5 -2.9375
vt 16.75 -2.9375
vt -2.9374998 0.28125
vt -2.9687498 0.28125
vt -2.9687498 0.3125
vt -2.9374998 0.3125
vt 14.718749 0.3125
vt 14.499999 0.3125
vt 14.499999 0.28125
vt 14.718749 0.28125
vt 14.718749 -2.9687498
vt 14.499999 -2.9687498
vt 14.499999 -2.9374998
vt 14.718749 -2.9374998
vt -3.21875 0.24320956
vt -4.59375 0.24320956
vt 15 0.24320956
vt 16.84375 0.24320956
vt 15 -4.59375
vt 16.84375 -3.21875
vt 1.125 0.27445954
vt 1.125 0.24999999
vt 1.15625 0.24999999
vt 1.15625 0.2888325
vt 1.15625 -15.3125
vt 1.15625 -13.84375
vt 1.125 -13.84375
vt 1.125 -15.3125
vt 1.0921797 0.34375
vt 1.0806196 0.3125
vt 1.1249999 -15.3125
vt 1.1249999 -13.84375
vt 1.0806195 -13.84375
vt 1.0806195 -15.3125
vt 1.0921797 -15.3125
vt 1.0921797 -13.84375
vt 1.0131304 0.3125
vt 1.0806195 0.3125
vt 1.0921795 0.34375
vt 1.0015703 0.34375
vt 1.0131304 -13.84375
vt 1.0131304 -15.3125
vt 1.0015703 -15.3125
vt 1.0015703 -13.84375
vt 1.0921795 -13.84375
vt 1.0921795 -15.3125
vt 0.9374999 0.2888325
vt 0.9687499 0.27445954
vt 1.0131303 0.3125
vt 1.0015702 0.34375
vt 0.9687499 -15.3125
vt 0.9687499 -13.84375
vt 0.9374999 -13.84375
vt 0.9374999 -15.3125
vt 0.96875 -13.84375
vt 0.96875 -15.3125
vt 1.0015702 -13.84375
vt 1.0015702 -15.3125
vt 0.9374999 0.24999999
vt 0.9687499 0.24999999
vt 0.9687499 -15.03125
vt 0.9374999 -15.03125
vt -1.3247935 0.3125
vt -1.3247935 0.28125
vt -1.5189561 0.28125
vt -1.5189561 0.3125
vt 13.656249 -1.5189561
vt 13.509804 -1.6562496
vt 13.302696 -1.6562496
vt 13.15625 -1.5189561
vt 13.15625 -1.3247935
vt 13.302696 -1.187498
vt 13.509804 -1.187498
vt 13.656249 -1.3247935
vt 0.28883255 -13.3125
vt 0.28883255 -12.46875
vt 0.25 -12.46875
vt 0.25 -13.3125
vt 1.15625 -13.3125
vt 1.15625 -12.46875
vt 1.125 -12.46875
vt 1.125 -13.3125
vt 0.27445954 -12.46875
vt 0.27445954 -13.3125
vt 0.3125 -13.3125
vt 0.3125 -12.46875
vt 0.34375 -12.46875
vt 0.34375 -13.3125
vt 1.1249999 -13.3125
vt 1.1249999 -12.46875
vt 1.0806195 -12.46875
vt 1.0806195 -13.3125
vt 1.0921797 -13.3125
vt 1.0921797 -12.46875
vt 1.0131304 -12.46875
vt 1.0131304 -13.3125
vt 1.0015703 -13.3125
vt 1.0015703 -12.46875
vt 1.0921795 -12.46875
vt 1.0921795 -13.3125
vt 0.9687499 -13.3125
vt 0.9687499 -12.46875
vt 0.9374999 -12.46875
vt 0.9374999 -13.3125
vt 0.96875 -12.46875
vt 0.96875 -13.3125
vt 1.0015702 -12.46875
vt 1.0015702 -13.3125
vt 0.27445954 -13.34375
vt 0.25 -13.34375
vt 0.9687499 -13.34375
vt 0.9374999 -13.34375
vt 0.28883255 -13.34375
vt 0.25 0.87500024
vt 0.25 1.5937502
vt 0.27445954 1.5937502
vt 0.27445954 0.87500024
vt 8.15625 0.87500024
vt 8.125 0.87500024
vt 8.125 1.5937502
vt 8.15625 1.5937502
vt 0.28883255 0.87500024
vt 0.28883255 1.5937502
vt 0.34375 0.87500024
vt 0.3125 0.87500024
vt 0.3125 1.5937502
vt 0.34375 1.5937502
vt 8.080619 1.5937502
vt 8.080619 0.87500024
vt 8.156249 0.87500024
vt 8.092178 0.87500024
vt 8.092178 1.5937502
vt 8.156249 1.5937502
vt 8.01313 1.5937502
vt 8.01313 0.87500024
vt 8.092179 0.87500024
vt 8.001571 0.87500024
vt 8.001571 1.5937502
vt 8.092179 1.5937502
vt 8.001572 0.87500024
vt 7.937501 0.87500024
vt 7.937501 1.5937502
vt 8.001572 1.5937502
vt 7.96875 1.5937502
vt 7.9375 1.5937502
vt 7.9375 0.87500024
vt 7.96875 0.87500024
vt -1.25 0.21875
vt -1.2812501 0.21875
vt -1.2812501 0.25
vt -1.25 0.25
vt -1.2812501 -13.593751
vt -1.2812501 -13.562501
vt -1.25 -13.562501
vt -13.28125 0.21875
vt -13.25 0.21875
vt -13.25 0.25
vt -13.28125 0.25
vt -1.65625 0.25
vt -1.625 0.25
vt -1.625 0.21875
vt -1.65625 0.21875
vt 13.593751 -1.6562498
vt 13.593751 -1.6249998
vt 13.625001 -1.6249998
vt 13.34375 0.25
vt 13.34375 0.21875
vt 13.375 0.21875
vt 13.375 0.25
vt 1.6249998 13.249999
vt 1.5937498 13.218749
vt 1.5937498 13.249999
vt 1.6250001 0.25
vt 1.6250001 0.21875
vt 1.5937501 0.21875
vt 1.5937501 0.25
vt -13.78125 0.21875
vt -13.75 0.21875
vt -13.75 0.25
vt -13.78125 0.25
vt -13.218749 1.2500002
vt -13.187499 1.2500002
vt -13.218749 1.2187501
vt 1.2500001 0.21875
vt 1.21875 0.21875
vt 1.21875 0.25
vt 1.2500001 0.25
vt 0.25 1.5312502
vt 0.28883255 1.5312502
vt 8.96875 1.5312502
vt 8.9375 1.5312502
vt 8.9375 0.87500024
vt 8.96875 0.87500024
vt 0.27445954 1.5312502
vt 9.00157 0.87500024
vt 8.937501 0.87500024
vt 8.937501 1.5937502
vt 9.00157 1.5937502
vt 8.96875 1.5937502
vt 8.9375 1.5937502
vt 9.01313 1.5937502
vt 9.01313 0.87500024
vt 9.08062 1.5937502
vt 9.08062 0.87500024
vt 9.092179 0.87500024
vt 9.001569 0.87500024
vt 9.001569 1.5937502
vt 9.092179 1.5937502
vt 9.125 1.5937502
vt 9.125 0.87500024
vt 9.15625 1.5937502
vt 9.15625 0.87500024
vt 9.156249 0.87500024
vt 9.092178 0.87500024
vt 9.092178 1.5937502
vt 9.156249 1.5937502
vt 0.25 0.8750001
vt 0.25 1.5
vt 0.27445954 1.5
vt 0.27445954 0.8750001
vt 9.15625 0.8750001
vt 9.125 0.8750001
vt 9.125 1.5
vt 9.15625 1.5
vt 0.28883255 0.8750001
vt 0.28883255 1.5
vt 1.0806195 -16.6875
vt 1.0806195 -14.84375
vt 1.0131304 -14.84375
vt 1.0131304 -16.6875
vt 1.0015703 -16.6875
vt 1.0015703 -14.84375
vt 1.0921795 -14.84375
vt 1.0921795 -16.6875
vt 0.3125 -16.6875
vt 0.3125 -14.84375
vt 0.34375 -14.84375
vt 0.34375 -16.6875
vt 1.15625 -16.6875
vt 1.15625 -14.84375
vt 1.125 -14.84375
vt 1.125 -16.6875
vt 1.1249999 -16.6875
vt 1.1249999 -14.84375
vt 1.0921794 -16.6875
vt 1.0921794 -14.84375
vt 1.1562498 -14.84375
vt 1.1562498 -16.6875
vt 0.28883255 -16.375
vt 0.28883255 -14.84375
vt 0.25 -14.84375
vt 0.25 -16.375
vt 1.15625 -16.375
vt 1.125 -16.375
vt 0.27445954 -14.84375
vt 0.27445954 -16.375
vt 0.27445954 -16.6875
vt 0.25 -16.6875
vt 0.9687499 -16.6875
vt 0.9687499 -14.84375
vt 0.9374999 -14.84375
vt 0.9374999 -16.6875
vt 0.28883255 -16.6875
vt 0.96875 -14.84375
vt 0.96875 -16.6875
vt 0.9375 -16.6875
vt 0.9375 -14.84375
vt -1.9375 0.28125
vt -1.96875 0.28125
vt -1.96875 0.3125
vt -1.9375 0.3125
vt 16.78125 0.3125
vt 16.78125 0.28125
vt 16.78125 -1.96875
vt 16.5 -1.96875
vt 16.5 -1.9375
vt 16.78125 -1.9375

# normals
vn -1 0 0
vn 0 0 1
vn 0 -1 -0
vn -0 1 -0
vn 0 -0 -1
vn 1 0 0
vn -4.3756258186752836e-11 0.9030663029400826 -0.4295011670462971
vn -2.6876880569520802e-11 0.554700200069381 0.8320502917750756
vn 0 -0.33692022521860926 0.9415331974171923
vn 0 -0.5546741217171266 -0.8320676767531198
vn -9.658315775659942e-17 1 9.696908711701636e-15
vn 3.421957299574922e-10 0.3369202155447126 -0.9415332008789198
vn 0 -0.9030663036710276 0.42950116550941664
vn 3.48883968357792e-16 0.9030663036709488 0.4295011655095824
vn -1.3089898377477965e-10 -0.9030663057572016 -0.4295011611230409
vn -8.040218666890026e-11 -0.5547002009294767 0.8320502912016785
vn 0 0.33692022521804454 0.9415331974173944
vn 8.039972017992769e-11 0.5546741208513034 -0.8320676773302962
vn 0 -0.33692022521785736 -0.9415331974174613
vn 4.5969004474868904e-24 -1 -1.2648141797868288e-14
vn -1.9934128548718202e-11 0.9030663029401814 -0.42950116704608887
vn -1.2244127344072399e-11 0.5547002000697269 0.8320502917748451
vn 0 -0.33692022521858533 0.9415331974172008
vn 1.224377795701083e-11 -0.5546741214278188 -0.8320676769459785
vn -2.2732812971669676e-16 1 1.1383327618078695e-14
vn 1.5588910410225115e-10 0.33692021554445156 -0.9415332008790133
vn 2.0482680062078043e-16 -0.903066303671107 0.4295011655092498
vn 6.589222911643554e-16 0.9030663036705463 0.4295011655104289
vn -5.96318749131295e-11 -0.9030663057571574 -0.42950116112313397
vn -4.144661778393396e-11 0.33692022264661226 0.9415331983375611
vn -3.66283306409525e-11 -0.5547002009294392 0.8320502912017036
vn 0 0.5546741217168107 -0.8320676767533303
vn -6.819843832166757e-16 -1 -1.686418906382939e-15
vn 0 -0.3369202252181773 -0.9415331974173469
vn -1.99334803765703e-11 -0.9030615623450938 0.4295111344480352
vn -1.385498842685326e-11 0.3368242820675876 -0.941567524402607
vn -1.2243688298787458e-11 -0.554700200069136 -0.8320502917752391
vn 1.2244021661789117e-11 0.5547001980562383 0.8320502931171708
vn -2.2732812783196493e-16 -1 -3.372837812757232e-15
vn 1.5589390388250886e-10 -0.3368242786941944 0.9415675256093614
vn 1.68868645435562e-16 0.9030615630760016 -0.42951113291127724
vn 6.077284545730644e-16 -0.9030615630754361 -0.42951113291246634
vn -5.963158451924928e-11 0.9030615651621803 0.4295111285250167
vn -4.144938720579523e-11 -0.3368242768101636 -0.9415675262833305
vn -3.662837458701452e-11 0.5547002009289462 -0.8320502912020322
vn 3.6628348141012927e-11 -0.5547001992491979 0.8320502923218644
vn -9.423117556905643e-16 1 -5.059256719137963e-15
vn 1.558941069997518e-10 0.3368242786935966 0.9415675256095754
vn -1.399167960978704e-15 1 -3.794442539353417e-15
vn 5.612190499408684e-10 0.3368242786938611 0.9415675256094808
vn -2.1467535297354788e-10 0.903061565161856 0.4295111285256983
vn -1.4921763950662397e-10 -0.33682427680999166 -0.941567526283392
vn -1.318622663362075e-10 0.5547002009292118 -0.8320502912018553
vn 1.3186157004046385e-10 -0.5547001992492844 0.8320502923218069
vn 1.4304167613363027e-16 0.9030615630758421 -0.4295111329116126
vn 6.554609728676082e-16 -0.9030615630756114 -0.4295111329120976
vn -7.176234073089817e-11 -0.9030615623449547 0.4295111344483276
vn -4.9878284910026865e-11 0.33682428206768183 -0.9415675244025734
vn -4.4079584193892645e-11 -0.5547002000688255 -0.8320502917754461
vn 4.4075695459797844e-11 0.554700198056528 0.8320502931169779
vn -1.8479576843114958e-16 -1 -0
vn 5.612174685639797e-10 -0.3368242786943101 0.9415675256093201
vn -1.055975823627302e-15 -1 6.745675625528662e-15
vn 5.612147498059e-10 -0.336824278693356 -0.9415675256096614
vn -2.1467702990510207e-10 -0.9030712386259994 -0.4294907891521113
vn -1.4922042284554206e-10 0.33682427680973925 0.9415675262834823
vn -1.318628216375452e-10 -0.5547002009298235 0.8320502912014474
vn 1.3186569405765941e-10 0.5547128885289508 -0.8320418326621971
vn 3.277149668527249e-16 -0.9030712365402361 0.4294907935377532
vn 7.152160418763353e-16 0.9030712365400024 0.42949079353824465
vn -7.176216853529564e-11 0.9030712358094075 -0.42949079507443405
vn -4.987986782375699e-11 -0.3368242820677399 0.9415675244025526
vn -4.40791728053054e-11 0.5547002000694229 0.8320502917750479
vn 4.408002104121781e-11 -0.5547128873364584 -0.8320418334572185
vn -1.847957684311496e-16 1 -0
vn 5.612187257964251e-10 0.3368242786945685 -0.9415675256092277
vn -4.0242980930126697e-17 0.9999999999999999 -1.4902997338526088e-08
vn -8.134410188772609e-18 0.3368873279581461 0.9415449687939609
vn -1.3089830609720597e-10 0.9030615703817938 0.42951111755060356
vn -1.8285506368236145e-15 -0.3368873260742033 -0.9415449694680406
vn 3.013742911366708e-15 0.5547308139136161 -0.8320298817318625
vn 8.040875787461594e-11 -0.5547001818830588 0.8320503038992904
vn 1.9983566361465481e-16 -0.9030615682954772 -0.42951112193715435
vn 2.54393223360861e-16 0.903061557856548 -0.42951114388535305
vn -4.3756027165777535e-11 -0.9030615571255761 0.42951114542224617
vn -2.38609305195143e-16 0.33688724276233645 -0.9415449992772468
vn 3.9243569712497834e-16 -0.5547308206836639 -0.8320298772181376
vn 2.687688063411517e-11 0.554700218679153 0.8320502793685607
vn -1.4487473133123087e-16 -0.9999999999999999 1.4902986375443794e-08
vn -1.248232206076493e-16 -0.3368872393895519 0.9415450004840379
vn -1.799958783206205e-16 -0.9999999999999999 1.4902988062071836e-08
vn -1.4147958869511383e-16 -0.33688723938955223 0.9415450004840378
vn -5.436423502992217e-11 -0.9030615571255748 0.4295111454222488
vn 0 -0.554730820683542 -0.8320298772182186
vn -0 0.3368872427623249 -0.9415449992772509
vn 3.339360657681862e-11 0.5547002186792107 0.8320502793685222
vn 1.7157776709793204e-16 0.90306155785655 -0.4295111438853491
vn 2.029862258788506e-16 -0.9030615682954791 -0.42951112193715024
vn -1.6263492448228562e-10 0.903061570381778 0.42951111755063676
vn -9.990304890727879e-11 0.5547308151636364 -0.8320298808984491
vn -1.1127913492606735e-15 -0.33688732607424426 -0.9415449694680259
vn 9.990232484357949e-11 -0.5547001818829436 0.8320503038993673
vn -4.999885509500599e-17 0.9999999999999999 -1.4902996916869073e-08
vn -1.3475184555138234e-17 0.33688732795813975 0.9415449687939631
vn -1.6864188742750344e-15 1 1.2040274101948465e-15
vn 0.9415675256094226 0.3368242786940235 -3.792057586889683e-10
vn -0.9415675262834197 -0.33682427680991417 1.0082593250887815e-10
vn -0.8320502912020535 0.5547002009289145 8.911166360870028e-11
vn 0.4295111285263058 0.9030615651615671 1.4507365650531625e-10
vn 0.832050292321879 -0.5547001992491761 -8.911063122589151e-11
vn -0.42951113291233173 -0.9030615630755 1.5553579350889127e-14
vn -0.4295111329118279 0.9030615630757397 -7.651638954705222e-15
vn -0.9415675244030282 0.33682428206641074 3.368854755583672e-11
vn -0.8320502917754802 -0.5547002000687743 2.974932532853929e-11
vn 0.42951113444850814 -0.903061562344869 4.8436155588319796e-11
vn 0.8320502931168569 0.5547001980567093 -2.977259337976467e-11
vn 0 -1 1.2486210172754988e-16
vn 0.9415675256093344 -0.33682427869427 -3.791932661479351e-10
vn -0.42951113291230975 -0.9030615630755106 3.8035356404938015e-14
vn -0.429511132911466 0.9030615630759118 -2.5799680969345687e-14
vn -3.794442467118829e-15 1 1.2728279988665544e-15
vn 0.9415675256092968 0.3368242786943753 -5.01110519164693e-10
vn -0.941567526283384 -0.3368242768100139 1.332266682511783e-10
vn -0.8320502912022485 0.5547002009286218 1.1778132909722944e-10
vn 0.42951112852691076 0.9030615651612793 1.9173647154736693e-10
vn 0.8320502923219072 -0.5547001992491338 -1.177729889207926e-10
vn -0.941567524403329 0.33682428206556936 4.453610934137005e-11
vn -0.8320502917755159 -0.5547002000687207 3.931444161159508e-11
vn 0.42951113444783223 -0.9030615623451903 6.40045939411909e-11
vn 0.8320502931166621 0.5547001980570013 -3.932054295131203e-11
vn 0 -1 1.649962218135243e-16
vn 0.9415675256093343 -0.33682427869427 -5.010764306054835e-10
vn -0.7071067811866372 0 -0.7071067811864579
vn 0.7071067811866371 0 0.7071067811864579
vn -0.7071101347955959 0 0.7071034275615937
vn 0.7071101347955959 -0 -0.7071034275615938
vn -2.1655754113024836e-16 1 -0
vn 4.384521295284401e-10 0.3368242786946091 -0.9415675256092132
vn -5.606452826162928e-11 0.9030712358094095 -0.4294907950744298
vn -3.896734482188009e-11 -0.336824282068007 0.9415675244024571
vn -3.4436919894128545e-11 0.5547002000694319 0.8320502917750419
vn 3.443771960883818e-11 -0.5547128873364899 -0.8320418334571975
vn 3.390632047251508e-16 -0.9030712365402361 0.429490793537753
vn 5.587625327158737e-16 0.9030712365400024 0.4294907935382446
vn -1.6771669083042518e-10 -0.9030712386260357 -0.42949078915203465
vn -1.1658000889891545e-10 0.33682427680986887 0.9415675262834359
vn -1.030181017654457e-10 -0.554700200929862 0.8320502912014217
vn 1.030202336522426e-10 0.5547128885290569 -0.8320418326621266
vn -1.093099969514587e-15 -1 -0
vn 4.384490204799942e-10 -0.33682427869335396 -0.9415675256096621
vn -2.099951913990278e-16 1 -0
vn 2.550977938251156e-10 0.33682427869462866 -0.9415675256092063
vn -3.2619397116648254e-11 0.9030712358094498 -0.4294907950743451
vn -2.267323366866772e-11 -0.3368242820677755 0.9415675244025401
vn -2.003606959385692e-11 0.5547002000695447 0.8320502917749666
vn 2.0036513924631006e-11 -0.5547128873364158 -0.8320418334572468
vn 3.8951379659706355e-16 -0.9030712365402569 0.4294907935377094
vn 4.44300874498928e-16 0.9030712365400123 0.4294907935382237
vn -9.75804842426109e-11 -0.9030712386260112 -0.4294907891520865
vn -6.782708831306033e-11 0.33682427680984295 0.9415675262834452
vn -5.993744729734534e-11 -0.5547002009301027 0.8320502912012614
vn 5.993895850080316e-11 0.5547128885290614 -0.8320418326621234
vn -1.0199766448519372e-15 -1 3.3728378127623284e-15
vn 2.5509835306882107e-10 -0.3368242786930481 -0.9415675256097716
vn 0.4295111329117976 -0.903061563075754 -7.470597047485443e-15
vn 0.4295111329122968 0.9030615630755168 1.5480085189933047e-14
vn -0.8320502923218425 0.5547001992492308 -8.911062133146705e-11
vn -0.4295111285262737 -0.9030615651615822 1.450736415431653e-10
vn 0.8320502912018567 -0.5547002009292095 8.912115831793882e-11
vn 0.9415675262834167 0.3368242768099229 1.0083668272284984e-10
vn -0.9415675256094983 -0.3368242786938122 -3.7921431274883873e-10
vn 0 -1 1.3378082327951772e-15
vn -0.8320502931165611 -0.554700198057153 -2.976309630222809e-11
vn -0.42951113444847855 0.9030615623448829 4.843621398094154e-11
vn 0.8320502917751964 0.5547002000692 2.974931852613925e-11
vn 0.9415675244030305 -0.3368242820664042 3.3703534761716384e-11
vn -0.9415675256093378 0.3368242786942611 -3.792018638928317e-10
vn 0 1 1.9621187414329266e-16
vn -0.94156752560922 0.3368242786945902 -3.7919756380716265e-10
vn -0.8320502931166104 -0.5547001980570792 -2.97573896882373e-11
vn -0.4295111344482418 0.9030615623449956 4.8436213980947576e-11
vn 0.8320502917754273 0.5547002000688535 2.974931852612067e-11
vn 0.9415675244030108 -0.33682428206645904 3.369923710278446e-11
vn 0.42951113291156084 -0.9030615630758666 -7.470597047481325e-15
vn 0.42951113291206 0.9030615630756292 1.5480085189934975e-14
vn -0.9415675256095178 -0.33682427869375736 -3.792035638482601e-10
vn -0.8320502923218918 0.5547001992491569 -8.911062133145518e-11
vn -0.429511128526037 -0.9030615651616949 1.4507364004687124e-10
vn 0.8320502912021055 -0.5547002009288363 8.911735922628352e-11
vn 0.941567526283495 0.33682427680970345 1.0083238263723356e-10
vn -0.9415675256095292 -0.33682427869372544 -5.010991560500788e-10
vn 0 -1 1.249257108016684e-15
vn -0.8320502923218466 0.5547001992492248 -1.1777316951616552e-10
vn -0.42951112852687473 -0.9030615651612964 1.9173676614099935e-10
vn 0.8320502912020521 -0.5547002009289165 1.1778874370530738e-10
vn 0.9415675262834595 0.3368242768098027 1.3323526217566327e-10
vn 0.42951113291143694 -0.9030615630759256 -2.5949943499320923e-14
vn 0.42951113291228 0.9030615630755247 3.786772944071957e-14
vn -0.9415675256093377 0.3368242786942611 -5.010877919025017e-10
vn 0 1 2.2392344388978297e-16
vn -0.8320502931164029 -0.5547001980573901 -3.932041026726464e-11
vn -0.429511134447803 0.9030615623452043 6.400469571470579e-11
vn 0.8320502917752676 0.5547002000690935 3.931450412539784e-11
vn 0.9415675244032534 -0.33682428206578124 4.4538857473257547e-11
vn -0.7071101347955262 0 -0.7071034275616634
vn 0.7071101347955263 0 0.7071034275616636
vn -0.7071067811865674 0 0.7071067811865276
vn 0.7071067811865674 0 -0.7071067811865276
vn -0.7071067811866097 0 -0.7071067811864853
vn 0.7071067811866097 0 0.7071067811864853
vn -0.7071136246212738 0 0.7070999376855893
vn 0.7071136246212738 -0 -0.7070999376855893
vn 0.7071136246212041 0 0.707099937685659
vn 0.7071067811865401 0 -0.707106781186555
vn -0.70710678118654 0 0.707106781186555
vn -0.7071136246212041 0 -0.707099937685659
vn -4.251677948206088e-10 0.3368242918844669 -0.9415675208908428
vn 4.999885509500599e-17 0.9999999999999999 1.4901148202231134e-08
vn -9.989860030840663e-11 -0.5547001818830452 -0.8320503038992996
vn 9.989753251785205e-11 0.5547001843546979 0.8320503022515311
vn 1.1305171149497078e-10 -0.33682429000082004 0.9415675215646744
vn 1.6263492448227864e-10 0.9030615703817393 -0.4295111175507181
vn -3.339573657675665e-11 0.5547002186793261 -0.8320502793684452
vn 3.339200560889127e-11 -0.5547002213446625 0.8320502775915543
vn 3.778717735995736e-11 0.3368242688766023 0.9415675291213808
vn 5.4364235029932476e-11 -0.9030615571255362 -0.4295111454223302
vn -4.251658627902884e-10 -0.3368242655032584 -0.9415675303281176
vn 1.7999587839779677e-16 -0.9999999999999999 -1.4901141172239138e-08
vn -2.029862258788891e-16 -0.9030615682954406 0.4295111219372317
vn -1.7157776709792467e-16 0.9030615578565112 0.4295111438854305
vn 0 -1 2.474943327202884e-16
vn 0.941567525609472 -0.3368242786938857 -1.7536978209731321e-09
vn -0.9415675244041251 0.33682428206334425 6.232438457764264e-11
vn -0.8320502917753747 -0.5547002000689327 5.50479062249835e-11
vn 0.42951113444780986 -0.903061562345201 8.962031848038219e-11
vn 0.8320502931160714 0.5547001980578875 -5.504874465199195e-11
vn -0.42951113291212123 -0.9030615630756 1.335968279607596e-13
vn -0.4295111329105481 0.9030615630763483 -9.580580740255967e-14
vn -0.9415675262833944 -0.3368242768099853 1.8656235488961163e-10
vn -0.8320502912026126 0.5547002009280756 1.6490024097031853e-10
vn 0.42951112852986584 0.9030615651598738 2.684448890638197e-10
vn 0.8320502923218878 -0.5547001992491631 -1.6489067786408353e-10
vn -3.794442467117602e-15 1 1.5509644878742183e-15
vn 0.9415675256094812 0.33682427869385984 -7.015223877069513e-10
vn -0.9415675256093345 -0.33682427869426956 1.5784225624259785e-08
vn 0 -1 -2.474943327202884e-16
vn -0.8320503009161535 0.5547001863577641 3.922322573142251e-09
vn -0.4295112395882544 -0.9030615123386452 -5.079310073053484e-09
vn 0.8320502837623966 -0.5547002120883991 -3.053404969615825e-09
vn 0.9415675018186116 0.33682434519948096 -4.925853719450599e-09
vn 0.4295111329107526 0.9030615630762511 1.3353633325207438e-13
vn 0.4295111329121495 -0.9030615630755867 -1.342133226847188e-13
vn -0.8320502941370232 -0.5547001965264596 3.3821544434308477e-09
vn -0.429511160232603 0.9030615500815232 -5.300310317313724e-09
vn 0.832050294427548 0.5547001960906728 -3.2006126434590786e-09
vn 0.9415675192715746 -0.3368242964110117 -3.827324846410715e-09
vn -0.9415675256094527 0.33682427869394 6.3137022138679225e-09
vn 7.167279669875617e-15 1 1.0530058876139176e-13
vn -0.9415675256092751 -0.3368242786944358 6.6460017125297995e-09
vn 0 -1 -2.778892228878222e-16
vn -0.8320502869236402 0.5547002073465342 3.1507477226503784e-09
vn -0.4295112204302444 -0.9030615214505167 -4.8184395840125625e-09
vn 0.8320502824340611 -0.5547002140809024 -2.6936577105557565e-09
vn 0.9415675316887258 0.336824261699778 -3.5715224989528204e-09
vn 0.42951113291081183 0.903061563076223 1.5105717698852472e-13
vn 0.4295111329122689 -0.9030615630755299 -1.5807761176114796e-13
vn -0.8320502942651097 -0.5547001963343302 3.542815453884776e-09
vn -0.42951116023238295 0.9030615500816278 -4.839720584971917e-09
vn 0.8320502987128072 0.5547001896627838 -2.476829000939652e-09
vn 0.9415675190104184 -0.33682429714105433 -4.04098725901206e-09
vn -0.9415675256094918 0.33682427869383047 6.646047759375278e-09
vn 4.637651551090982e-15 1 7.5030090179712e-14
vn -4.216046864618151e-16 1 -2.778892228878222e-16
vn 0.9415675256093962 0.3368242786940977 6.6460226424861455e-09
vn -0.941567531688788 -0.3368242616996038 -3.5714888847150523e-09
vn -0.8320502824343804 0.5547002140804237 -2.693628317517667e-09
vn 0.4295112204302682 0.9030615214505052 -4.818439260593691e-09
vn 0.8320502869236643 -0.5547002073464979 3.1507662200750803e-09
vn -0.4295111329122916 0.9030615630755191 -1.5805212454249156e-13
vn -0.42951113291084625 -0.9030615630762066 1.5120868870065962e-13
vn -0.9415675190105337 0.336824297140732 -4.041003841351522e-09
vn -0.8320502987131267 -0.5547001896623045 -2.47682896360547e-09
vn 0.4295111602324124 -0.9030615500816138 -4.83972057623119e-09
vn 0.8320502942653926 0.5547001963339057 3.5428487600111474e-09
vn -5.902465610467965e-15 -1 7.489114556826808e-14
vn 0.9415675256094493 -0.33682427869394904 6.646031016354532e-09
vn -0.8320502942650974 -0.5547001963343486 3.5428376634007166e-09
vn -0.4295111602319687 0.9030615500818249 -4.839720584967249e-09
vn 0.8320502987129493 0.5547001896625706 -2.4768290009387004e-09
vn 0.9415675190104184 -0.33682429714105433 -4.04096632433618e-09
vn -0.9415675256095505 0.33682427869366593 6.646039390231253e-09
vn 4.6376515510904815e-15 1 7.5030090179712e-14
vn 0.42951113291039755 0.9030615630764198 1.51057176988379e-13
vn 0.42951113291185467 -0.9030615630757268 -1.5807761176118247e-13
vn -0.8320502869235786 0.5547002073466264 3.150747722650145e-09
vn -0.4295112204298301 -0.9030615214507135 -4.818439584007915e-09
vn 0.832050282434381 -0.5547002140804228 -2.6936318225699474e-09
vn 0.9415675316889023 0.33682426169928437 -3.5714931939885842e-09
vn -0.9415675256093733 -0.3368242786941616 6.646010081674932e-09
vn -5.902465610473061e-15 -1 7.48911455682681e-14
vn 0.9415675256094297 -0.3368242786940039 6.646010081679144e-09
vn -0.9415675190105534 0.33682429714067713 -4.040961976725507e-09
vn -0.8320502987129669 -0.5547001896625443 -2.476828963606541e-09
vn 0.429511160232294 -0.9030615500816701 -4.839720579143543e-09
vn 0.8320502942653434 0.5547001963339796 3.542837663400233e-09
vn -0.4295111329121732 0.9030615630755753 -1.580521245425014e-13
vn -0.42951113291072796 -0.9030615630762628 1.5121160238738962e-13
vn -0.9415675316887684 -0.3368242616996587 -3.5715098168325855e-09
vn -0.8320502824343804 0.5547002140804237 -2.6936468190184877e-09
vn 0.4295112204301499 0.9030615214505616 -4.818439257678678e-09
vn 0.8320502869236275 -0.5547002073465533 3.1507773185297074e-09
vn -4.2160468646217916e-16 1 -2.778892228878222e-16
vn 0.9415675256091214 0.33682427869486553 6.646035198563695e-09
vn -0.7071136246212439 0 0.7070999376856192
vn 0.7071136246212438 -0 -0.7070999376856192
vn -1.2630745256069756e-15 1 -3.7944425393542445e-15
vn 4.83810523707036e-10 0.3368242786934671 0.9415675256096216
vn -1.8506560556236774e-10 0.9030615651619321 0.42951112852553797
vn -1.286382956138378e-10 -0.3368242768100047 -0.9415675262833874
vn -1.1367598339321892e-10 0.5547002009296236 -0.8320502912015807
vn 1.1367589174619448e-10 -0.5547001992496071 0.8320502923215918
vn -6.186412692515774e-11 -0.903061562344994 0.4295111344482453
vn -4.300224685986883e-11 0.33682428206779497 -0.941567524402533
vn -3.8001460135819186e-11 -0.5547002000690404 -0.8320502917753029
vn 3.799901595668465e-11 0.5547001980567481 0.832050293116831
vn -1.5930669692340236e-16 -1 -0
vn 4.838129646261425e-10 -0.3368242786942553 0.9415675256093397
vn 0 0.9030615630757998 -0.4295111329117014
vn 6.490468626949629e-16 -0.9030615630756461 -0.4295111329120244
vn -4.838082178185337e-10 0.33682427869395853 -0.9415675256094459
vn 1.1834211786617127e-15 1 2.95123302998147e-15
vn -1.1367515537718874e-10 -0.5547001992493447 -0.8320502923217666
vn 1.1367512359755097e-10 0.5547002009295423 0.8320502912016349
vn 1.286362366988031e-10 -0.33682427681032556 0.9415675262832726
vn 1.8506507634930575e-10 0.9030615651621127 -0.4295111285251588
vn -6.795902444689522e-16 -0.903061563075657 0.4295111329120016
vn -8.220785984691379e-17 0.9030615630758544 0.4295111329115867
vn -4.838019950984184e-10 -0.3368242786942553 -0.9415675256093397
vn 1.5930669692340236e-16 -1 -0
vn -3.799935698381715e-11 0.5547001980567638 -0.8320502931168204
vn 3.8001752966191237e-11 -0.554700200069125 0.8320502917752464
vn 4.3001944428698635e-11 0.3368242820677129 0.9415675244025623
vn 6.186361341455642e-11 -0.9030615623449239 -0.4295111344483926
vn 0.7071067811866323 0 0.7071067811864629
vn -0.7071067811866322 0 -0.7071067811864629
vn 0.7071067811866272 -0 -0.7071067811864679
vn -0.7071067811866272 0 0.7071067811864679
vn -0.7071067811865576 0 -0.7071067811865377
vn 0.7071067811865575 0 0.7071067811865376
vn -0.7071067811865626 0 0.7071067811865326
vn 0.7071067811865624 0 -0.7071067811865326
vn -3.117857398852818e-10 -0.33682429188429924 0.9415675208909027
vn 0 -0.9999999999999999 -1.4901141594489984e-08
vn -7.325858113459162e-11 0.554700181882629 0.8320503038995769
vn 7.325807711234248e-11 -0.5547001843546095 -0.83205030225159
vn 8.290111829653404e-11 0.33682429000067177 -0.9415675215647274
vn 1.1926556730093567e-10 -0.903061570381941 0.4295111175502942
vn -4.2382719099376165e-16 0.9030615682954634 -0.4295111219371837
vn -2.3128127287333597e-16 -0.9030615578565355 -0.42951114388537937
vn -2.4488255067531137e-11 -0.5547002186793366 0.8320502793684381
vn 2.448778147600526e-11 0.5547002213443575 -0.8320502775917575
vn 2.7716335197979585e-11 -0.3368242688771651 -0.9415675291211796
vn 3.986653190199821e-11 0.9030615571255004 0.42951114542240554
vn -3.1178916874840934e-10 0.33682426550359695 0.9415675303279964
vn 3.299924436270418e-16 0.9999999999999999 1.4901148899040264e-08
vn -0.9415675256093966 0.3368242786940966 -5.010735862734586e-10
vn -0.8320502931164522 -0.5547001980573164 -3.932041026726697e-11
vn -0.4295111344477438 0.9030615623452324 6.400469571470779e-11
vn 0.8320502917754274 0.5547002000688536 3.9314504125380845e-11
vn 0.9415675244033513 -0.33682428206550696 4.4533175221639657e-11
vn 0.4295111329113778 -0.9030615630759536 -2.594994349931735e-14
vn 0.4295111329122208 0.9030615630755529 3.786772944072076e-14
vn -0.9415675256096273 -0.3368242786934512 -5.010849521567085e-10
vn 0 -1 1.2492571080166842e-15
vn -0.8320502923218959 0.5547001992491509 -1.1777316951614983e-10
vn -0.4295111285268156 -0.9030615651613246 1.9173676811811151e-10
vn 0.8320502912021942 -0.5547002009287032 1.1778622960247155e-10
vn 0.9415675262835185 0.3368242768096382 1.3323242425654295e-10
vn -0.707106781186667 0 -0.7071067811864281
vn 0.707106781186667 0 0.7071067811864281
vn -0.707106781186677 0 0.707106781186418
vn 0.7071067811866769 0 -0.707106781186418
vn -0.7071101347955362 0 -0.7071034275616536
vn 0.7071101347955362 0 0.7071034275616536
vn -0.70710678118655 0 0.707106781186545
vn 0.70710678118655 0 -0.707106781186545
vn -1.2226536838486096e-14 1 -3.0294388566070965e-16
vn 0.9415675256094839 0.3368242786938521 2.2999447127590273e-10
vn -0.9415675244026633 -0.3368242820674307 -2.044366389051809e-11
vn -0.8320502917748267 0.5547002000697547 -1.8072089295093755e-11
vn 0.429511134447641 0.9030615623452813 -2.9419267258155997e-11
vn 0.832050293116955 -0.5547001980565621 1.8070610192253142e-11
vn -0.4295111329121275 0.9030615630755972 -3.521251349587827e-16
vn -0.42951113291093757 -0.9030615630761631 2.0259352149124467e-14
vn 5.059256622821835e-15 -1 1.6986496290866308e-15
vn 0.9415675256097974 -0.33682427869297604 2.3001794322325874e-10
vn -0.9415675262828627 0.33682427681147104 -6.11541005649086e-11
vn -0.8320502912016929 -0.554700200929455 -5.40225214672916e-11
vn 0.4295111285248699 -0.9030615651622499 -8.794238420256667e-11
vn 0.832050292322058 0.5547001992489078 5.401808773161789e-11
vn 0.7071136246212539 0 -0.7070999376856093
vn -0.20544727009367428 0.9786681864713171 -0
vn -0.8715688175379559 -0.49027318537269543 -1.9302961428950803e-13
vn -0.8211045823415075 0.5707777718672816 -0
vn 0.2054472700940064 -0.9786681864712474 -3.8592896209266425e-13
vn 0.8715632822755448 0.4902830253935772 -0
vn -0.8210738873883354 -0.5708219262160549 -0
vn 0.8211045823413938 -0.5707777718674453 -0
vn -0.8715705277116989 0.49027014514892775 -0
vn -0.20544727009400435 -0.9786681864712479 -0
vn 0.8210738873883923 0.5708219262159729 4.161533586974258e-13
vn 0.8715688175379047 -0.49027318537278636 4.417706862926836e-13
vn 0.20544727009377534 0.9786681864712959 7.717991301586711e-14
vn 0 -1.0793081000855005e-13 1
vn 3.250275756700946e-10 0.9597366481558118 0.2809013460036239
vn -4.77065500114069e-11 0.5025648348206718 0.8645395229841554
vn -2.8887545792695076e-11 -0.9597366473004588 -0.28090134892605007
vn -2.6424110373775165e-11 -0.8778955708992914 0.4788521343749106
vn 2.6424174543964372e-11 0.8778955719543978 -0.4788521324405485
vn 0 -0.5025648331726551 0.8645395239421627
vn 0 -0.5025648331724367 -0.8645395239422897
vn -1.427187901369497e-10 0.5025648284683014 -0.8645395266768472
vn -8.642054740481951e-11 -0.9597366486337401 0.2809013443707189
vn -7.904924306590226e-11 -0.8778955704484247 -0.4788521352014994
vn 7.904947519493395e-11 0.8778955713289409 0.4788521335872198
vn 3.250272877557747e-10 0.9597366481560533 -0.2809013460027984
vn -2.025674273778141e-10 0.5025648284683696 -0.8645395266768076
vn -1.2265870229220254e-10 -0.9597366486336527 0.2809013443710172
vn -1.1219827843173163e-10 -0.8778955704484881 -0.4788521352013833
vn 1.1219599281688456e-10 0.8778955713288589 0.47885213358737005
vn 0 -0.5025648331729553 0.8645395239419882
vn 0 -0.5025648331722731 -0.864539523942385
vn -6.771193360791189e-11 0.5025648348207128 0.8645395229841316
vn -4.1002105439341835e-11 -0.9597366473005084 -0.28090134892588087
vn -3.750567432518507e-11 -0.8778955708993378 0.47885213437482554
vn 3.750535475889283e-11 0.8778955719543807 -0.47885213244057984
vn 4.613292987803458e-10 0.9597366481557909 0.2809013460036955
vn 4.613296257026411e-10 0.9597366481560738 -0.28090134600272837
vn -0.8645296635786682 0.5025817951264797 -0
vn -0.47884779434080443 -0.877897938176726 9.661917463986777e-11
vn 0.2809013443707676 -0.9597366486337257 1.0562811948243466e-10
vn 0.4788521335873847 0.8778955713288509 -9.662073648779653e-11
vn -0.2809013460029565 0.9597366481560071 -3.972534814919646e-10
vn 0.28090134600360817 0.9597366481558165 -3.9726924578876067e-10
vn -0.47885213244077135 0.8778955719542764 -3.22889619329147e-11
vn -0.2809013489259973 -0.9597366473004743 3.530579346702791e-11
vn 0.4788521343748893 -0.8778955708993029 3.229008604515892e-11
vn 0.864539522983965 0.5025648348209995 5.829786059730341e-11
vn -0.8645395239423214 -0.5025648331723821 -0
vn 0.8645296635775259 -0.5025817951284448 -0
vn -0.6839411288813477 0 -0.7295372041400683
vn -0.6839411288812979 0 0.7295372041401151
vn 0.6839440760559462 -1.23259316708393e-13 0.729534441152697
vn 0.6839440760559602 -6.16296583541954e-14 -0.729534441152684
vn 3.1089605210395365e-10 0.9597366481560728 -0.28090134600273137
vn -1.3651838847621735e-10 0.5025648284683968 -0.8645395266767916
vn -8.26615468000396e-11 -0.9597366486336527 0.2809013443710172
vn -7.561495740350131e-11 -0.8778955704485469 -0.47885213520127534
vn 7.561210178971318e-11 0.8778955713288961 0.47885213358730194
vn -4.563195525751088e-11 0.5025648348205489 0.8645395229842268
vn -2.763185529346048e-11 -0.9597366473005086 -0.28090134892588065
vn -2.527556313219677e-11 -0.8778955708992672 0.4788521343749548
vn 2.5275473728343105e-11 0.8778955719543834 -0.4788521324405749
vn 3.865191422213721e-10 0.9597366481557916 0.2809013460036929
vn 0 -0.5025648331729553 0.8645395239419883
vn 0 -0.502564833172273 -0.8645395239423849
vn -0.2809013460030335 0.9597366481559846 -5.958651214594622e-10
vn -0.8645296635787951 0.5025817951262613 -0
vn -0.47884779314000075 -0.8778979388317022 1.4491228305420967e-10
vn 0.2809013443710283 -0.9597366486336493 1.5841721224643587e-10
vn 0.4788521335873698 0.877895571328859 -1.4490825375696018e-10
vn -0.8645395239425753 -0.5025648331719454 -0
vn 0.8645296635764151 -0.5025817951303554 -0
vn -0.4788521324403158 0.877895571954525 -4.8461505536529814e-11
vn -0.2809013489259083 -0.9597366473005003 5.297929235274587e-11
vn 0.478852134374673 -0.8778955708994209 4.846546844422087e-11
vn 0.8645395229846948 0.5025648348197438 8.75015691427573e-11
vn 0.2809013460034678 0.9597366481558576 -5.959330312809846e-10
vn -0.6839434866046156 0 -0.7295349937673463
vn -0.6839329937482701 0 0.7295448307421065
vn 0.6839359409494759 0 0.7295420677915393
vn 0.6839464337715303 -7.703683953160183e-14 -0.7295322307692824
vn 3.4050543443719404e-10 0.9597366481558091 0.2809013460036333
vn -4.9978803911557215e-11 0.50256483482059 0.8645395229842029
vn -3.026331209621114e-11 -0.9597366473005027 -0.2809013489259009
vn -2.768262406978937e-11 -0.8778955708992774 0.47885213437493596
vn 2.7682760470755978e-11 0.8778955719544184 -0.47885213244051056
vn 0 -0.5025648331724368 -0.8645395239422896
vn -1.495177668014332e-10 0.5025648284685061 -0.8645395266767281
vn -9.05349432390389e-11 -0.9597366486337695 0.28090134437061776
vn -8.281507001903154e-11 -0.8778955704484879 -0.47885213520138364
vn 8.281314394476845e-11 0.8778955713289949 0.47885213358712064
vn 3.4050582654989184e-10 0.9597366481560509 -0.2809013460028066
vn 2.6983392488415377e-10 0.9597366481557933 0.2809013460036863
vn -3.3319694809867676e-11 0.5025648348205353 0.8645395229842346
vn -2.0175468246625867e-11 -0.959736647300608 -0.2809013489255402
vn -1.845503122070558e-11 -0.8778955708991856 0.47885213437510465
vn 1.845501485524736e-11 0.8778955719543143 -0.47885213244070146
vn 0 -0.5025648331727505 0.8645395239421071
vn 5.787753996573658e-16 -0.5025648331724231 -0.8645395239422977
vn -9.967795980236524e-11 0.5025648284683695 -0.8645395266768073
vn -6.035619706591758e-11 -0.9597366486336634 0.28090134437098085
vn -5.520894026694103e-11 -0.8778955704483913 -0.47885213520156034
vn 5.5209741429037854e-11 0.8778955713288008 0.4788521335874764
vn 2.2700328865706433e-10 0.9597366481560495 -0.2809013460028111
vn 0.28091567403720147 0.9597324544268704 -3.405271774064032e-10
vn -0.47885799914056537 0.8778923719107565 -0
vn -0.2809156769597028 -0.9597324535714481 3.025788491708485e-11
vn 0.47883774502780374 -0.8779034194811455 2.7679556898206822e-11
vn 0.8645202854211059 0.5025979268713806 -0
vn -0.8645202863801811 -0.5025979252216726 -0
vn 0.8645289718997579 -0.5025829849347746 -0
vn -0.8645289719007733 0.5025829849330278 -0
vn -0.47885580691458424 -0.8778935676858457 8.281049007993404e-11
vn 0.2808930623806809 -0.9597390726163038 9.053029193801957e-11
vn 0.4788521335873654 0.8778955713288615 -8.281015714080777e-11
vn -0.2808930640127855 0.9597390721386252 -3.4050322450971874e-10
vn 0.28090134600347816 0.9597366481558544 -3.2504787465721855e-10
vn -0.4788521324407219 0.8778955719543035 -2.642283971755269e-11
vn -0.2809013489261045 -0.959736647300443 2.889060244601823e-11
vn 0.4788521343748747 -0.8778955708993109 2.641916130967473e-11
vn 0.8645395229840601 0.5025648348208357 4.769825198863471e-11
vn -0.8645395239423215 -0.5025648331723822 -0
vn 0.8645296635773989 -0.5025817951286632 -1.6597941073424013e-14
vn -0.864529663578446 0.5025817951268619 -0
vn -0.478847794340802 -0.8778979381767273 7.904921372583685e-11
vn 0.2809013443707358 -0.959736648633735 8.643063241073822e-11
vn 0.47885213358738477 0.8778955713288509 -7.905933111975045e-11
vn -0.28090134600283784 0.9597366481560418 -3.25025300071844e-10
vn 0.7071067811864354 0 -0.7071067811866595
vn 0.7071067811863833 0 0.7071067811867118
vn -0.7071067811862937 0 0.7071067811868014
vn -0.7071067811863458 0 -0.7071067811867491
vn 0.7071067811864131 0 -0.7071067811866819
vn 0.707106781186428 0 0.7071067811866669
vn -0.7071067811863384 0 0.7071067811867565
vn -0.7071067811863235 0 -0.7071067811867716
vn -0.2809013460026699 0.9597366481560908 -4.206213135228476e-10
vn -0.8645395266770692 0.5025648284679192 1.8470886621062656e-10
vn -0.4788521352012992 -0.877895570448534 1.0230715109777918e-10
vn 0.2809013443705868 -0.9597366486337786 1.1184440725785804e-10
vn 0.47885213358727685 0.8778955713289097 -1.0229367396318652e-10
vn -0.4788625578766102 0.877889885272561 -3.419202053711371e-11
vn -0.2809013489259268 -0.959736647300495 3.738297744254978e-11
vn 0.47885213437487073 -0.8778955708993129 3.41859335329312e-11
vn 0.8645053351904856 0.5026236419302084 -0
vn 0.28090134600344946 0.9597366481558628 -4.2064571776040823e-10
vn -0.8645053361495764 -0.5026236402805859 -0
vn 0.864539523942258 -0.5025648331724913 -6.443980030153782e-15
vn 3.042812424847097e-10 0.9597366481560328 -0.2809013460028687
vn -1.3361005133334942e-10 0.5025648284683764 -0.8645395266768036
vn -8.090261045477371e-11 -0.9597366486336469 0.28090134437103653
vn -7.400401076584383e-11 -0.8778955704484915 -0.47885213520137665
vn 7.40038715987472e-11 0.8778955713288525 0.4788521335873818
vn 0 -0.502564833173085 0.8645395239419128
vn 0 -0.5025648331721296 -0.8645395239424681
vn -4.466203379759584e-11 0.5025648348206037 0.864539522984195
vn -2.704382080313902e-11 -0.9597366473005073 -0.28090134892588436
vn -2.4737867286137768e-11 -0.8778955708993154 0.47885213437486635
vn 2.4737673036344834e-11 0.8778955719544118 -0.47885213244052294
vn 3.763475025034843e-10 0.959736648155788 0.28090134600370514
vn -0.6839459401065945 0 -0.7295326935865908
vn -0.6839411288812086 0 0.7295372041401987
vn 0.6839440760558622 -2.0029638965116025e-13 0.7295344411527759
vn 0.6839488872654925 -3.851829831845153e-14 -0.7295299305774194
vn 5.296748492751198e-10 0.9597366481560351 -0.28090134600286093
vn -2.3257775474226338e-10 0.5025648284682672 -0.864539526676867
vn -1.4083063367743517e-10 -0.9597366486336109 0.2809013443711599
vn -1.2882108200567106e-10 -0.8778955704486906 -0.4788521352010117
vn 1.2882043058384972e-10 0.8778955713289087 0.47885213358727863
vn 0 -0.5025648331730099 0.8645395239419565
vn 0 -0.5025648331719659 -0.8645395239425634
vn -7.774333117942982e-11 0.5025648348212042 0.864539522983846
vn -4.70760948442466e-11 -0.959736647300396 -0.2809013489262649
vn -4.306179186159429e-11 -0.8778955708993812 0.47885213437474566
vn 4.3061703612067666e-11 0.8778955719544809 -0.47885213244039637
vn 5.107573474480071e-10 0.9597366481557906 0.2809013460036959
vn -0.2809013460030669 0.9597366481559748 -6.217705133028862e-10
vn -0.8645296635790807 0.5025817951257702 -0
vn -0.47884779434102237 -0.8778979381766072 1.5120527464572747e-10
vn 0.2809013443710269 -0.9597366486336497 1.6530056586384376e-10
vn 0.4788521335872902 0.8778955713289024 -1.5120463853337488e-10
vn -0.8645395239425752 -0.5025648331719454 -0
vn 0.8645296635765103 -0.5025817951301915 -0
vn -0.47885213244027697 0.8778955719545459 -5.057174629086631e-11
vn -0.28090134892561086 -0.9597366473005874 5.528626571251043e-11
vn 0.4788521343747451 -0.8778955708993815 5.05746981259195e-11
vn 0.8645395229846313 0.502564834819853 9.131233578144368e-11
vn 0.2809013460035287 0.9597366481558396 -6.218340179620697e-10
vn 0.7071067811864057 0 0.7071067811866893
vn -0.707106781186316 0 0.7071067811867789
vn 0.2809013460034591 0.9597366481558599 -6.810563089525659e-10
vn -0.4788625578762817 0.87788988527274 -5.057142963886652e-11
vn 0.4788521343747312 -0.8778955708993891 5.0572939321484924e-11
vn 0.864505334278551 0.5026236434987225 9.129919927649777e-11
vn -0.8645053361497986 -0.5026236402802038 -0
vn 0.8645395239408618 -0.5025648331748932 -0
vn -0.8645395266775769 0.5025648284670458 2.730034350578406e-10
vn -0.4788521352016438 -0.8778955704483459 1.5119959042532496e-10
vn 0.28090134437090175 -0.9597366486336864 1.653005658638501e-10
vn -0.2809013460028727 0.9597366481560317 -7.150389394778139e-10
vn 0 -0.5025648331724094 -0.8645395239423055
vn 9.288191431950708e-16 -0.502564833172157 0.8645395239424524
vn -1.0643373302902668e-10 0.5025648284682809 -0.864539526676859
vn -6.444822170265973e-11 -0.9597366486337546 0.2809013443706689
vn -5.895163782014888e-11 -0.8778955704484022 -0.47885213520154063
vn 5.895223669728651e-11 0.8778955713289404 0.4788521335872206
vn 2.918618067626157e-10 0.9597366481560319 -0.28090134600287164
vn 2.423931886034517e-10 0.9597366481557876 0.28090134600370625
vn -3.557869451647468e-11 0.5025648348205422 0.8645395229842306
vn -2.1542718907867373e-11 -0.9597366473004846 -0.2809013489259627
vn -1.9705867705913845e-11 -0.8778955708991749 0.47885213437512414
vn 1.9705673051590982e-11 0.8778955719543363 -0.4788521324406612

o entity0_brush0
usemtl tex/5sqtunnelroaddark2
f  1/1/1  2/2/1  3/3/1  4/4/1
usemtl tex/5sqtunnelroaddark2
f  5/5/2  3/6/2  2/7/2  6/8/2
usemtl tex/5sqtunnelroaddark2
f  6/9/3  2/10/3  1/11/3  7/12/3
usemtl tex/5sqtunnelroaddark2
f  8/12/4  4/11/4  3/10/4  5/9/4
usemtl tex/5sqtunnelroaddark2
f  7/8/5  1/7/5  4/6/5  8/5/5
usemtl tex/5sqtunnelroaddark2
f  8/4/6  5/3/6  6/2/6  7/1/6

o entity0_brush1
usemtl tex/5sqtunnelroaddark2
f  9/13/1  10/14/1  11/15/1  12/16/1
usemtl tex/5sqtunnelroaddark2
f  13/17/2  11/18/2  10/19/2  14/20/2
usemtl tex/5sqtunnelroaddark2
f  14/21/3  10/22/3  9/23/3  15/24/3
usemtl tex/5sqtunnelroaddark2
f  16/24/4  12/23/4  11/22/4  13/21/4
usemtl tex/5sqtunnelroaddark2
f  15/20/5  9/19/5  12/18/5  16/17/5
usemtl tex/5sqtunnelroaddark2
f  16/16/6  13/15/6  14/14/6  15/13/6

o entity0_brush2
usemtl tex/5sqtunnelroaddark2
f  17/25/1  18/13/1  19/16/1  20/26/1
usemtl tex/5sqtunnelroaddark2
f  21/27/2  19/28/2  18/29/2  22/30/2
usemtl tex/5sqtunnelroaddark2
f  22/31/3  18/32/3  17/33/3  23/34/3
usemtl tex/5sqtunnelroaddark2
f  24/34/4  20/33/4  19/32/4  21/31/4
usemtl tex/5sqtunnelroaddark2
f  23/30/5  17/29/5  20/28/5  24/27/5
usemtl tex/5sqtunnelroaddark2
f  24/26/6  21/16/6  22/13/6  23/25/6

o entity0_brush3
usemtl tex/5sqtunnelroaddark2
f  25/35/1  26/36/1  27/37/1  28/38/1
usemtl tex/5sqtunnelroaddark2
f  29/39/2  27/40/2  26/41/2  30/42/2
usemtl tex/5sqtunnelroaddark2
f  30/43/3  26/44/3  25/45/3  31/46/3
usemtl tex/5sqtunnelroaddark2
f  32/46/4  28/45/4  27/44/4  29/43/4
usemtl tex/5sqtunnelroaddark2
f  31/42/5  25/41/5  28/40/5  32/39/5
usemtl tex/5sqtunnelroaddark2
f  32/38/6  29/37/6  30/36/6  31/35/6

o entity0_brush4
usemtl tex/5sqtunnelroaddark2
f  33/47/1  34/48/1  35/49/1  36/50/1
usemtl tex/5sqtunnelroaddark2
f  37/17/2  35/18/2  34/19/2  38/20/2
usemtl tex/5sqtunnelroaddark2
f  38/51/3  34/52/3  33/53/3  39/54/3
usemtl tex/5sqtunnelroaddark2
f  40/54/4  36/53/4  35/52/4  37/51/4
usemtl tex/5sqtunnelroaddark2
f  39/20/5  33/19/5  36/18/5  40/17/5
usemtl tex/5sqtunnelroaddark2
f  40/50/6  37/49/6  38/48/6  39/47/6

o entity0_brush5
usemtl tex/5sqtunnelroaddark2
f  41/55/1  42/56/1  43/57/1  44/58/1
usemtl tex/5sqtunnelroaddark2
f  45/59/2  43/60/2  42/61/2  46/62/2
usemtl tex/5sqtunnelroaddark2
f  46/63/3  42/64/3  41/65/3  47/66/3
usemtl tex/5sqtunnelroaddark2
f  48/66/4  44/65/4  43/64/4  45/63/4
usemtl tex/5sqtunnelroaddark2
f  47/62/5  41/61/5  44/60/5  48/59/5
usemtl tex/5sqtunnelroaddark2
f  48/58/6  45/57/6  46/56/6  47/55/6

o entity0_brush6
usemtl tex/5sqtunnelroaddark2
f  49/67/1  50/68/1  51/69/1  52/70/1
usemtl tex/5sqtunnelroaddark2
f  53/17/2  51/18/2  50/19/2  54/20/2
usemtl tex/5sqtunnelroaddark2
f  54/71/3  50/72/3  49/73/3  55/74/3
usemtl tex/5sqtunnelroaddark2
f  56/74/4  52/73/4  51/72/4  53/71/4
usemtl tex/5sqtunnelroaddark2
f  55/20/5  49/19/5  52/18/5  56/17/5
usemtl tex/5sqtunnelroaddark2
f  56/70/6  53/69/6  54/68/6  55/67/6

o entity0_brush7
usemtl tex/5sqtunnelroaddark2
f  57/67/1  58/68/1  59/69/1  60/70/1
usemtl tex/5sqtunnelroaddark2
f  61/75/2  59/76/2  58/77/2  62/78/2
usemtl tex/5sqtunnelroaddark2
f  62/79/3  58/80/3  57/81/3  63/82/3
usemtl tex/5sqtunnelroaddark2
f  64/82/4  60/81/4  59/80/4  61/79/4
usemtl tex/5sqtunnelroaddark2
f  63/78/5  57/77/5  60/76/5  64/75/5
usemtl tex/5sqtunnelroaddark2
f  64/70/6  61/69/6  62/68/6  63/67/6

o entity0_brush8
usemtl tex/5sqtunnelroaddark2
f  65/83/1  66/84/1  67/85/1  68/86/1
usemtl tex/5sqtunnelroaddark2
f  69/75/2  67/76/2  66/77/2  70/78/2
usemtl tex/5sqtunnelroaddark2
f  70/87/3  66/88/3  65/89/3  71/90/3
usemtl tex/5sqtunnelroaddark2
f  72/90/4  68/89/4  67/88/4  69/87/4
usemtl tex/5sqtunnelroaddark2
f  71/78/5  65/77/5  68/76/5  72/75/5
usemtl tex/5sqtunnelroaddark2
f  72/86/6  69/85/6  70/84/6  71/83/6

o entity0_brush9
usemtl tex/5sqtunnelroaddark2
f  73/91/1  74/1/1  75/4/1  76/92/1
usemtl tex/5sqtunnelroaddark2
f  77/93/2  75/94/2  74/95/2  78/96/2
usemtl tex/5sqtunnelroaddark2
f  78/97/3  74/98/3  73/99/3  79/100/3
usemtl tex/5sqtunnelroaddark2
f  80/100/4  76/99/4  75/98/4  77/97/4
usemtl tex/5sqtunnelroaddark2
f  79/96/5  73/95/5  76/94/5  80/93/5
usemtl tex/5sqtunnelroaddark2
f  80/92/6  77/4/6  78/1/6  79/91/6

o entity0_brush10
usemtl tex/5sqtunnelroaddark2
f  81/1/1  82/2/1  83/3/1  84/4/1
usemtl tex/5sqtunnelroaddark2
f  85/101/2  83/17/2  82/20/2  86/102/2
usemtl tex/5sqtunnelroaddark2
f  86/103/3  82/104/3  81/105/3  87/106/3
usemtl tex/5sqtunnelroaddark2
f  88/106/4  84/105/4  83/104/4  85/103/4
usemtl tex/5sqtunnelroaddark2
f  87/102/5  81/20/5  84/17/5  88/101/5
usemtl tex/5sqtunnelroaddark2
f  88/4/6  85/3/6  86/2/6  87/1/6

o entity0_brush11
usemtl tex/5sqtunnelroaddark2
f  89/14/1  90/107/1  91/108/1  92/15/1
usemtl tex/5sqtunnelroaddark2
f  93/109/2  91/110/2  90/111/2  94/112/2
usemtl tex/5sqtunnelroaddark2
f  94/113/3  90/114/3  89/115/3  95/116/3
usemtl tex/5sqtunnelroaddark2
f  96/116/4  92/115/4  91/114/4  93/113/4
usemtl tex/5sqtunnelroaddark2
f  95/112/5  89/111/5  92/110/5  96/109/5
usemtl tex/5sqtunnelroaddark2
f  96/15/6  93/108/6  94/107/6  95/14/6

o entity0_brush12
usemtl tex/5sqtunnelroaddark2
f  97/117/1  98/107/1  99/108/1  100/118/1
usemtl tex/5sqtunnelroaddark2
f  101/119/2  99/120/2  98/121/2  102/122/2
usemtl tex/5sqtunnelroaddark2
f  102/123/3  98/124/3  97/125/3  103/126/3
usemtl tex/5sqtunnelroaddark2
f  104/126/4  100/125/4  99/124/4  101/123/4
usemtl tex/5sqtunnelroaddark2
f  103/122/5  97/121/5  100/120/5  104/119/5
usemtl tex/5sqtunnelroaddark2
f  104/118/6  101/108/6  102/107/6  103/117/6

o entity0_brush13
usemtl tex/5sqtunnelroaddark2
f  105/127/1  106/128/1  107/129/1  108/130/1
usemtl tex/5sqtunnelroaddark2
f  109/18/2  107/131/2  106/132/2  110/19/2
usemtl tex/5sqtunnelroaddark2
f  110/133/3  106/134/3  105/135/3  111/136/3
usemtl tex/5sqtunnelroaddark2
f  112/136/4  108/135/4  107/134/4  109/133/4
usemtl tex/5sqtunnelroaddark2
f  111/19/5  105/132/5  108/131/5  112/18/5
usemtl tex/5sqtunnelroaddark2
f  112/130/6  109/129/6  110/128/6  111/127/6

o entity0_brush14
usemtl __TB_empty
f  113/137/1  114/138/1  115/139/1  116/140/1
usemtl __TB_empty
f  117/141/2  115/142/2  114/143/2  118/144/2
usemtl __TB_empty
f  118/145/3  114/146/3  113/147/3  119/148/3
usemtl __TB_empty
f  120/148/4  116/147/4  115/146/4  117/145/4
usemtl __TB_empty
f  119/144/5  113/143/5  116/142/5  120/141/5
usemtl __TB_empty
f  120/140/6  117/139/6  118/138/6  119/137/6

o entity1_brush0
usemtl tex/5sqtunnelroaddark
f  121/149/1  122/150/1  123/151/1  124/152/1
usemtl tex/5sqtunnelroaddark
f  125/153/7  124/154/7  123/155/7  126/156/7
usemtl tex/5sqtunnelroaddark
f  126/157/8  123/158/8  122/159/8  127/160/8
usemtl tex/5sqtunnelroaddark
f  127/161/9  122/162/9  121/163/9  128/164/9
usemtl tex/5sqtunnelroaddark
f  128/165/10  121/166/10  124/167/10  125/168/10
usemtl tex/5sqtunnelroaddark
f  125/152/6  126/151/6  127/150/6  128/149/6

o entity1_brush1
usemtl tex/5sqtunnelroaddark
f  129/169/1  130/170/1  131/171/1  132/172/1
usemtl tex/5sqtunnelroaddark
f  133/173/11  132/174/11  131/175/11  134/176/11
usemtl tex/5sqtunnelroaddark
f  134/161/2  131/162/2  130/163/2  135/164/2
usemtl tex/5sqtunnelroaddark
f  135/176/3  130/175/3  129/177/3  136/178/3
usemtl tex/5sqtunnelroaddark
f  136/164/12  129/163/12  132/162/12  133/161/12
usemtl tex/5sqtunnelroaddark
f  135/170/6  136/169/6  133/172/6  134/171/6

o entity1_brush2
usemtl tex/5sqtunnelroaddark
f  137/179/1  138/180/1  139/181/1  140/182/1
usemtl tex/5sqtunnelroaddark
f  141/183/2  140/184/2  139/185/2  142/186/2
usemtl tex/5sqtunnelroaddark
f  142/156/13  139/155/13  138/154/13  143/153/13
usemtl tex/5sqtunnelroaddark
f  143/168/5  138/167/5  137/187/5  144/188/5
usemtl tex/5sqtunnelroaddark
f  144/153/14  137/154/14  140/155/14  141/156/14
usemtl tex/5sqtunnelroaddark
f  143/180/6  144/179/6  141/182/6  142/181/6

o entity1_brush3
usemtl tex/5sqtunnelroaddark
f  145/189/1  146/190/1  147/191/1  148/192/1
usemtl tex/5sqtunnelroaddark
f  149/156/15  146/155/15  145/154/15  150/153/15
usemtl tex/5sqtunnelroaddark
f  151/193/16  147/194/16  146/195/16  149/196/16
usemtl tex/5sqtunnelroaddark
f  152/197/17  148/198/17  147/194/17  151/193/17
usemtl tex/5sqtunnelroaddark
f  150/199/18  145/200/18  148/201/18  152/202/18
usemtl tex/5sqtunnelroaddark
f  150/189/6  152/192/6  151/191/6  149/190/6

o entity1_brush4
usemtl tex/5sqtunnelroaddark
f  153/203/1  154/204/1  155/205/1  156/191/1
usemtl tex/5sqtunnelroaddark
f  157/197/2  154/198/2  153/194/2  158/193/2
usemtl tex/5sqtunnelroaddark
f  159/178/4  155/177/4  154/175/4  157/176/4
usemtl tex/5sqtunnelroaddark
f  160/193/19  156/194/19  155/198/19  159/197/19
usemtl tex/5sqtunnelroaddark
f  158/176/20  153/175/20  156/174/20  160/173/20
usemtl tex/5sqtunnelroaddark
f  160/191/6  159/205/6  157/204/6  158/203/6

o entity1_brush5
usemtl tex/5sqtunnelroaddark
f  161/206/1  162/207/1  163/208/1  164/209/1
usemtl tex/5sqtunnelroaddark
f  165/210/21  164/211/21  163/212/21  166/213/21
usemtl tex/5sqtunnelroaddark
f  166/214/22  163/215/22  162/216/22  167/217/22
usemtl tex/5sqtunnelroaddark
f  167/218/23  162/219/23  161/220/23  168/221/23
usemtl tex/5sqtunnelroaddark
f  168/222/24  161/223/24  164/224/24  165/225/24
usemtl tex/5sqtunnelroaddark
f  165/209/6  166/208/6  167/207/6  168/206/6

o entity1_brush6
usemtl tex/5sqtunnelroaddark
f  169/169/1  170/170/1  171/171/1  172/172/1
usemtl tex/5sqtunnelroaddark
f  173/226/25  172/227/25  171/228/25  174/229/25
usemtl tex/5sqtunnelroaddark
f  174/218/2  171/219/2  170/220/2  175/221/2
usemtl tex/5sqtunnelroaddark
f  175/229/3  170/228/3  169/230/3  176/231/3
usemtl tex/5sqtunnelroaddark
f  176/221/26  169/220/26  172/219/26  173/218/26
usemtl tex/5sqtunnelroaddark
f  175/170/6  176/169/6  173/172/6  174/171/6

o entity1_brush7
usemtl tex/5sqtunnelroaddark
f  177/232/1  178/233/1  179/234/1  180/182/1
usemtl tex/5sqtunnelroaddark
f  181/235/2  180/236/2  179/237/2  182/238/2
usemtl tex/5sqtunnelroaddark
f  183/239/5  178/240/5  177/241/5  184/242/5
usemtl tex/5sqtunnelroaddark
f  182/213/27  179/212/27  178/211/27  183/210/27
usemtl tex/5sqtunnelroaddark
f  184/210/28  177/211/28  180/212/28  181/213/28
usemtl tex/5sqtunnelroaddark
f  181/182/6  182/234/6  183/233/6  184/232/6

o entity1_brush8
usemtl tex/5sqtunnelroaddark
f  185/189/1  186/243/1  187/191/1  188/244/1
usemtl tex/5sqtunnelroaddark
f  189/213/29  186/212/29  185/211/29  190/210/29
usemtl tex/5sqtunnelroaddark
f  191/245/30  188/246/30  187/247/30  192/248/30
usemtl tex/5sqtunnelroaddark
f  192/249/31  187/250/31  186/251/31  189/252/31
usemtl tex/5sqtunnelroaddark
f  190/253/32  185/254/32  188/246/32  191/245/32
usemtl tex/5sqtunnelroaddark
f  192/191/6  189/243/6  190/189/6  191/244/6

o entity1_brush9
usemtl tex/5sqtunnelroaddark
f  193/255/1  194/256/1  195/257/1  196/244/1
usemtl tex/5sqtunnelroaddark
f  197/229/33  194/228/33  193/227/33  198/226/33
usemtl tex/5sqtunnelroaddark
f  199/245/2  195/246/2  194/247/2  197/248/2
usemtl tex/5sqtunnelroaddark
f  200/231/4  196/230/4  195/228/4  199/229/4
usemtl tex/5sqtunnelroaddark
f  198/248/34  193/247/34  196/246/34  200/245/34
usemtl tex/5sqtunnelroaddark
f  200/244/6  199/257/6  197/256/6  198/255/6

o entity1_brush10
usemtl tex/5sqtunnelroaddark
f  201/258/1  202/259/1  203/260/1  204/261/1
usemtl tex/5sqtunnelroaddark
f  205/262/35  204/263/35  203/264/35  206/265/35
usemtl tex/5sqtunnelroaddark
f  207/266/36  202/267/36  201/268/36  208/269/36
usemtl tex/5sqtunnelroaddark
f  206/270/37  203/271/37  202/267/37  207/266/37
usemtl tex/5sqtunnelroaddark
f  208/272/38  201/273/38  204/274/38  205/275/38
usemtl tex/5sqtunnelroaddark
f  205/261/6  206/260/6  207/259/6  208/258/6

o entity1_brush11
usemtl tex/5sqtunnelroaddark
f  209/276/1  210/277/1  211/278/1  212/279/1
usemtl tex/5sqtunnelroaddark
f  213/280/39  212/281/39  211/282/39  214/283/39
usemtl tex/5sqtunnelroaddark
f  215/284/4  210/285/4  209/286/4  216/287/4
usemtl tex/5sqtunnelroaddark
f  214/266/5  211/267/5  210/268/5  215/269/5
usemtl tex/5sqtunnelroaddark
f  216/269/40  209/268/40  212/267/40  213/266/40
usemtl tex/5sqtunnelroaddark
f  213/279/6  214/278/6  215/277/6  216/276/6

o entity1_brush12
usemtl tex/5sqtunnelroaddark
f  217/288/1  218/289/1  219/290/1  220/291/1
usemtl tex/5sqtunnelroaddark
f  221/292/2  218/293/2  217/294/2  222/295/2
usemtl tex/5sqtunnelroaddark
f  223/296/5  220/297/5  219/298/5  224/299/5
usemtl tex/5sqtunnelroaddark
f  224/265/41  219/264/41  218/263/41  221/262/41
usemtl tex/5sqtunnelroaddark
f  222/262/42  217/263/42  220/264/42  223/265/42
usemtl tex/5sqtunnelroaddark
f  223/291/6  224/290/6  221/289/6  222/288/6

o entity1_brush13
usemtl tex/5sqtunnelroaddark
f  225/300/1  226/301/1  227/302/1  228/303/1
usemtl tex/5sqtunnelroaddark
f  229/265/43  226/264/43  225/263/43  230/262/43
usemtl tex/5sqtunnelroaddark
f  231/304/44  228/305/44  227/306/44  232/307/44
usemtl tex/5sqtunnelroaddark
f  232/308/45  227/309/45  226/310/45  229/311/45
usemtl tex/5sqtunnelroaddark
f  230/312/46  225/313/46  228/314/46  231/315/46
usemtl tex/5sqtunnelroaddark
f  232/316/6  229/317/6  230/318/6  231/319/6

o entity1_brush14
usemtl tex/5sqtunnelroaddark
f  233/320/1  234/321/1  235/322/1  236/323/1
usemtl tex/5sqtunnelroaddark
f  237/283/47  234/282/47  233/281/47  238/280/47
usemtl tex/5sqtunnelroaddark
f  239/287/3  236/286/3  235/285/3  240/284/3
usemtl tex/5sqtunnelroaddark
f  240/304/5  235/305/5  234/306/5  237/307/5
usemtl tex/5sqtunnelroaddark
f  238/307/48  233/306/48  236/305/48  239/304/48
usemtl tex/5sqtunnelroaddark
f  239/323/6  240/322/6  237/321/6  238/320/6

o entity1_brush15
usemtl tex/5sqtunnelroaddark
f  241/320/1  242/321/1  243/322/1  244/323/1
usemtl tex/5sqtunnelroaddark
f  245/324/49  242/325/49  241/326/49  246/327/49
usemtl tex/5sqtunnelroaddark
f  247/328/3  244/329/3  243/330/3  248/331/3
usemtl tex/5sqtunnelroaddark
f  248/332/5  243/333/5  242/334/5  245/335/5
usemtl tex/5sqtunnelroaddark
f  246/335/50  241/334/50  244/333/50  247/332/50
usemtl tex/5sqtunnelroaddark
f  247/323/6  248/322/6  245/321/6  246/320/6

o entity1_brush16
usemtl tex/5sqtunnelroaddark
f  249/300/1  250/301/1  251/302/1  252/303/1
usemtl tex/5sqtunnelroaddark
f  253/336/51  250/337/51  249/338/51  254/339/51
usemtl tex/5sqtunnelroaddark
f  255/332/52  252/333/52  251/334/52  256/335/52
usemtl tex/5sqtunnelroaddark
f  256/340/53  251/341/53  250/342/53  253/343/53
usemtl tex/5sqtunnelroaddark
f  254/344/54  249/345/54  252/346/54  255/347/54
usemtl tex/5sqtunnelroaddark
f  256/316/6  253/317/6  254/318/6  255/319/6

o entity1_brush17
usemtl tex/5sqtunnelroaddark
f  257/288/1  258/289/1  259/290/1  260/291/1
usemtl tex/5sqtunnelroaddark
f  261/348/2  258/349/2  257/350/2  262/351/2
usemtl tex/5sqtunnelroaddark
f  263/352/5  260/353/5  259/354/5  264/355/5
usemtl tex/5sqtunnelroaddark
f  264/336/55  259/337/55  258/338/55  261/339/55
usemtl tex/5sqtunnelroaddark
f  262/339/56  257/338/56  260/337/56  263/336/56
usemtl tex/5sqtunnelroaddark
f  263/291/6  264/290/6  261/289/6  262/288/6

o entity1_brush18
usemtl tex/5sqtunnelroaddark
f  265/258/1  266/259/1  267/260/1  268/261/1
usemtl tex/5sqtunnelroaddark
f  269/339/57  268/338/57  267/337/57  270/336/57
usemtl tex/5sqtunnelroaddark
f  271/356/58  266/357/58  265/358/58  272/359/58
usemtl tex/5sqtunnelroaddark
f  270/360/59  267/361/59  266/357/59  271/356/59
usemtl tex/5sqtunnelroaddark
f  272/362/60  265/363/60  268/364/60  269/365/60
usemtl tex/5sqtunnelroaddark
f  269/261/6  270/260/6  271/259/6  272/258/6

o entity1_brush19
usemtl tex/5sqtunnelroaddark
f  273/276/1  274/277/1  275/278/1  276/279/1
usemtl tex/5sqtunnelroaddark
f  277/327/61  276/326/61  275/325/61  278/324/61
usemtl tex/5sqtunnelroaddark
f  279/331/4  274/330/4  273/329/4  280/328/4
usemtl tex/5sqtunnelroaddark
f  278/356/5  275/357/5  274/358/5  279/359/5
usemtl tex/5sqtunnelroaddark
f  280/359/62  273/358/62  276/357/62  277/356/62
usemtl tex/5sqtunnelroaddark
f  277/279/6  278/278/6  279/277/6  280/276/6

o entity1_brush20
usemtl tex/5sqtunnelroaddark
f  281/366/1  282/367/1  283/368/1  284/369/1
usemtl tex/5sqtunnelroaddark
f  285/370/63  282/371/63  281/372/63  286/373/63
usemtl tex/5sqtunnelroaddark
f  287/374/2  283/375/2  282/376/2  285/377/2
usemtl tex/5sqtunnelroaddark
f  288/378/4  284/379/4  283/380/4  287/381/4
usemtl tex/5sqtunnelroaddark
f  286/377/64  281/376/64  284/375/64  288/374/64
usemtl tex/5sqtunnelroaddark
f  288/369/6  287/368/6  285/367/6  286/366/6

o entity1_brush21
usemtl tex/5sqtunnelroaddark
f  289/382/1  290/383/1  291/366/1  292/384/1
usemtl tex/5sqtunnelroaddark
f  293/385/65  290/386/65  289/387/65  294/388/65
usemtl tex/5sqtunnelroaddark
f  295/374/66  292/375/66  291/376/66  296/377/66
usemtl tex/5sqtunnelroaddark
f  296/389/67  291/390/67  290/391/67  293/392/67
usemtl tex/5sqtunnelroaddark
f  294/393/68  289/394/68  292/375/68  295/374/68
usemtl tex/5sqtunnelroaddark
f  296/366/6  293/383/6  294/382/6  295/384/6

o entity1_brush22
usemtl tex/5sqtunnelroaddark
f  297/395/1  298/396/1  299/397/1  300/398/1
usemtl tex/5sqtunnelroaddark
f  301/399/2  300/400/2  299/401/2  302/402/2
usemtl tex/5sqtunnelroaddark
f  303/403/5  298/404/5  297/394/5  304/393/5
usemtl tex/5sqtunnelroaddark
f  302/385/69  299/386/69  298/387/69  303/388/69
usemtl tex/5sqtunnelroaddark
f  304/388/70  297/387/70  300/386/70  301/385/70
usemtl tex/5sqtunnelroaddark
f  301/398/6  302/397/6  303/396/6  304/395/6

o entity1_brush23
usemtl tex/5sqtunnelroaddark
f  305/405/1  306/406/1  307/407/1  308/408/1
usemtl tex/5sqtunnelroaddark
f  309/388/71  308/387/71  307/386/71  310/385/71
usemtl tex/5sqtunnelroaddark
f  311/409/72  306/410/72  305/411/72  312/412/72
usemtl tex/5sqtunnelroaddark
f  310/413/73  307/414/73  306/415/73  311/416/73
usemtl tex/5sqtunnelroaddark
f  312/417/74  305/418/74  308/419/74  309/420/74
usemtl tex/5sqtunnelroaddark
f  309/408/6  310/407/6  311/406/6  312/405/6

o entity1_brush24
usemtl tex/5sqtunnelroaddark
f  313/421/1  314/422/1  315/423/1  316/424/1
usemtl tex/5sqtunnelroaddark
f  317/373/75  316/372/75  315/371/75  318/370/75
usemtl tex/5sqtunnelroaddark
f  318/409/2  315/410/2  314/411/2  319/412/2
usemtl tex/5sqtunnelroaddark
f  319/381/3  314/380/3  313/379/3  320/378/3
usemtl tex/5sqtunnelroaddark
f  320/412/76  313/411/76  316/410/76  317/409/76
usemtl tex/5sqtunnelroaddark
f  319/422/6  320/421/6  317/424/6  318/423/6

o entity1_brush25
usemtl tex/5sqtunnelroaddark
f  321/425/1  322/426/1  323/427/1  324/428/1
usemtl tex/5sqtunnelroaddark
f  325/429/77  324/430/77  323/431/77  326/432/77
usemtl tex/5sqtunnelroaddark
f  326/433/78  323/434/78  322/435/78  327/436/78
usemtl tex/5sqtunnelroaddark
f  327/437/3  322/438/3  321/439/3  328/440/3
usemtl tex/5sqtunnelroaddark
f  328/441/5  321/442/5  324/443/5  325/444/5
usemtl tex/5sqtunnelroaddark
f  327/426/6  328/425/6  325/428/6  326/427/6

o entity1_brush26
usemtl tex/5sqtunnelroaddark
f  329/445/1  330/446/1  331/447/1  332/448/1
usemtl tex/5sqtunnelroaddark
f  333/449/79  330/450/79  329/451/79  334/452/79
usemtl tex/5sqtunnelroaddark
f  335/436/80  332/435/80  331/434/80  336/433/80
usemtl tex/5sqtunnelroaddark
f  336/340/81  331/453/81  330/454/81  333/343/81
usemtl tex/5sqtunnelroaddark
f  334/455/82  329/456/82  332/457/82  335/458/82
usemtl tex/5sqtunnelroaddark
f  336/447/6  333/446/6  334/459/6  335/448/6

o entity1_brush27
usemtl tex/5sqtunnelroaddark
f  337/460/1  338/461/1  339/462/1  340/463/1
usemtl tex/5sqtunnelroaddark
f  341/464/2  340/465/2  339/466/2  342/467/2
usemtl tex/5sqtunnelroaddark
f  343/468/5  338/469/5  337/470/5  344/471/5
usemtl tex/5sqtunnelroaddark
f  342/452/83  339/451/83  338/450/83  343/449/83
usemtl tex/5sqtunnelroaddark
f  344/449/84  337/450/84  340/451/84  341/452/84
usemtl tex/5sqtunnelroaddark
f  341/463/6  342/462/6  343/461/6  344/460/6

o entity1_brush28
usemtl tex/5sqtunnelroaddark
f  345/472/1  346/473/1  347/474/1  348/475/1
usemtl tex/5sqtunnelroaddark
f  349/452/85  348/451/85  347/450/85  350/449/85
usemtl tex/5sqtunnelroaddark
f  351/356/86  346/476/86  345/477/86  352/359/86
usemtl tex/5sqtunnelroaddark
f  350/478/87  347/479/87  346/476/87  351/356/87
usemtl tex/5sqtunnelroaddark
f  352/480/88  345/481/88  348/482/88  349/348/88
usemtl tex/5sqtunnelroaddark
f  349/475/6  350/474/6  351/473/6  352/472/6

o entity1_brush29
usemtl tex/5sqtunnelroaddark
f  353/483/1  354/473/1  355/484/1  356/485/1
usemtl tex/5sqtunnelroaddark
f  357/432/89  354/431/89  353/430/89  358/429/89
usemtl tex/5sqtunnelroaddark
f  359/359/90  355/477/90  354/476/90  357/356/90
usemtl tex/5sqtunnelroaddark
f  360/440/4  356/439/4  355/438/4  359/437/4
usemtl tex/5sqtunnelroaddark
f  358/356/5  353/476/5  356/477/5  360/359/5
usemtl tex/5sqtunnelroaddark
f  360/485/6  359/484/6  357/473/6  358/483/6

o entity1_brush30
usemtl tex/5sqtunnelroaddark
f  361/483/1  362/473/1  363/484/1  364/485/1
usemtl tex/5sqtunnelroaddark
f  365/486/91  362/487/91  361/488/91  366/489/91
usemtl tex/5sqtunnelroaddark
f  367/490/92  363/491/92  362/492/92  365/493/92
usemtl tex/5sqtunnelroaddark
f  368/494/4  364/495/4  363/496/4  367/497/4
usemtl tex/5sqtunnelroaddark
f  366/493/5  361/492/5  364/491/5  368/490/5
usemtl tex/5sqtunnelroaddark
f  368/485/6  367/484/6  365/473/6  366/483/6

o entity1_brush31
usemtl tex/5sqtunnelroaddark
f  369/472/1  370/473/1  371/474/1  372/475/1
usemtl tex/5sqtunnelroaddark
f  373/498/93  372/499/93  371/500/93  374/501/93
usemtl tex/5sqtunnelroaddark
f  374/502/94  371/503/94  370/492/94  375/493/94
usemtl tex/5sqtunnelroaddark
f  375/493/95  370/492/95  369/491/95  376/490/95
usemtl tex/5sqtunnelroaddark
f  376/504/96  369/505/96  372/506/96  373/507/96
usemtl tex/5sqtunnelroaddark
f  373/475/6  374/474/6  375/473/6  376/472/6

o entity1_brush32
usemtl tex/5sqtunnelroaddark
f  377/462/1  378/463/1  379/460/1  380/461/1
usemtl tex/5sqtunnelroaddark
f  381/508/2  378/509/2  377/510/2  382/511/2
usemtl tex/5sqtunnelroaddark
f  383/512/5  380/513/5  379/514/5  384/515/5
usemtl tex/5sqtunnelroaddark
f  384/501/97  379/500/97  378/499/97  381/498/97
usemtl tex/5sqtunnelroaddark
f  382/498/98  377/499/98  380/500/98  383/501/98
usemtl tex/5sqtunnelroaddark
f  383/461/6  384/460/6  381/463/6  382/462/6

o entity1_brush33
usemtl tex/5sqtunnelroaddark
f  385/445/1  386/446/1  387/447/1  388/448/1
usemtl tex/5sqtunnelroaddark
f  389/501/99  386/500/99  385/499/99  390/498/99
usemtl tex/5sqtunnelroaddark
f  391/516/100  387/517/100  386/518/100  389/519/100
usemtl tex/5sqtunnelroaddark
f  392/520/101  388/521/101  387/522/101  391/523/101
usemtl tex/5sqtunnelroaddark
f  390/524/102  385/525/102  388/526/102  392/527/102
usemtl tex/5sqtunnelroaddark
f  392/448/6  391/447/6  389/446/6  390/459/6

o entity1_brush34
usemtl tex/5sqtunnelroaddark
f  393/425/1  394/426/1  395/427/1  396/428/1
usemtl tex/5sqtunnelroaddark
f  397/489/103  396/488/103  395/487/103  398/486/103
usemtl tex/5sqtunnelroaddark
f  398/523/104  395/522/104  394/521/104  399/520/104
usemtl tex/5sqtunnelroaddark
f  399/497/3  394/496/3  393/495/3  400/494/3
usemtl tex/5sqtunnelroaddark
f  400/528/5  393/529/5  396/530/5  397/531/5
usemtl tex/5sqtunnelroaddark
f  399/426/6  400/425/6  397/428/6  398/427/6

o entity1_brush35
usemtl tex/5sqtunnelroaddark
f  401/532/1  402/533/1  403/534/1  404/535/1
usemtl tex/5sqtunnelroaddark
f  405/536/105  404/537/105  403/538/105  406/539/105
usemtl tex/5sqtunnelroaddark
f  406/540/2  403/541/2  402/542/2  407/543/2
usemtl tex/5sqtunnelroaddark
f  407/544/3  402/545/3  401/546/3  408/547/3
usemtl tex/5sqtunnelroaddark
f  408/543/5  401/542/5  404/541/5  405/540/5
usemtl tex/5sqtunnelroaddark
f  407/533/106  408/532/106  405/535/106  406/534/106

o entity1_brush36
usemtl tex/5sqtunnelroaddark
f  409/533/107  410/534/107  411/535/107  412/532/107
usemtl tex/5sqtunnelroaddark
f  413/548/108  411/549/108  410/550/108  414/551/108
usemtl tex/5sqtunnelroaddark
f  415/552/2  414/553/2  410/554/2  409/555/2
usemtl tex/5sqtunnelroaddark
f  412/556/5  411/557/5  413/558/5  416/559/5
usemtl tex/5sqtunnelroaddark
f  416/560/109  413/561/109  414/562/109  415/563/109
usemtl tex/5sqtunnelroaddark
f  409/564/110  412/565/110  416/566/110  415/567/110

o entity1_brush37
usemtl tex/5sqtunnelroaddark
f  417/568/1  418/569/1  419/570/1  420/571/1
usemtl tex/5sqtunnelroaddark
f  421/563/111  418/562/111  417/561/111  422/560/111
usemtl tex/5sqtunnelroaddark
f  423/560/112  420/561/112  419/562/112  424/563/112
usemtl tex/5sqtunnelroaddark
f  424/572/2  419/573/2  418/574/2  421/575/2
usemtl tex/5sqtunnelroaddark
f  422/575/5  417/574/5  420/573/5  423/572/5
usemtl tex/5sqtunnelroaddark
f  423/576/6  424/577/6  421/578/6  422/579/6

o entity1_brush38
usemtl tex/5sqtunnelroaddark
f  425/580/113  426/581/113  427/582/113  428/583/113
usemtl tex/5sqtunnelroaddark
f  429/584/114  427/582/114  426/581/114  430/585/114
usemtl tex/5sqtunnelroaddark
f  428/586/2  427/587/2  429/588/2  431/589/2
usemtl tex/5sqtunnelroaddark
f  432/589/5  430/588/5  426/587/5  425/586/5
usemtl tex/5sqtunnelroaddark
f  431/563/115  429/562/115  430/561/115  432/560/115
usemtl tex/5sqtunnelroaddark
f  432/590/116  425/591/116  428/592/116  431/593/116

o entity1_brush39
usemtl tex/5sqtunnelroaddark
f  433/581/1  434/582/1  435/583/1  436/580/1
usemtl tex/5sqtunnelroaddark
f  437/586/2  435/594/2  434/595/2  438/596/2
usemtl tex/5sqtunnelroaddark
f  438/539/117  434/538/117  433/537/117  439/536/117
usemtl tex/5sqtunnelroaddark
f  440/547/4  436/546/4  435/545/4  437/544/4
usemtl tex/5sqtunnelroaddark
f  439/596/5  433/595/5  436/594/5  440/586/5
usemtl tex/5sqtunnelroaddark
f  440/580/118  437/583/118  438/582/118  439/581/118

o entity1_brush40
usemtl tex/5sqtunnelroaddark
f  441/597/1  442/598/1  443/599/1  444/600/1
usemtl tex/5sqtunnelroaddark
f  445/601/119  442/602/119  441/603/119  446/604/119
usemtl tex/5sqtunnelroaddark
f  447/604/120  444/603/120  443/602/120  448/601/120
usemtl tex/5sqtunnelroaddark
f  448/572/2  443/573/2  442/574/2  445/575/2
usemtl tex/5sqtunnelroaddark
f  446/575/5  441/574/5  444/573/5  447/572/5
usemtl tex/5sqtunnelroaddark
f  447/605/6  448/606/6  445/607/6  446/608/6

o entity1_brush41
usemtl tex/5sqtunnelroaddark
f  449/609/1  450/610/1  451/611/1  452/612/1
usemtl tex/5sqtunnelroaddark
f  453/613/121  452/614/121  451/615/121  454/616/121
usemtl tex/5sqtunnelroaddark
f  454/540/2  451/541/2  450/542/2  455/543/2
usemtl tex/5sqtunnelroaddark
f  455/617/3  450/618/3  449/619/3  456/620/3
usemtl tex/5sqtunnelroaddark
f  456/543/5  449/542/5  452/541/5  453/540/5
usemtl tex/5sqtunnelroaddark
f  455/610/122  456/609/122  453/612/122  454/611/122

o entity1_brush42
usemtl tex/5sqtunnelroaddark
f  457/610/123  458/611/123  459/612/123  460/609/123
usemtl tex/5sqtunnelroaddark
f  461/621/124  459/622/124  458/623/124  462/624/124
usemtl tex/5sqtunnelroaddark
f  463/552/2  462/553/2  458/554/2  457/555/2
usemtl tex/5sqtunnelroaddark
f  460/556/5  459/557/5  461/558/5  464/559/5
usemtl tex/5sqtunnelroaddark
f  464/604/125  461/603/125  462/602/125  463/601/125
usemtl tex/5sqtunnelroaddark
f  457/625/126  460/626/126  464/627/126  463/628/126

o entity1_brush43
usemtl tex/5sqtunnelroaddark
f  465/629/127  466/630/127  467/631/127  468/632/127
usemtl tex/5sqtunnelroaddark
f  469/633/128  467/631/128  466/630/128  470/634/128
usemtl tex/5sqtunnelroaddark
f  468/586/2  467/587/2  469/588/2  471/589/2
usemtl tex/5sqtunnelroaddark
f  472/589/5  470/588/5  466/587/5  465/586/5
usemtl tex/5sqtunnelroaddark
f  471/601/129  469/602/129  470/603/129  472/604/129
usemtl tex/5sqtunnelroaddark
f  472/635/130  465/636/130  468/637/130  471/638/130

o entity1_brush44
usemtl tex/5sqtunnelroaddark
f  473/630/1  474/631/1  475/632/1  476/629/1
usemtl tex/5sqtunnelroaddark
f  477/586/2  475/594/2  474/595/2  478/596/2
usemtl tex/5sqtunnelroaddark
f  478/616/131  474/615/131  473/614/131  479/613/131
usemtl tex/5sqtunnelroaddark
f  480/620/4  476/619/4  475/618/4  477/617/4
usemtl tex/5sqtunnelroaddark
f  479/596/5  473/595/5  476/594/5  480/586/5
usemtl tex/5sqtunnelroaddark
f  480/629/132  477/632/132  478/631/132  479/630/132

o entity1_brush45
usemtl tex/5sqtunnelroaddark
f  481/639/133  482/640/133  483/641/133  484/642/133
usemtl tex/5sqtunnelroaddark
f  485/643/2  483/644/2  482/645/2  486/646/2
usemtl tex/5sqtunnelroaddark
f  486/647/3  482/648/3  481/649/3
usemtl tex/5sqtunnelroaddark
f  484/649/4  483/648/4  485/647/4
usemtl tex/5sqtunnelroaddark
f  486/650/6  481/651/6  484/652/6  485/653/6

o entity1_brush46
usemtl tex/5sqtunnelroaddark
f  487/654/1  488/655/1  489/656/1  490/657/1
usemtl tex/5sqtunnelroaddark
f  490/658/3  489/659/3  491/660/3
usemtl tex/5sqtunnelroaddark
f  492/660/4  488/659/4  487/658/4
usemtl tex/5sqtunnelroaddark
f  491/661/5  489/662/5  488/663/5  492/664/5
usemtl tex/5sqtunnelroaddark
f  487/665/134  490/666/134  491/667/134  492/668/134

o entity1_brush47
usemtl tex/5sqtunnelroaddark
f  493/669/135  494/670/135  495/671/135  496/672/135
usemtl tex/5sqtunnelroaddark
f  496/673/3  495/674/3  497/675/3
usemtl tex/5sqtunnelroaddark
f  498/675/4  494/674/4  493/673/4
usemtl tex/5sqtunnelroaddark
f  497/676/5  495/677/5  494/678/5  498/679/5
usemtl tex/5sqtunnelroaddark
f  493/680/6  496/681/6  497/682/6  498/683/6

o entity1_brush48
usemtl tex/5sqtunnelroaddark
f  499/684/1  500/685/1  501/686/1  502/687/1
usemtl tex/5sqtunnelroaddark
f  503/688/2  501/120/2  500/121/2  504/689/2
usemtl tex/5sqtunnelroaddark
f  504/690/3  500/691/3  499/692/3
usemtl tex/5sqtunnelroaddark
f  502/692/4  501/691/4  503/690/4
usemtl tex/5sqtunnelroaddark
f  504/693/136  499/694/136  502/695/136  503/696/136

o entity1_brush49
usemtl tex/5sqtunnelroaddark
f  505/421/1  506/422/1  507/423/1  508/424/1
usemtl tex/5sqtunnelroaddark
f  509/697/137  508/698/137  507/699/137  510/700/137
usemtl tex/5sqtunnelroaddark
f  510/701/2  507/702/2  506/703/2  511/704/2
usemtl tex/5sqtunnelroaddark
f  511/705/3  506/706/3  505/707/3  512/708/3
usemtl tex/5sqtunnelroaddark
f  512/704/138  505/703/138  508/702/138  509/701/138
usemtl tex/5sqtunnelroaddark
f  511/422/6  512/421/6  509/424/6  510/423/6

o entity1_brush50
usemtl tex/5sqtunnelroaddark
f  513/405/1  514/406/1  515/407/1  516/408/1
usemtl tex/5sqtunnelroaddark
f  517/709/139  516/710/139  515/711/139  518/712/139
usemtl tex/5sqtunnelroaddark
f  519/701/140  514/702/140  513/703/140  520/704/140
usemtl tex/5sqtunnelroaddark
f  518/713/141  515/714/141  514/715/141  519/716/141
usemtl tex/5sqtunnelroaddark
f  520/717/142  513/718/142  516/719/142  517/720/142
usemtl tex/5sqtunnelroaddark
f  517/408/6  518/407/6  519/406/6  520/405/6

o entity1_brush51
usemtl tex/5sqtunnelroaddark
f  521/395/1  522/396/1  523/397/1  524/398/1
usemtl tex/5sqtunnelroaddark
f  525/721/2  524/722/2  523/723/2  526/724/2
usemtl tex/5sqtunnelroaddark
f  527/725/5  522/726/5  521/727/5  528/728/5
usemtl tex/5sqtunnelroaddark
f  526/712/143  523/711/143  522/710/143  527/709/143
usemtl tex/5sqtunnelroaddark
f  528/709/144  521/710/144  524/711/144  525/712/144
usemtl tex/5sqtunnelroaddark
f  525/398/6  526/397/6  527/396/6  528/395/6

o entity1_brush52
usemtl tex/5sqtunnelroaddark
f  529/382/1  530/383/1  531/366/1  532/384/1
usemtl tex/5sqtunnelroaddark
f  533/712/145  530/711/145  529/710/145  534/709/145
usemtl tex/5sqtunnelroaddark
f  535/729/146  532/730/146  531/731/146  536/732/146
usemtl tex/5sqtunnelroaddark
f  536/733/147  531/734/147  530/735/147  533/736/147
usemtl tex/5sqtunnelroaddark
f  534/728/148  529/727/148  532/730/148  535/729/148
usemtl tex/5sqtunnelroaddark
f  536/366/6  533/383/6  534/382/6  535/384/6

o entity1_brush53
usemtl tex/5sqtunnelroaddark
f  537/366/1  538/367/1  539/368/1  540/369/1
usemtl tex/5sqtunnelroaddark
f  541/700/149  538/699/149  537/698/149  542/697/149
usemtl tex/5sqtunnelroaddark
f  543/729/2  539/730/2  538/731/2  541/732/2
usemtl tex/5sqtunnelroaddark
f  544/708/4  540/707/4  539/706/4  543/705/4
usemtl tex/5sqtunnelroaddark
f  542/732/150  537/731/150  540/730/150  544/729/150
usemtl tex/5sqtunnelroaddark
f  544/369/6  543/368/6  541/367/6  542/366/6

o entity1_brush54
usemtl tex/5sqtunnelroaddark
f  545/421/1  546/422/1  547/423/1  548/424/1
usemtl tex/5sqtunnelroaddark
f  549/737/151  548/738/151  547/739/151  550/740/151
usemtl tex/5sqtunnelroaddark
f  550/741/2  547/742/2  546/743/2  551/744/2
usemtl tex/5sqtunnelroaddark
f  551/745/3  546/746/3  545/747/3  552/748/3
usemtl tex/5sqtunnelroaddark
f  552/744/152  545/743/152  548/742/152  549/741/152
usemtl tex/5sqtunnelroaddark
f  551/422/6  552/421/6  549/424/6  550/423/6

o entity1_brush55
usemtl tex/5sqtunnelroaddark
f  553/405/1  554/406/1  555/407/1  556/408/1
usemtl tex/5sqtunnelroaddark
f  557/749/153  556/750/153  555/751/153  558/752/153
usemtl tex/5sqtunnelroaddark
f  559/741/154  554/742/154  553/743/154  560/744/154
usemtl tex/5sqtunnelroaddark
f  558/753/155  555/754/155  554/755/155  559/756/155
usemtl tex/5sqtunnelroaddark
f  560/757/156  553/758/156  556/759/156  557/760/156
usemtl tex/5sqtunnelroaddark
f  557/408/6  558/407/6  559/406/6  560/405/6

o entity1_brush56
usemtl tex/5sqtunnelroaddark
f  561/395/1  562/396/1  563/397/1  564/398/1
usemtl tex/5sqtunnelroaddark
f  565/761/2  564/762/2  563/763/2  566/764/2
usemtl tex/5sqtunnelroaddark
f  567/765/5  562/766/5  561/767/5  568/768/5
usemtl tex/5sqtunnelroaddark
f  566/752/157  563/751/157  562/750/157  567/749/157
usemtl tex/5sqtunnelroaddark
f  568/749/158  561/750/158  564/751/158  565/752/158
usemtl tex/5sqtunnelroaddark
f  565/398/6  566/397/6  567/396/6  568/395/6

o entity1_brush57
usemtl tex/5sqtunnelroaddark
f  569/382/1  570/383/1  571/366/1  572/384/1
usemtl tex/5sqtunnelroaddark
f  573/752/159  570/751/159  569/750/159  574/749/159
usemtl tex/5sqtunnelroaddark
f  575/769/160  572/770/160  571/771/160  576/772/160
usemtl tex/5sqtunnelroaddark
f  576/773/161  571/774/161  570/775/161  573/776/161
usemtl tex/5sqtunnelroaddark
f  574/768/162  569/767/162  572/770/162  575/769/162
usemtl tex/5sqtunnelroaddark
f  576/366/6  573/383/6  574/382/6  575/384/6

o entity1_brush58
usemtl tex/5sqtunnelroaddark
f  577/366/1  578/367/1  579/368/1  580/369/1
usemtl tex/5sqtunnelroaddark
f  581/740/163  578/739/163  577/738/163  582/737/163
usemtl tex/5sqtunnelroaddark
f  583/769/2  579/770/2  578/771/2  581/772/2
usemtl tex/5sqtunnelroaddark
f  584/748/4  580/747/4  579/746/4  583/745/4
usemtl tex/5sqtunnelroaddark
f  582/772/164  577/771/164  580/770/164  584/769/164
usemtl tex/5sqtunnelroaddark
f  584/369/6  583/368/6  581/367/6  582/366/6

o entity1_brush59
usemtl tex/5sqtunnelroaddark
f  585/777/1  586/778/1  587/779/1  588/780/1
usemtl tex/5sqtunnelroaddark
f  589/781/2  588/782/2  587/783/2  590/784/2
usemtl tex/5sqtunnelroaddark
f  591/784/5  586/783/5  585/782/5  592/781/5
usemtl tex/5sqtunnelroaddark
f  590/785/165  587/786/165  586/787/165  591/788/165
usemtl tex/5sqtunnelroaddark
f  592/788/166  585/787/166  588/786/166  589/785/166
usemtl tex/5sqtunnelroaddark
f  592/789/6  589/790/6  590/791/6  591/792/6

o entity1_brush60
usemtl tex/5sqtunnelroaddark
f  593/793/167  594/794/167  595/795/167  596/796/167
usemtl tex/5sqtunnelroaddark
f  597/785/168  595/786/168  594/787/168  598/788/168
usemtl tex/5sqtunnelroaddark
f  596/797/2  595/798/2  597/799/2  599/800/2
usemtl tex/5sqtunnelroaddark
f  600/800/5  598/799/5  594/798/5  593/797/5
usemtl tex/5sqtunnelroaddark
f  599/801/169  597/802/169  598/803/169  600/804/169
usemtl tex/5sqtunnelroaddark
f  599/805/170  600/806/170  593/793/170  596/796/170

o entity1_brush61
usemtl tex/5sqtunnelroaddark
f  601/806/171  602/805/171  603/796/171  604/793/171
usemtl tex/5sqtunnelroaddark
f  605/807/2  603/808/2  602/800/2  606/809/2
usemtl tex/5sqtunnelroaddark
f  606/810/172  602/811/172  601/812/172  607/813/172
usemtl tex/5sqtunnelroaddark
f  608/814/4  604/815/4  603/816/4  605/817/4
usemtl tex/5sqtunnelroaddark
f  607/809/5  601/800/5  604/808/5  608/807/5
usemtl tex/5sqtunnelroaddark
f  608/793/6  605/796/6  606/805/6  607/806/6

o entity1_brush62
usemtl tex/5sqtunnelroaddark
f  609/818/173  610/819/173  611/820/173  612/821/173
usemtl tex/5sqtunnelroaddark
f  613/788/174  611/787/174  610/786/174  614/785/174
usemtl tex/5sqtunnelroaddark
f  615/822/2  614/823/2  610/824/2  609/825/2
usemtl tex/5sqtunnelroaddark
f  612/825/5  611/824/5  613/823/5  616/822/5
usemtl tex/5sqtunnelroaddark
f  616/826/175  613/827/175  614/828/175  615/829/175
usemtl tex/5sqtunnelroaddark
f  609/830/176  612/831/176  616/832/176  615/833/176

o entity1_brush63
usemtl tex/5sqtunnelroaddark
f  617/831/177  618/830/177  619/833/177  620/832/177
usemtl tex/5sqtunnelroaddark
f  621/834/2  619/835/2  618/836/2  622/837/2
usemtl tex/5sqtunnelroaddark
f  623/813/178  620/812/178  619/811/178  621/810/178
usemtl tex/5sqtunnelroaddark
f  622/817/3  618/816/3  617/815/3  624/814/3
usemtl tex/5sqtunnelroaddark
f  624/837/5  617/836/5  620/835/5  623/834/5
usemtl tex/5sqtunnelroaddark
f  621/833/6  622/830/6  624/831/6  623/832/6

o entity1_brush64
usemtl tex/5sqtunnelroaddark
f  625/831/179  626/830/179  627/833/179  628/832/179
usemtl tex/5sqtunnelroaddark
f  629/838/2  627/839/2  626/840/2  630/841/2
usemtl tex/5sqtunnelroaddark
f  631/842/178  628/843/178  627/844/178  629/845/178
usemtl tex/5sqtunnelroaddark
f  630/845/3  626/846/3  625/847/3  632/842/3
usemtl tex/5sqtunnelroaddark
f  632/841/5  625/840/5  628/839/5  631/838/5
usemtl tex/5sqtunnelroaddark
f  629/833/6  630/830/6  632/831/6  631/832/6

o entity1_brush65
usemtl tex/5sqtunnelroaddark
f  633/818/180  634/819/180  635/820/180  636/821/180
usemtl tex/5sqtunnelroaddark
f  637/848/181  635/849/181  634/850/181  638/851/181
usemtl tex/5sqtunnelroaddark
f  639/852/2  638/853/2  634/854/2  633/855/2
usemtl tex/5sqtunnelroaddark
f  636/855/5  635/854/5  637/853/5  640/852/5
usemtl tex/5sqtunnelroaddark
f  640/826/182  637/827/182  638/828/182  639/829/182
usemtl tex/5sqtunnelroaddark
f  633/830/183  636/831/183  640/832/183  639/833/183

o entity1_brush66
usemtl tex/5sqtunnelroaddark
f  641/777/1  642/778/1  643/779/1  644/780/1
usemtl tex/5sqtunnelroaddark
f  645/856/2  644/857/2  643/858/2  646/859/2
usemtl tex/5sqtunnelroaddark
f  647/859/5  642/858/5  641/857/5  648/856/5
usemtl tex/5sqtunnelroaddark
f  646/851/184  643/850/184  642/849/184  647/848/184
usemtl tex/5sqtunnelroaddark
f  648/848/185  641/849/185  644/850/185  645/851/185
usemtl tex/5sqtunnelroaddark
f  648/789/6  645/790/6  646/791/6  647/792/6

o entity1_brush67
usemtl tex/5sqtunnelroaddark
f  649/806/186  650/805/186  651/796/186  652/793/186
usemtl tex/5sqtunnelroaddark
f  653/860/2  651/861/2  650/862/2  654/863/2
usemtl tex/5sqtunnelroaddark
f  654/845/172  650/844/172  649/843/172  655/842/172
usemtl tex/5sqtunnelroaddark
f  656/842/4  652/847/4  651/846/4  653/845/4
usemtl tex/5sqtunnelroaddark
f  655/863/5  649/862/5  652/861/5  656/860/5
usemtl tex/5sqtunnelroaddark
f  656/793/6  653/796/6  654/805/6  655/806/6

o entity1_brush68
usemtl tex/5sqtunnelroaddark
f  657/793/187  658/794/187  659/795/187  660/796/187
usemtl tex/5sqtunnelroaddark
f  661/851/188  659/850/188  658/849/188  662/848/188
usemtl tex/5sqtunnelroaddark
f  660/864/2  659/865/2  661/866/2  663/862/2
usemtl tex/5sqtunnelroaddark
f  664/862/5  662/866/5  658/865/5  657/864/5
usemtl tex/5sqtunnelroaddark
f  663/801/189  661/802/189  662/803/189  664/804/189
usemtl tex/5sqtunnelroaddark
f  663/805/190  664/806/190  657/793/190  660/796/190

o entity1_brush69
usemtl tex/5sqtunnelroaddark
f  665/867/191  666/868/191  667/869/191  668/870/191
usemtl tex/5sqtunnelroaddark
f  669/807/2  667/808/2  666/800/2  670/809/2
usemtl tex/5sqtunnelroaddark
f  670/871/192  666/872/192  665/873/192  671/874/192
usemtl tex/5sqtunnelroaddark
f  672/875/4  668/876/4  667/877/4  669/878/4
usemtl tex/5sqtunnelroaddark
f  671/809/5  665/800/5  668/808/5  672/807/5
usemtl tex/5sqtunnelroaddark
f  672/870/6  669/869/6  670/868/6  671/867/6

o entity1_brush70
usemtl tex/5sqtunnelroaddark
f  673/870/193  674/879/193  675/880/193  676/869/193
usemtl tex/5sqtunnelroaddark
f  677/881/194  675/882/194  674/883/194  678/884/194
usemtl tex/5sqtunnelroaddark
f  676/797/2  675/798/2  677/799/2  679/800/2
usemtl tex/5sqtunnelroaddark
f  680/800/5  678/799/5  674/798/5  673/797/5
usemtl tex/5sqtunnelroaddark
f  679/885/195  677/886/195  678/887/195  680/888/195
usemtl tex/5sqtunnelroaddark
f  679/868/196  680/867/196  673/870/196  676/869/196

o entity1_brush71
usemtl tex/5sqtunnelroaddark
f  681/889/1  682/890/1  683/891/1  684/892/1
usemtl tex/5sqtunnelroaddark
f  685/781/2  684/782/2  683/783/2  686/784/2
usemtl tex/5sqtunnelroaddark
f  687/784/5  682/783/5  681/782/5  688/781/5
usemtl tex/5sqtunnelroaddark
f  686/881/197  683/882/197  682/883/197  687/884/197
usemtl tex/5sqtunnelroaddark
f  688/884/198  681/883/198  684/882/198  685/881/198
usemtl tex/5sqtunnelroaddark
f  688/893/6  685/894/6  686/895/6  687/896/6

o entity1_brush72
usemtl tex/5sqtunnelroaddark
f  689/897/199  690/898/199  691/899/199  692/900/199
usemtl tex/5sqtunnelroaddark
f  693/834/2  691/835/2  690/836/2  694/837/2
usemtl tex/5sqtunnelroaddark
f  695/874/200  692/873/200  691/872/200  693/871/200
usemtl tex/5sqtunnelroaddark
f  694/878/3  690/877/3  689/876/3  696/875/3
usemtl tex/5sqtunnelroaddark
f  696/837/5  689/836/5  692/835/5  695/834/5
usemtl tex/5sqtunnelroaddark
f  693/899/6  694/898/6  696/897/6  695/900/6

o entity1_brush73
usemtl tex/5sqtunnelroaddark
f  697/901/201  698/902/201  699/903/201  700/904/201
usemtl tex/5sqtunnelroaddark
f  701/884/202  699/883/202  698/882/202  702/881/202
usemtl tex/5sqtunnelroaddark
f  703/822/2  702/823/2  698/824/2  697/825/2
usemtl tex/5sqtunnelroaddark
f  700/825/5  699/824/5  701/823/5  704/822/5
usemtl tex/5sqtunnelroaddark
f  704/905/203  701/906/203  702/907/203  703/908/203
usemtl tex/5sqtunnelroaddark
f  697/898/204  700/897/204  704/900/204  703/899/204

o entity1_brush74
usemtl tex/5sqtunnelroaddark
f  705/909/205  706/910/205  707/911/205  708/912/205
usemtl tex/5sqtunnelroaddark
f  709/18/2  707/913/2  706/914/2  710/19/2
usemtl tex/5sqtunnelroaddark
f  710/915/3  706/916/3  705/917/3
usemtl tex/5sqtunnelroaddark
f  708/917/4  707/916/4  709/915/4
usemtl tex/5sqtunnelroaddark
f  710/1/6  705/918/6  708/919/6  709/4/6

o entity1_brush75
usemtl tex/5sqtunnelroaddark
f  711/920/1  712/921/1  713/922/1  714/923/1
usemtl tex/5sqtunnelroaddark
f  714/924/3  713/925/3  715/926/3
usemtl tex/5sqtunnelroaddark
f  716/926/4  712/925/4  711/924/4
usemtl tex/5sqtunnelroaddark
f  715/927/5  713/928/5  712/929/5  716/930/5
usemtl tex/5sqtunnelroaddark
f  711/931/206  714/932/206  715/933/206  716/934/206

o entity1_brush76
usemtl tex/5sqtunnelroaddark
f  717/935/207  718/936/207  719/937/207  720/938/207
usemtl tex/5sqtunnelroaddark
f  720/939/3  719/940/3  721/941/3
usemtl tex/5sqtunnelroaddark
f  722/941/4  718/940/4  717/939/4
usemtl tex/5sqtunnelroaddark
f  721/942/5  719/943/5  718/944/5  722/945/5
usemtl tex/5sqtunnelroaddark
f  717/946/6  720/947/6  721/83/6  722/86/6

o entity1_brush77
usemtl tex/5sqtunnelroaddark
f  723/948/1  724/949/1  725/950/1  726/951/1
usemtl tex/5sqtunnelroaddark
f  727/952/2  725/953/2  724/954/2  728/955/2
usemtl tex/5sqtunnelroaddark
f  728/956/3  724/957/3  723/958/3
usemtl tex/5sqtunnelroaddark
f  726/958/4  725/957/4  727/956/4
usemtl tex/5sqtunnelroaddark
f  728/959/208  723/960/208  726/961/208  727/962/208

o entity1_brush78
usemtl tex/5sqtunnelroaddark
f  729/963/209  730/964/209  731/965/209  732/966/209
usemtl tex/5sqtunnelroaddark
f  733/643/2  731/644/2  730/645/2  734/646/2
usemtl tex/5sqtunnelroaddark
f  734/967/3  730/968/3  729/969/3
usemtl tex/5sqtunnelroaddark
f  732/969/4  731/968/4  733/967/4
usemtl tex/5sqtunnelroaddark
f  734/970/6  729/971/6  732/972/6  733/973/6

o entity1_brush79
usemtl tex/5sqtunnelroaddark
f  735/974/1  736/975/1  737/976/1  738/977/1
usemtl tex/5sqtunnelroaddark
f  738/978/3  737/979/3  739/980/3
usemtl tex/5sqtunnelroaddark
f  740/980/4  736/979/4  735/978/4
usemtl tex/5sqtunnelroaddark
f  739/661/5  737/662/5  736/663/5  740/664/5
usemtl tex/5sqtunnelroaddark
f  735/981/210  738/982/210  739/983/210  740/984/210

o entity1_brush80
usemtl tex/5sqtunnelroaddark
f  741/985/211  742/986/211  743/987/211  744/988/211
usemtl tex/5sqtunnelroaddark
f  744/989/3  743/990/3  745/991/3
usemtl tex/5sqtunnelroaddark
f  746/991/4  742/990/4  741/989/4
usemtl tex/5sqtunnelroaddark
f  745/676/5  743/677/5  742/678/5  746/679/5
usemtl tex/5sqtunnelroaddark
f  741/992/6  744/993/6  745/994/6  746/995/6

o entity1_brush81
usemtl tex/5sqtunnelroaddark
f  747/996/1  748/997/1  749/998/1  750/999/1
usemtl tex/5sqtunnelroaddark
f  751/1000/2  749/27/2  748/30/2  752/1001/2
usemtl tex/5sqtunnelroaddark
f  752/1002/3  748/1003/3  747/1004/3
usemtl tex/5sqtunnelroaddark
f  750/1004/4  749/1003/4  751/1002/4
usemtl tex/5sqtunnelroaddark
f  752/1005/212  747/1006/212  750/1007/212  751/1008/212

o entity1_brush82
usemtl tex/5sqtunnelroaddark
f  753/1009/1  754/1010/1  755/1011/1  756/1012/1
usemtl tex/5sqtunnelroaddark
f  756/1013/3  755/1014/3  757/1015/3
usemtl tex/5sqtunnelroaddark
f  758/1015/4  754/1014/4  753/1013/4
usemtl tex/5sqtunnelroaddark
f  757/1016/5  755/1017/5  754/1018/5  758/1019/5
usemtl tex/5sqtunnelroaddark
f  753/1020/213  756/1021/213  757/1022/213  758/1023/213

o entity1_brush83
usemtl tex/5sqtunnelroaddark
f  759/1024/1  760/1025/1  761/1026/1  762/1027/1
usemtl tex/5sqtunnelroaddark
f  763/1028/2  761/1029/2  760/1030/2  764/1031/2
usemtl tex/5sqtunnelroaddark
f  764/1032/3  760/1033/3  759/1034/3
usemtl tex/5sqtunnelroaddark
f  762/1034/4  761/1033/4  763/1032/4
usemtl tex/5sqtunnelroaddark
f  764/1035/214  759/1036/214  762/1037/214  763/1038/214

o entity1_brush84
usemtl tex/5sqtunnelroaddark
f  765/1039/215  766/664/215  767/661/215  768/1040/215
usemtl tex/5sqtunnelroaddark
f  768/1041/3  767/1042/3  769/1043/3
usemtl tex/5sqtunnelroaddark
f  770/1043/4  766/1042/4  765/1041/4
usemtl tex/5sqtunnelroaddark
f  769/942/5  767/943/5  766/944/5  770/945/5
usemtl tex/5sqtunnelroaddark
f  765/1044/6  768/1045/6  769/1046/6  770/1047/6

o entity1_brush85
usemtl tex/5sqtunnelroaddark
f  771/1048/216  772/1049/216  773/1050/216  774/1051/216
usemtl tex/5sqtunnelroaddark
f  775/18/2  773/913/2  772/914/2  776/19/2
usemtl tex/5sqtunnelroaddark
f  776/1052/3  772/1053/3  771/1054/3
usemtl tex/5sqtunnelroaddark
f  774/1054/4  773/1053/4  775/1052/4
usemtl tex/5sqtunnelroaddark
f  776/55/6  771/1055/6  774/1056/6  775/58/6

o entity1_brush86
usemtl tex/5sqtunnelroaddark
f  777/1057/1  778/1058/1  779/1059/1  780/1060/1
usemtl tex/5sqtunnelroaddark
f  781/1061/217  778/1062/217  777/1063/217  782/1064/217
usemtl tex/5sqtunnelroaddark
f  783/1065/2  780/1066/2  779/1067/2  784/1068/2
usemtl tex/5sqtunnelroaddark
f  784/1069/3  779/1070/3  778/1071/3  781/1072/3
usemtl tex/5sqtunnelroaddark
f  782/1073/218  777/1074/218  780/1070/218  783/1069/218
usemtl tex/5sqtunnelroaddark
f  783/1060/6  784/1059/6  781/1058/6  782/1057/6

o entity1_brush87
usemtl tex/5sqtunnelroaddark
f  785/1075/1  786/1076/1  787/1077/1  788/1078/1
usemtl tex/5sqtunnelroaddark
f  789/1079/219  786/1080/219  785/1081/219  790/1082/219
usemtl tex/5sqtunnelroaddark
f  791/1083/220  788/1084/220  787/1085/220  792/1086/220
usemtl tex/5sqtunnelroaddark
f  792/1064/221  787/1063/221  786/1062/221  789/1061/221
usemtl tex/5sqtunnelroaddark
f  790/1087/222  785/1088/222  788/1089/222  791/1090/222
usemtl tex/5sqtunnelroaddark
f  791/1078/6  792/1077/6  789/1076/6  790/1091/6

o entity1_brush88
usemtl tex/5sqtunnelroaddark
f  793/1092/1  794/1093/1  795/1094/1  796/1095/1
usemtl tex/5sqtunnelroaddark
f  797/1096/223  796/1097/223  795/1098/223  798/1099/223
usemtl tex/5sqtunnelroaddark
f  799/1100/224  794/1101/224  793/1102/224  800/1103/224
usemtl tex/5sqtunnelroaddark
f  798/1104/225  795/1105/225  794/1101/225  799/1100/225
usemtl tex/5sqtunnelroaddark
f  800/1090/226  793/1089/226  796/1088/226  797/1087/226
usemtl tex/5sqtunnelroaddark
f  797/1095/6  798/1094/6  799/1093/6  800/1092/6

o entity1_brush89
usemtl tex/5sqtunnelroaddark
f  801/1106/1  802/1107/1  803/1108/1  804/1093/1
usemtl tex/5sqtunnelroaddark
f  805/1100/227  804/1101/227  803/1105/227  806/1104/227
usemtl tex/5sqtunnelroaddark
f  807/1104/2  802/1105/2  801/1101/2  808/1100/2
usemtl tex/5sqtunnelroaddark
f  806/1072/4  803/1071/4  802/1070/4  807/1069/4
usemtl tex/5sqtunnelroaddark
f  808/1069/228  801/1070/228  804/1074/228  805/1073/228
usemtl tex/5sqtunnelroaddark
f  805/1093/6  806/1108/6  807/1107/6  808/1106/6

o entity1_brush90
usemtl tex/5sqtunnelroaddark
f  809/1109/1  810/1110/1  811/1111/1  812/1112/1
usemtl tex/5sqtunnelroaddark
f  813/1090/229  810/1089/229  809/1088/229  814/1087/229
usemtl tex/5sqtunnelroaddark
f  815/1087/230  812/1088/230  811/1089/230  816/1090/230
usemtl tex/5sqtunnelroaddark
f  816/1113/2  811/1114/2  810/1115/2  813/1116/2
usemtl tex/5sqtunnelroaddark
f  814/1117/5  809/575/5  812/1118/5  815/1119/5
usemtl tex/5sqtunnelroaddark
f  815/1112/6  816/1111/6  813/1110/6  814/1109/6

o entity1_brush91
usemtl tex/5sqtunnelroaddark
f  817/1120/1  818/1121/1  819/1122/1  820/1123/1
usemtl tex/5sqtunnelroaddark
f  821/1124/2  819/1125/2  818/1126/2  822/1127/2
usemtl tex/5sqtunnelroaddark
f  822/1128/231  818/1129/231  817/1130/231  823/1131/231
usemtl tex/5sqtunnelroaddark
f  824/1132/4  820/1133/4  819/1134/4  821/1135/4
usemtl tex/5sqtunnelroaddark
f  823/1127/5  817/1126/5  820/1125/5  824/1124/5
usemtl tex/5sqtunnelroaddark
f  824/1123/232  821/1122/232  822/1121/232  823/1120/232

o entity1_brush92
usemtl tex/5sqtunnelroaddark
f  825/1123/233  826/1120/233  827/1136/233  828/1137/233
usemtl tex/5sqtunnelroaddark
f  829/1138/234  827/1136/234  826/1120/234  830/1139/234
usemtl tex/5sqtunnelroaddark
f  828/1124/2  827/1140/2  829/1141/2  831/1142/2
usemtl tex/5sqtunnelroaddark
f  832/1142/5  830/1141/5  826/1140/5  825/1124/5
usemtl tex/5sqtunnelroaddark
f  831/1143/235  829/1144/235  830/1145/235  832/1146/235
usemtl tex/5sqtunnelroaddark
f  832/1147/236  825/1148/236  828/1149/236  831/1150/236

o entity1_brush93
usemtl tex/5sqtunnelroaddark
f  833/1151/1  834/1152/1  835/1153/1  836/1154/1
usemtl tex/5sqtunnelroaddark
f  837/1143/237  834/1144/237  833/1145/237  838/1146/237
usemtl tex/5sqtunnelroaddark
f  839/1146/238  836/1145/238  835/1144/238  840/1143/238
usemtl tex/5sqtunnelroaddark
f  840/1155/2  835/1156/2  834/1157/2  837/1158/2
usemtl tex/5sqtunnelroaddark
f  838/1158/5  833/1157/5  836/1156/5  839/1155/5
usemtl tex/5sqtunnelroaddark
f  839/1159/6  840/1160/6  837/1161/6  838/1162/6

o entity1_brush94
usemtl tex/5sqtunnelroaddark
f  841/1163/239  842/1164/239  843/1165/239  844/1166/239
usemtl tex/5sqtunnelroaddark
f  845/1167/240  843/1168/240  842/1169/240  846/1170/240
usemtl tex/5sqtunnelroaddark
f  847/1171/2  846/1172/2  842/1173/2  841/1174/2
usemtl tex/5sqtunnelroaddark
f  844/1175/5  843/1176/5  845/1177/5  848/1178/5
usemtl tex/5sqtunnelroaddark
f  848/1146/241  845/1145/241  846/1144/241  847/1143/241
usemtl tex/5sqtunnelroaddark
f  841/1179/242  844/1180/242  848/1181/242  847/1182/242

o entity1_brush95
usemtl tex/5sqtunnelroaddark
f  849/1166/1  850/1163/1  851/1164/1  852/1165/1
usemtl tex/5sqtunnelroaddark
f  853/1131/243  852/1130/243  851/1183/243  854/1184/243
usemtl tex/5sqtunnelroaddark
f  854/1185/2  851/1186/2  850/1187/2  855/1188/2
usemtl tex/5sqtunnelroaddark
f  855/1189/3  850/1190/3  849/1133/3  856/1132/3
usemtl tex/5sqtunnelroaddark
f  856/1188/5  849/1187/5  852/1186/5  853/1185/5
usemtl tex/5sqtunnelroaddark
f  855/1163/244  856/1166/244  853/1165/244  854/1164/244

o entity1_brush96
usemtl tex/5sqtunnelroaddark
f  857/1191/245  858/1192/245  859/1193/245  860/1194/245
usemtl tex/5sqtunnelroaddark
f  861/1195/2  859/1196/2  858/1197/2  862/1198/2
usemtl tex/5sqtunnelroaddark
f  863/1199/4  860/1200/4  859/1201/4  861/1202/4
usemtl tex/5sqtunnelroaddark
f  862/1203/246  858/1204/246  857/1205/246  864/1206/246
usemtl tex/5sqtunnelroaddark
f  864/1198/5  857/1197/5  860/1196/5  863/1195/5
usemtl tex/5sqtunnelroaddark
f  861/1193/6  862/1192/6  864/1191/6  863/1194/6

o entity1_brush97
usemtl tex/5sqtunnelroaddark
f  865/1207/247  866/1208/247  867/1209/247  868/1210/247
usemtl tex/5sqtunnelroaddark
f  869/1211/248  867/1212/248  866/1213/248  870/1214/248
usemtl tex/5sqtunnelroaddark
f  868/1196/2  867/1215/2  869/1216/2  871/1217/2
usemtl tex/5sqtunnelroaddark
f  872/1217/5  870/1216/5  866/1218/5  865/1196/5
usemtl tex/5sqtunnelroaddark
f  871/1219/249  869/1220/249  870/1221/249  872/1191/249
usemtl tex/5sqtunnelroaddark
f  871/1222/250  872/1223/250  865/1207/250  868/1210/250

o entity1_brush98
usemtl tex/5sqtunnelroaddark
f  873/1224/1  874/1225/1  875/1226/1  876/1227/1
usemtl tex/5sqtunnelroaddark
f  877/1228/2  874/1229/2  873/1230/2  878/1231/2
usemtl tex/5sqtunnelroaddark
f  879/1231/5  876/1230/5  875/1229/5  880/1228/5
usemtl tex/5sqtunnelroaddark
f  880/1214/251  875/1213/251  874/1212/251  877/1211/251
usemtl tex/5sqtunnelroaddark
f  878/1211/252  873/1212/252  876/1213/252  879/1214/252
usemtl tex/5sqtunnelroaddark
f  878/1232/6  879/1233/6  880/1234/6  877/1235/6

o entity1_brush99
usemtl tex/5sqtunnelroaddark
f  881/1236/253  882/1237/253  883/1238/253  884/1239/253
usemtl tex/5sqtunnelroaddark
f  885/1214/254  883/1213/254  882/1212/254  886/1211/254
usemtl tex/5sqtunnelroaddark
f  887/1240/2  886/1241/2  882/1242/2  881/1243/2
usemtl tex/5sqtunnelroaddark
f  884/1244/5  883/1245/5  885/1246/5  888/1247/5
usemtl tex/5sqtunnelroaddark
f  888/1248/255  885/1249/255  886/1250/255  887/1251/255
usemtl tex/5sqtunnelroaddark
f  881/1252/256  884/1253/256  888/1254/256  887/1255/256

o entity1_brush100
usemtl tex/5sqtunnelroaddark
f  889/1254/257  890/1253/257  891/1252/257  892/1255/257
usemtl tex/5sqtunnelroaddark
f  893/1256/2  892/1257/2  891/1258/2  894/1259/2
usemtl tex/5sqtunnelroaddark
f  894/1260/3  891/1261/3  890/1200/3  895/1199/3
usemtl tex/5sqtunnelroaddark
f  895/1259/5  890/1258/5  889/1257/5  896/1256/5
usemtl tex/5sqtunnelroaddark
f  896/1206/258  889/1205/258  892/1262/258  893/1263/258
usemtl tex/5sqtunnelroaddark
f  895/1253/6  896/1254/6  893/1255/6  894/1252/6

o entity1_brush101
usemtl tex/5sqtunnelroaddark
f  897/1264/259  898/1265/259  899/1266/259  900/1267/259
usemtl tex/5sqtunnelroaddark
f  901/1195/2  899/1196/2  898/1197/2  902/1198/2
usemtl tex/5sqtunnelroaddark
f  903/1268/4  900/1269/4  899/1270/4  901/1271/4
usemtl tex/5sqtunnelroaddark
f  902/1272/260  898/1273/260  897/1274/260  904/1275/260
usemtl tex/5sqtunnelroaddark
f  904/1198/5  897/1197/5  900/1196/5  903/1195/5
usemtl tex/5sqtunnelroaddark
f  901/1266/6  902/1265/6  904/1264/6  903/1267/6

o entity1_brush102
usemtl tex/5sqtunnelroaddark
f  905/1276/261  906/1277/261  907/1278/261  908/1279/261
usemtl tex/5sqtunnelroaddark
f  909/1280/262  907/1281/262  906/1282/262  910/1283/262
usemtl tex/5sqtunnelroaddark
f  908/1196/2  907/1215/2  909/1216/2  911/1217/2
usemtl tex/5sqtunnelroaddark
f  912/1217/5  910/1216/5  906/1218/5  905/1196/5
usemtl tex/5sqtunnelroaddark
f  911/1265/263  909/1284/263  910/1285/263  912/1264/263
usemtl tex/5sqtunnelroaddark
f  911/1265/264  912/1264/264  905/1267/264  908/1266/264

o entity1_brush103
usemtl tex/5sqtunnelroaddark
f  913/1286/1  914/1287/1  915/1288/1  916/1289/1
usemtl tex/5sqtunnelroaddark
f  917/1228/2  914/1229/2  913/1230/2  918/1231/2
usemtl tex/5sqtunnelroaddark
f  919/1231/5  916/1230/5  915/1229/5  920/1228/5
usemtl tex/5sqtunnelroaddark
f  920/1283/265  915/1282/265  914/1281/265  917/1280/265
usemtl tex/5sqtunnelroaddark
f  918/1280/266  913/1281/266  916/1282/266  919/1283/266
usemtl tex/5sqtunnelroaddark
f  918/1290/6  919/1291/6  920/1292/6  917/1293/6

o entity1_brush104
usemtl tex/5sqtunnelroaddark
f  921/1294/267  922/1295/267  923/1296/267  924/1297/267
usemtl tex/5sqtunnelroaddark
f  925/1283/268  923/1282/268  922/1281/268  926/1280/268
usemtl tex/5sqtunnelroaddark
f  927/1298/2  926/1299/2  922/1300/2  921/1301/2
usemtl tex/5sqtunnelroaddark
f  924/1244/5  923/1245/5  925/1246/5  928/1247/5
usemtl tex/5sqtunnelroaddark
f  928/1302/269  925/1303/269  926/1304/269  927/1305/269
usemtl tex/5sqtunnelroaddark
f  921/1306/270  924/1307/270  928/1308/270  927/1309/270

o entity1_brush105
usemtl tex/5sqtunnelroaddark
f  929/1308/271  930/1307/271  931/1306/271  932/1309/271
usemtl tex/5sqtunnelroaddark
f  933/1256/2  932/1257/2  931/1258/2  934/1259/2
usemtl tex/5sqtunnelroaddark
f  934/1271/3  931/1270/3  930/1269/3  935/1268/3
usemtl tex/5sqtunnelroaddark
f  935/1259/5  930/1258/5  929/1257/5  936/1256/5
usemtl tex/5sqtunnelroaddark
f  936/1275/272  929/1274/272  932/1273/272  933/1272/272
usemtl tex/5sqtunnelroaddark
f  935/1307/6  936/1308/6  933/1309/6  934/1306/6

o entity1_brush106
usemtl tex/5sqtunnelroaddark
f  937/1310/1  938/1311/1  939/1312/1  940/1313/1
usemtl tex/5sqtunnelroaddark
f  941/1314/273  940/1315/273  939/1316/273  942/1317/273
usemtl tex/5sqtunnelroaddark
f  942/1318/2  939/1319/2  938/1320/2  943/1321/2
usemtl tex/5sqtunnelroaddark
f  943/1322/3  938/1323/3  937/1324/3  944/1325/3
usemtl tex/5sqtunnelroaddark
f  944/1321/5  937/1320/5  940/1319/5  941/1318/5
usemtl tex/5sqtunnelroaddark
f  943/1311/274  944/1310/274  941/1313/274  942/1312/274

o entity1_brush107
usemtl tex/5sqtunnelroaddark
f  945/1326/275  946/1327/275  947/1328/275  948/1329/275
usemtl tex/5sqtunnelroaddark
f  949/1330/276  947/1331/276  946/1332/276  950/1333/276
usemtl tex/5sqtunnelroaddark
f  951/1334/2  950/1335/2  946/1336/2  945/1337/2
usemtl tex/5sqtunnelroaddark
f  948/1338/5  947/1339/5  949/1340/5  952/1341/5
usemtl tex/5sqtunnelroaddark
f  952/1342/277  949/1343/277  950/1344/277  951/1345/277
usemtl tex/5sqtunnelroaddark
f  945/1346/278  948/1347/278  952/1348/278  951/1349/278

o entity1_brush108
usemtl tex/5sqtunnelroaddark
f  953/1350/1  954/1351/1  955/1352/1  956/1353/1
usemtl tex/5sqtunnelroaddark
f  957/1342/279  956/1343/279  955/1344/279  958/1345/279
usemtl tex/5sqtunnelroaddark
f  959/1345/280  954/1344/280  953/1343/280  960/1342/280
usemtl tex/5sqtunnelroaddark
f  958/1354/2  955/1355/2  954/1356/2  959/1357/2
usemtl tex/5sqtunnelroaddark
f  960/1357/5  953/1356/5  956/1355/5  957/1354/5
usemtl tex/5sqtunnelroaddark
f  957/1358/6  958/1359/6  959/1360/6  960/1361/6

o entity1_brush109
usemtl tex/5sqtunnelroaddark
f  961/1362/281  962/1363/281  963/1364/281  964/1365/281
usemtl tex/5sqtunnelroaddark
f  965/1366/282  963/1367/282  962/1368/282  966/1369/282
usemtl tex/5sqtunnelroaddark
f  964/1370/2  963/1371/2  965/1372/2  967/1373/2
usemtl tex/5sqtunnelroaddark
f  968/1374/5  966/1372/5  962/1371/5  961/1370/5
usemtl tex/5sqtunnelroaddark
f  967/1345/283  965/1344/283  966/1343/283  968/1342/283
usemtl tex/5sqtunnelroaddark
f  968/1375/284  961/1362/284  964/1365/284  967/1376/284

o entity1_brush110
usemtl tex/5sqtunnelroaddark
f  969/1363/1  970/1364/1  971/1365/1  972/1362/1
usemtl tex/5sqtunnelroaddark
f  973/1317/285  970/1316/285  969/1315/285  974/1314/285
usemtl tex/5sqtunnelroaddark
f  975/1377/2  971/1378/2  970/1379/2  973/1371/2
usemtl tex/5sqtunnelroaddark
f  976/1325/4  972/1324/4  971/1323/4  975/1322/4
usemtl tex/5sqtunnelroaddark
f  974/1371/5  969/1379/5  972/1378/5  976/1377/5
usemtl tex/5sqtunnelroaddark
f  976/1362/286  975/1365/286  973/1364/286  974/1363/286

o entity1_brush111
usemtl tex/5sqtunnelroaddark
f  977/1294/287  978/1295/287  979/1296/287  980/1297/287
usemtl tex/5sqtunnelroaddark
f  981/1380/288  979/1381/288  978/1382/288  982/1383/288
usemtl tex/5sqtunnelroaddark
f  983/1384/2  982/1385/2  978/1386/2  977/1387/2
usemtl tex/5sqtunnelroaddark
f  980/1388/5  979/1389/5  981/1390/5  984/1391/5
usemtl tex/5sqtunnelroaddark
f  984/1302/289  981/1303/289  982/1304/289  983/1305/289
usemtl tex/5sqtunnelroaddark
f  977/1306/290  980/1307/290  984/1308/290  983/1309/290

o entity1_brush112
usemtl tex/5sqtunnelroaddark
f  985/1308/291  986/1307/291  987/1306/291  988/1309/291
usemtl tex/5sqtunnelroaddark
f  989/1392/2  988/1393/2  987/1394/2  990/1395/2
usemtl tex/5sqtunnelroaddark
f  990/1396/3  987/1397/3  986/1398/3  991/1399/3
usemtl tex/5sqtunnelroaddark
f  991/1395/5  986/1394/5  985/1393/5  992/1392/5
usemtl tex/5sqtunnelroaddark
f  992/1399/292  985/1400/292  988/1401/292  989/1396/292
usemtl tex/5sqtunnelroaddark
f  991/1307/6  992/1308/6  989/1309/6  990/1306/6

o entity1_brush113
usemtl tex/5sqtunnelroaddark
f  993/1286/1  994/1287/1  995/1288/1  996/1289/1
usemtl tex/5sqtunnelroaddark
f  997/1402/2  994/1403/2  993/1404/2  998/1405/2
usemtl tex/5sqtunnelroaddark
f  999/1405/5  996/1404/5  995/1403/5  1000/1402/5
usemtl tex/5sqtunnelroaddark
f  1000/1380/293  995/1381/293  994/1382/293  997/1383/293
usemtl tex/5sqtunnelroaddark
f  998/1383/294  993/1382/294  996/1381/294  999/1380/294
usemtl tex/5sqtunnelroaddark
f  998/1290/6  999/1291/6  1000/1292/6  997/1293/6

o entity1_brush114
usemtl tex/5sqtunnelroaddark
f  1001/1276/295  1002/1277/295  1003/1278/295  1004/1279/295
usemtl tex/5sqtunnelroaddark
f  1005/1383/296  1003/1382/296  1002/1381/296  1006/1380/296
usemtl tex/5sqtunnelroaddark
f  1004/1406/2  1003/1407/2  1005/1408/2  1007/1409/2
usemtl tex/5sqtunnelroaddark
f  1008/1409/5  1006/1408/5  1002/1410/5  1001/1406/5
usemtl tex/5sqtunnelroaddark
f  1007/1265/297  1005/1284/297  1006/1285/297  1008/1264/297
usemtl tex/5sqtunnelroaddark
f  1007/1265/298  1008/1264/298  1001/1267/298  1004/1266/298

o entity1_brush115
usemtl tex/5sqtunnelroaddark
f  1009/1264/299  1010/1265/299  1011/1266/299  1012/1267/299
usemtl tex/5sqtunnelroaddark
f  1013/1411/2  1011/1406/2  1010/1412/2  1014/1413/2
usemtl tex/5sqtunnelroaddark
f  1015/1399/4  1012/1398/4  1011/1397/4  1013/1396/4
usemtl tex/5sqtunnelroaddark
f  1014/1396/260  1010/1401/260  1009/1400/260  1016/1399/260
usemtl tex/5sqtunnelroaddark
f  1016/1413/5  1009/1412/5  1012/1406/5  1015/1411/5
usemtl tex/5sqtunnelroaddark
f  1013/1266/6  1014/1265/6  1016/1264/6  1015/1267/6

o entity1_brush116
usemtl tex/5sqtunnelroaddark
f  1017/1363/1  1018/1364/1  1019/1365/1  1020/1362/1
usemtl tex/5sqtunnelroaddark
f  1021/1414/300  1018/1415/300  1017/1416/300  1022/1417/300
usemtl tex/5sqtunnelroaddark
f  1023/1418/2  1019/1419/2  1018/1420/2  1021/1421/2
usemtl tex/5sqtunnelroaddark
f  1024/1422/4  1020/1423/4  1019/1424/4  1023/1425/4
usemtl tex/5sqtunnelroaddark
f  1022/1421/5  1017/1420/5  1020/1419/5  1024/1418/5
usemtl tex/5sqtunnelroaddark
f  1024/1362/301  1023/1365/301  1021/1364/301  1022/1363/301

o entity1_brush117
usemtl tex/5sqtunnelroaddark
f  1025/1362/302  1026/1363/302  1027/1364/302  1028/1365/302
usemtl tex/5sqtunnelroaddark
f  1029/1366/303  1027/1367/303  1026/1368/303  1030/1369/303
usemtl tex/5sqtunnelroaddark
f  1028/1426/2  1027/1421/2  1029/1427/2  1031/1428/2
usemtl tex/5sqtunnelroaddark
f  1032/1429/5  1030/1427/5  1026/1421/5  1025/1426/5
usemtl tex/5sqtunnelroaddark
f  1031/1430/304  1029/1431/304  1030/1432/304  1032/1433/304
usemtl tex/5sqtunnelroaddark
f  1032/1375/305  1025/1362/305  1028/1365/305  1031/1376/305

o entity1_brush118
usemtl tex/5sqtunnelroaddark
f  1033/1350/1  1034/1351/1  1035/1352/1  1036/1353/1
usemtl tex/5sqtunnelroaddark
f  1037/1433/306  1036/1432/306  1035/1431/306  1038/1430/306
usemtl tex/5sqtunnelroaddark
f  1039/1430/307  1034/1431/307  1033/1432/307  1040/1433/307
usemtl tex/5sqtunnelroaddark
f  1038/1434/2  1035/1435/2  1034/1436/2  1039/1437/2
usemtl tex/5sqtunnelroaddark
f  1040/1437/5  1033/1436/5  1036/1435/5  1037/1434/5
usemtl tex/5sqtunnelroaddark
f  1037/1358/6  1038/1359/6  1039/1360/6  1040/1361/6

o entity1_brush119
usemtl tex/5sqtunnelroaddark
f  1041/1326/308  1042/1327/308  1043/1328/308  1044/1329/308
usemtl tex/5sqtunnelroaddark
f  1045/1330/309  1043/1331/309  1042/1332/309  1046/1333/309
usemtl tex/5sqtunnelroaddark
f  1047/1438/2  1046/1439/2  1042/1440/2  1041/1441/2
usemtl tex/5sqtunnelroaddark
f  1044/1442/5  1043/1443/5  1045/1444/5  1048/1445/5
usemtl tex/5sqtunnelroaddark
f  1048/1433/310  1045/1432/310  1046/1431/310  1047/1430/310
usemtl tex/5sqtunnelroaddark
f  1041/1346/311  1044/1347/311  1048/1348/311  1047/1349/311

o entity1_brush120
usemtl tex/5sqtunnelroaddark
f  1049/1310/1  1050/1311/1  1051/1312/1  1052/1313/1
usemtl tex/5sqtunnelroaddark
f  1053/1417/312  1052/1416/312  1051/1415/312  1054/1414/312
usemtl tex/5sqtunnelroaddark
f  1054/1446/2  1051/1447/2  1050/1448/2  1055/1449/2
usemtl tex/5sqtunnelroaddark
f  1055/1425/3  1050/1424/3  1049/1423/3  1056/1422/3
usemtl tex/5sqtunnelroaddark
f  1056/1449/5  1049/1448/5  1052/1447/5  1053/1446/5
usemtl tex/5sqtunnelroaddark
f  1055/1311/313  1056/1310/313  1053/1313/313  1054/1312/313

o entity1_brush121
usemtl tex/5sqtunnelroaddark
f  1057/985/314  1058/986/314  1059/987/314  1060/988/314
usemtl tex/5sqtunnelroaddark
f  1060/1450/3  1059/1451/3  1061/1452/3
usemtl tex/5sqtunnelroaddark
f  1062/1452/4  1058/1451/4  1057/1450/4
usemtl tex/5sqtunnelroaddark
f  1061/1453/5  1059/1454/5  1058/1455/5  1062/1456/5
usemtl tex/5sqtunnelroaddark
f  1057/992/6  1060/993/6  1061/994/6  1062/995/6

o entity1_brush122
usemtl tex/5sqtunnelroaddark
f  1063/996/1  1064/997/1  1065/998/1  1066/999/1
usemtl tex/5sqtunnelroaddark
f  1067/1457/2  1065/110/2  1064/111/2  1068/1458/2
usemtl tex/5sqtunnelroaddark
f  1068/1459/3  1064/1460/3  1063/1461/3
usemtl tex/5sqtunnelroaddark
f  1066/1461/4  1065/1460/4  1067/1459/4
usemtl tex/5sqtunnelroaddark
f  1068/1005/315  1063/1006/315  1066/1007/315  1067/1008/315

o entity1_brush123
usemtl tex/5sqtunnelroaddark
f  1069/1462/216  1070/1463/216  1071/1464/216  1072/1465/216
usemtl tex/5sqtunnelroaddark
f  1073/76/2  1071/1466/2  1070/1467/2  1074/77/2
usemtl tex/5sqtunnelroaddark
f  1074/1468/3  1070/1469/3  1069/1470/3
usemtl tex/5sqtunnelroaddark
f  1072/1470/4  1071/1469/4  1073/1468/4
usemtl tex/5sqtunnelroaddark
f  1074/55/6  1069/1055/6  1072/1056/6  1073/58/6

o entity1_brush124
usemtl tex/5sqtunnelroaddark
f  1075/1009/1  1076/1010/1  1077/1011/1  1078/1012/1
usemtl tex/5sqtunnelroaddark
f  1078/1471/3  1077/1472/3  1079/1473/3
usemtl tex/5sqtunnelroaddark
f  1080/1473/4  1076/1472/4  1075/1471/4
usemtl tex/5sqtunnelroaddark
f  1079/1474/5  1077/1475/5  1076/1476/5  1080/1477/5
usemtl tex/5sqtunnelroaddark
f  1075/1478/213  1078/1479/213  1079/1480/213  1080/1481/213

o entity1_brush125
usemtl tex/5sqtunnelroaddark
f  1081/1482/1  1082/1483/1  1083/1484/1  1084/1485/1
usemtl tex/5sqtunnelroaddark
f  1085/1486/316  1082/1487/316  1081/1488/316  1086/1489/316
usemtl tex/5sqtunnelroaddark
f  1087/1490/3  1084/1491/3  1083/1492/3  1088/1493/3
usemtl tex/5sqtunnelroaddark
f  1088/1494/5  1083/1495/5  1082/1496/5  1085/1497/5
usemtl tex/5sqtunnelroaddark
f  1086/1497/317  1081/1496/317  1084/1495/317  1087/1494/317
usemtl tex/5sqtunnelroaddark
f  1087/1485/6  1088/1484/6  1085/1483/6  1086/1482/6

o entity1_brush126
usemtl tex/5sqtunnelroaddark
f  1089/1498/1  1090/1499/1  1091/1500/1  1092/1501/1
usemtl tex/5sqtunnelroaddark
f  1093/1502/318  1090/1503/318  1089/1504/318  1094/1505/318
usemtl tex/5sqtunnelroaddark
f  1095/1494/319  1092/1495/319  1091/1496/319  1096/1497/319
usemtl tex/5sqtunnelroaddark
f  1096/1506/320  1091/1507/320  1090/1508/320  1093/1509/320
usemtl tex/5sqtunnelroaddark
f  1094/1510/321  1089/1511/321  1092/1512/321  1095/1513/321
usemtl tex/5sqtunnelroaddark
f  1096/1514/6  1093/1515/6  1094/1516/6  1095/1517/6

o entity1_brush127
usemtl tex/5sqtunnelroaddark
f  1097/1518/1  1098/1519/1  1099/1520/1  1100/1521/1
usemtl tex/5sqtunnelroaddark
f  1101/1505/322  1100/1504/322  1099/1503/322  1102/1502/322
usemtl tex/5sqtunnelroaddark
f  1103/1522/323  1098/1523/323  1097/1524/323  1104/1525/323
usemtl tex/5sqtunnelroaddark
f  1102/1216/324  1099/1526/324  1098/1523/324  1103/1522/324
usemtl tex/5sqtunnelroaddark
f  1104/1527/325  1097/1528/325  1100/1529/325  1101/1530/325
usemtl tex/5sqtunnelroaddark
f  1101/1521/6  1102/1520/6  1103/1519/6  1104/1518/6

o entity1_brush128
usemtl tex/5sqtunnelroaddark
f  1105/1518/1  1106/1531/1  1107/1532/1  1108/1533/1
usemtl tex/5sqtunnelroaddark
f  1109/1489/326  1108/1488/326  1107/1487/326  1110/1486/326
usemtl tex/5sqtunnelroaddark
f  1111/1493/4  1106/1492/4  1105/1491/4  1112/1490/4
usemtl tex/5sqtunnelroaddark
f  1110/1522/5  1107/1523/5  1106/1524/5  1111/1525/5
usemtl tex/5sqtunnelroaddark
f  1112/1525/327  1105/1524/327  1108/1523/327  1109/1522/327
usemtl tex/5sqtunnelroaddark
f  1109/1533/6  1110/1532/6  1111/1531/6  1112/1518/6

o entity1_brush129
usemtl tex/5sqtunnelroaddark
f  1113/1534/1  1114/1535/1  1115/1536/1  1116/1537/1
usemtl tex/5sqtunnelroaddark
f  1117/1538/2  1114/1539/2  1113/1540/2  1118/1541/2
usemtl tex/5sqtunnelroaddark
f  1119/1502/328  1115/1503/328  1114/1504/328  1117/1505/328
usemtl tex/5sqtunnelroaddark
f  1120/1246/5  1116/1542/5  1115/1543/5  1119/1544/5
usemtl tex/5sqtunnelroaddark
f  1118/1505/329  1113/1504/329  1116/1503/329  1120/1502/329
usemtl tex/5sqtunnelroaddark
f  1120/1537/6  1119/1536/6  1117/1535/6  1118/1534/6

o entity1_brush130
usemtl tex/5sqtunnelroaddark
f  1121/1545/1  1122/1546/1  1123/1547/1  1124/1548/1
usemtl tex/5sqtunnelroaddark
f  1125/1549/330  1122/1550/330  1121/1551/330  1126/1552/330
usemtl tex/5sqtunnelroaddark
f  1127/1552/2  1124/1551/2  1123/1550/2  1128/1549/2
usemtl tex/5sqtunnelroaddark
f  1128/1553/3  1123/1554/3  1122/1555/3  1125/1556/3
usemtl tex/5sqtunnelroaddark
f  1126/1557/331  1121/1558/331  1124/1554/331  1127/1553/331
usemtl tex/5sqtunnelroaddark
f  1127/1548/6  1128/1547/6  1125/1546/6  1126/1545/6

o entity1_brush131
usemtl tex/5sqtunnelroaddark
f  1129/1559/1  1130/1560/1  1131/1561/1  1132/1562/1
usemtl tex/5sqtunnelroaddark
f  1133/1563/332  1130/1564/332  1129/1565/332  1134/1566/332
usemtl tex/5sqtunnelroaddark
f  1135/1567/333  1132/1568/333  1131/1569/333  1136/1570/333
usemtl tex/5sqtunnelroaddark
f  1136/1552/334  1131/1551/334  1130/1550/334  1133/1549/334
usemtl tex/5sqtunnelroaddark
f  1134/1571/335  1129/1572/335  1132/1573/335  1135/1574/335
usemtl tex/5sqtunnelroaddark
f  1135/1575/6  1136/1576/6  1133/1577/6  1134/1578/6

o entity1_brush132
usemtl tex/5sqtunnelroaddark
f  1137/1579/1  1138/1580/1  1139/1581/1  1140/1582/1
usemtl tex/5sqtunnelroaddark
f  1141/1574/336  1138/1573/336  1137/1572/336  1142/1571/336
usemtl tex/5sqtunnelroaddark
f  1143/1571/337  1140/1572/337  1139/1573/337  1144/1574/337
usemtl tex/5sqtunnelroaddark
f  1144/1583/2  1139/1584/2  1138/1585/2  1141/1586/2
usemtl tex/5sqtunnelroaddark
f  1142/1587/5  1137/1588/5  1140/1589/5  1143/1590/5
usemtl tex/5sqtunnelroaddark
f  1143/1582/6  1144/1581/6  1141/1580/6  1142/1579/6

o entity1_brush133
usemtl tex/5sqtunnelroaddark
f  1145/1591/1  1146/1592/1  1147/1593/1  1148/1594/1
usemtl tex/5sqtunnelroaddark
f  1149/1595/338  1148/1596/338  1147/1597/338  1150/1598/338
usemtl tex/5sqtunnelroaddark
f  1151/1598/2  1146/1597/2  1145/1596/2  1152/1595/2
usemtl tex/5sqtunnelroaddark
f  1150/1556/4  1147/1555/4  1146/1554/4  1151/1553/4
usemtl tex/5sqtunnelroaddark
f  1152/1553/339  1145/1554/339  1148/1558/339  1149/1557/339
usemtl tex/5sqtunnelroaddark
f  1149/1594/6  1150/1593/6  1151/1592/6  1152/1591/6

o entity1_brush134
usemtl tex/5sqtunnelroaddark
f  1153/1599/1  1154/1600/1  1155/1593/1  1156/1601/1
usemtl tex/5sqtunnelroaddark
f  1157/1602/340  1156/1603/340  1155/1604/340  1158/1605/340
usemtl tex/5sqtunnelroaddark
f  1159/1595/341  1154/1596/341  1153/1606/341  1160/1607/341
usemtl tex/5sqtunnelroaddark
f  1158/1598/342  1155/1597/342  1154/1596/342  1159/1595/342
usemtl tex/5sqtunnelroaddark
f  1160/1574/343  1153/1573/343  1156/1572/343  1157/1571/343
usemtl tex/5sqtunnelroaddark
f  1157/1601/6  1158/1593/6  1159/1600/6  1160/1599/6

o entity1_brush135
usemtl tex/5sqtunnelroaddark
f  1161/1608/1  1162/1609/1  1163/1610/1  1164/1611/1
usemtl tex/5sqtunnelroaddark
f  1164/1612/3  1163/1613/3  1165/1614/3
usemtl tex/5sqtunnelroaddark
f  1166/1614/4  1162/1613/4  1161/1612/4
usemtl tex/5sqtunnelroaddark
f  1165/661/5  1163/662/5  1162/663/5  1166/664/5
usemtl tex/5sqtunnelroaddark
f  1161/1615/344  1164/1616/344  1165/1617/344  1166/1618/344

o entity1_brush136
usemtl tex/5sqtunnelroaddark
f  1167/1619/345  1168/1620/345  1169/1621/345  1170/1622/345
usemtl tex/5sqtunnelroaddark
f  1171/643/2  1169/644/2  1168/645/2  1172/646/2
usemtl tex/5sqtunnelroaddark
f  1172/1623/3  1168/1624/3  1167/1625/3
usemtl tex/5sqtunnelroaddark
f  1170/1625/4  1169/1624/4  1171/1623/4
usemtl tex/5sqtunnelroaddark
f  1172/1626/6  1167/1627/6  1170/1628/6  1171/1629/6

o entity1_brush137
usemtl tex/5sqtunnelroaddark
f  1173/1630/1  1174/1631/1  1175/1632/1  1176/1633/1
usemtl tex/5sqtunnelroaddark
f  1177/1000/2  1175/27/2  1174/30/2  1178/1001/2
usemtl tex/5sqtunnelroaddark
f  1178/1634/3  1174/1635/3  1173/1636/3
usemtl tex/5sqtunnelroaddark
f  1176/1636/4  1175/1635/4  1177/1634/4
usemtl tex/5sqtunnelroaddark
f  1178/1637/346  1173/1638/346  1176/1639/346  1177/1640/346

o entity1_brush138
usemtl tex/5sqtunnelroaddark
f  1179/1641/347  1180/1642/347  1181/1643/347  1182/1644/347
usemtl tex/5sqtunnelroaddark
f  1182/1645/3  1181/1646/3  1183/1647/3
usemtl tex/5sqtunnelroaddark
f  1184/1647/4  1180/1646/4  1179/1645/4
usemtl tex/5sqtunnelroaddark
f  1183/676/5  1181/677/5  1180/678/5  1184/679/5
usemtl tex/5sqtunnelroaddark
f  1179/1648/6  1182/1649/6  1183/1650/6  1184/1651/6

o entity1_brush139
usemtl tex/5sqtunnelroaddark
f  1185/1652/348  1186/1653/348  1187/1654/348  1188/1655/348
usemtl tex/5sqtunnelroaddark
f  1189/18/2  1187/913/2  1186/914/2  1190/19/2
usemtl tex/5sqtunnelroaddark
f  1190/1656/3  1186/1657/3  1185/1658/3
usemtl tex/5sqtunnelroaddark
f  1188/1658/4  1187/1657/4  1189/1656/4
usemtl tex/5sqtunnelroaddark
f  1190/117/6  1185/1659/6  1188/1660/6  1189/118/6

o entity1_brush140
usemtl tex/5sqtunnelroaddark
f  1191/1661/1  1192/1662/1  1193/1663/1  1194/1664/1
usemtl tex/5sqtunnelroaddark
f  1194/1665/3  1193/1666/3  1195/1667/3
usemtl tex/5sqtunnelroaddark
f  1196/1667/4  1192/1666/4  1191/1665/4
usemtl tex/5sqtunnelroaddark
f  1195/1016/5  1193/1017/5  1192/1018/5  1196/1019/5
usemtl tex/5sqtunnelroaddark
f  1191/1668/349  1194/1669/349  1195/1670/349  1196/1671/349

o entity1_brush141
usemtl tex/5sqtunnelroaddark
f  1197/1672/350  1198/1673/350  1199/1674/350  1200/1675/350
usemtl tex/5sqtunnelroaddark
f  1200/1676/3  1199/1677/3  1201/1678/3
usemtl tex/5sqtunnelroaddark
f  1202/1678/4  1198/1677/4  1197/1676/4
usemtl tex/5sqtunnelroaddark
f  1201/942/5  1199/943/5  1198/944/5  1202/945/5
usemtl tex/5sqtunnelroaddark
f  1197/1679/6  1200/1680/6  1201/128/6  1202/129/6

o entity1_brush142
usemtl tex/5sqtunnelroaddark
f  1203/1681/1  1204/1682/1  1205/1683/1  1206/1684/1
usemtl tex/5sqtunnelroaddark
f  1207/1028/2  1205/1029/2  1204/1030/2  1208/1031/2
usemtl tex/5sqtunnelroaddark
f  1208/1685/3  1204/1686/3  1203/1687/3
usemtl tex/5sqtunnelroaddark
f  1206/1687/4  1205/1686/4  1207/1685/4
usemtl tex/5sqtunnelroaddark
f  1208/1688/351  1203/1689/351  1206/1690/351  1207/1691/351

o entity1_brush143
usemtl tex/5sqtunnelroaddark
f  1209/1692/1  1210/1693/1  1211/1694/1  1212/1695/1
usemtl tex/5sqtunnelroaddark
f  1213/1696/352  1211/1697/352  1210/1698/352  1214/1699/352
usemtl tex/5sqtunnelroaddark
f  1215/1700/4  1212/1701/4  1211/1702/4  1213/1703/4
usemtl tex/5sqtunnelroaddark
f  1214/1704/353  1210/1705/353  1209/1706/353  1216/1707/353
usemtl tex/5sqtunnelroaddark
f  1216/1699/5  1209/1698/5  1212/1697/5  1215/1696/5
usemtl tex/5sqtunnelroaddark
f  1213/1694/6  1214/1693/6  1216/1692/6  1215/1695/6

o entity1_brush144
usemtl tex/5sqtunnelroaddark
f  1217/1708/1  1218/1709/1  1219/1693/1  1220/1710/1
usemtl tex/5sqtunnelroaddark
f  1221/1711/354  1218/1712/354  1217/1373/354  1222/1713/354
usemtl tex/5sqtunnelroaddark
f  1223/1714/355  1220/1715/355  1219/1716/355  1224/1717/355
usemtl tex/5sqtunnelroaddark
f  1224/1699/356  1219/1698/356  1218/1697/356  1221/1696/356
usemtl tex/5sqtunnelroaddark
f  1222/1718/357  1217/1719/357  1220/1720/357  1223/1721/357
usemtl tex/5sqtunnelroaddark
f  1223/1710/6  1224/1693/6  1221/1709/6  1222/1708/6

o entity1_brush145
usemtl tex/5sqtunnelroaddark
f  1225/1722/1  1226/1723/1  1227/1724/1  1228/1725/1
usemtl tex/5sqtunnelroaddark
f  1229/1721/358  1228/1720/358  1227/1719/358  1230/1718/358
usemtl tex/5sqtunnelroaddark
f  1231/1718/359  1226/1719/359  1225/1720/359  1232/1721/359
usemtl tex/5sqtunnelroaddark
f  1230/1726/2  1227/1354/2  1226/1727/2  1231/1728/2
usemtl tex/5sqtunnelroaddark
f  1232/1729/5  1225/1730/5  1228/1731/5  1229/1435/5
usemtl tex/5sqtunnelroaddark
f  1230/1724/6  1231/1723/6  1232/1722/6  1229/1725/6

o entity1_brush146
usemtl tex/5sqtunnelroaddark
f  1233/1732/1  1234/1733/1  1235/1734/1  1236/1735/1
usemtl tex/5sqtunnelroaddark
f  1237/1736/360  1236/1737/360  1235/1738/360  1238/1739/360
usemtl tex/5sqtunnelroaddark
f  1239/1740/361  1234/1741/361  1233/1742/361  1240/1743/361
usemtl tex/5sqtunnelroaddark
f  1238/1744/362  1235/1745/362  1234/1746/362  1239/1747/362
usemtl tex/5sqtunnelroaddark
f  1240/1721/363  1233/1720/363  1236/1719/363  1237/1718/363
usemtl tex/5sqtunnelroaddark
f  1237/1735/6  1238/1734/6  1239/1733/6  1240/1732/6

o entity1_brush147
usemtl tex/5sqtunnelroaddark
f  1241/1748/1  1242/1749/1  1243/1750/1  1244/1751/1
usemtl tex/5sqtunnelroaddark
f  1245/1747/364  1244/1746/364  1243/1745/364  1246/1744/364
usemtl tex/5sqtunnelroaddark
f  1246/1703/3  1243/1702/3  1242/1701/3  1247/1700/3
usemtl tex/5sqtunnelroaddark
f  1247/1744/5  1242/1745/5  1241/1746/5  1248/1747/5
usemtl tex/5sqtunnelroaddark
f  1248/1707/365  1241/1706/365  1244/1705/365  1245/1704/365
usemtl tex/5sqtunnelroaddark
f  1245/1751/6  1246/1750/6  1247/1749/6  1248/1748/6

o entity1_brush148
usemtl tex/5sqtunnelroaddark
f  1249/1752/366  1250/1753/366  1251/1754/366  1252/1755/366
usemtl tex/5sqtunnelroaddark
f  1253/1756/2  1251/1757/2  1250/1758/2  1254/1759/2
usemtl tex/5sqtunnelroaddark
f  1255/1760/200  1252/1761/200  1251/1762/200  1253/1763/200
usemtl tex/5sqtunnelroaddark
f  1254/1763/3  1250/1764/3  1249/1765/3  1256/1760/3
usemtl tex/5sqtunnelroaddark
f  1256/1759/5  1249/1758/5  1252/1757/5  1255/1756/5
usemtl tex/5sqtunnelroaddark
f  1253/1754/6  1254/1753/6  1256/1752/6  1255/1755/6

o entity1_brush149
usemtl tex/5sqtunnelroaddark
f  1257/1766/367  1258/1767/367  1259/1768/367  1260/1769/367
usemtl tex/5sqtunnelroaddark
f  1261/1770/368  1259/1771/368  1258/1772/368  1262/1773/368
usemtl tex/5sqtunnelroaddark
f  1263/1774/2  1262/1775/2  1258/1776/2  1257/1777/2
usemtl tex/5sqtunnelroaddark
f  1260/1777/5  1259/1776/5  1261/1775/5  1264/1774/5
usemtl tex/5sqtunnelroaddark
f  1264/1778/369  1261/1779/369  1262/1780/369  1263/1781/369
usemtl tex/5sqtunnelroaddark
f  1257/1753/370  1260/1752/370  1264/1755/370  1263/1754/370

o entity1_brush150
usemtl tex/5sqtunnelroaddark
f  1265/1782/1  1266/1783/1  1267/1784/1  1268/1785/1
usemtl tex/5sqtunnelroaddark
f  1269/1786/2  1268/1787/2  1267/1788/2  1270/1789/2
usemtl tex/5sqtunnelroaddark
f  1271/1789/5  1266/1788/5  1265/1787/5  1272/1786/5
usemtl tex/5sqtunnelroaddark
f  1270/1773/371  1267/1772/371  1266/1771/371  1271/1770/371
usemtl tex/5sqtunnelroaddark
f  1272/1770/372  1265/1771/372  1268/1772/372  1269/1773/372
usemtl tex/5sqtunnelroaddark
f  1272/1790/6  1269/1791/6  1270/1792/6  1271/1793/6

o entity1_brush151
usemtl tex/5sqtunnelroaddark
f  1273/1794/373  1274/1795/373  1275/1796/373  1276/1797/373
usemtl tex/5sqtunnelroaddark
f  1277/1798/2  1275/1799/2  1274/1800/2  1278/1801/2
usemtl tex/5sqtunnelroaddark
f  1278/1763/374  1274/1762/374  1273/1761/374  1279/1760/374
usemtl tex/5sqtunnelroaddark
f  1280/1760/4  1276/1765/4  1275/1764/4  1277/1763/4
usemtl tex/5sqtunnelroaddark
f  1279/1801/5  1273/1800/5  1276/1799/5  1280/1798/5
usemtl tex/5sqtunnelroaddark
f  1280/1797/6  1277/1796/6  1278/1795/6  1279/1794/6

o entity1_brush152
usemtl tex/5sqtunnelroaddark
f  1281/1797/375  1282/1802/375  1283/1803/375  1284/1796/375
usemtl tex/5sqtunnelroaddark
f  1285/1773/376  1283/1772/376  1282/1771/376  1286/1770/376
usemtl tex/5sqtunnelroaddark
f  1284/1804/2  1283/1805/2  1285/1806/2  1287/1800/2
usemtl tex/5sqtunnelroaddark
f  1288/1800/5  1286/1806/5  1282/1805/5  1281/1804/5
usemtl tex/5sqtunnelroaddark
f  1287/1807/377  1285/1808/377  1286/1809/377  1288/1810/377
usemtl tex/5sqtunnelroaddark
f  1287/1795/378  1288/1794/378  1281/1797/378  1284/1796/378

o entity1_brush153
usemtl tex/5sqtunnelroaddark
f  1289/1811/379  1290/1812/379  1291/1813/379  1292/1814/379
usemtl tex/5sqtunnelroaddark
f  1293/76/2  1291/1466/2  1290/1467/2  1294/77/2
usemtl tex/5sqtunnelroaddark
f  1294/1815/3  1290/1816/3  1289/1817/3
usemtl tex/5sqtunnelroaddark
f  1292/1817/4  1291/1816/4  1293/1815/4
usemtl tex/5sqtunnelroaddark
f  1294/1818/6  1289/1819/6  1292/1820/6  1293/1821/6

o entity1_brush154
usemtl tex/5sqtunnelroaddark
f  1295/1661/1  1296/1662/1  1297/1663/1  1298/1664/1
usemtl tex/5sqtunnelroaddark
f  1298/1822/3  1297/1823/3  1299/1824/3
usemtl tex/5sqtunnelroaddark
f  1300/1824/4  1296/1823/4  1295/1822/4
usemtl tex/5sqtunnelroaddark
f  1299/1825/5  1297/1826/5  1296/1827/5  1300/1828/5
usemtl tex/5sqtunnelroaddark
f  1295/1829/380  1298/1830/380  1299/1831/380  1300/1832/380

o entity1_brush155
usemtl tex/5sqtunnelroaddark
f  1301/1833/381  1302/3/381  1303/2/381  1304/1834/381
usemtl tex/5sqtunnelroaddark
f  1304/1835/3  1303/1836/3  1305/1837/3
usemtl tex/5sqtunnelroaddark
f  1306/1837/4  1302/1836/4  1301/1835/4
usemtl tex/5sqtunnelroaddark
f  1305/1838/5  1303/1839/5  1302/1840/5  1306/1841/5
usemtl tex/5sqtunnelroaddark
f  1301/1842/6  1304/1843/6  1305/14/6  1306/15/6

o entity1_brush156
usemtl tex/5sqtunnelroaddark
f  1307/948/1  1308/949/1  1309/950/1  1310/951/1
usemtl tex/5sqtunnelroaddark
f  1311/1844/2  1309/1845/2  1308/1846/2  1312/1847/2
usemtl tex/5sqtunnelroaddark
f  1312/1848/3  1308/1849/3  1307/1850/3
usemtl tex/5sqtunnelroaddark
f  1310/1850/4  1309/1849/4  1311/1848/4
usemtl tex/5sqtunnelroaddark
f  1312/1851/382  1307/1852/382  1310/1853/382  1311/1854/382

o entity1_brush157
usemtl tex/5sqtunnelroaddark
f  1313/918/383  1314/1/383  1315/4/383  1316/919/383
usemtl tex/5sqtunnelroaddark
f  1317/94/2  1315/1855/2  1314/1856/2  1318/95/2
usemtl tex/5sqtunnelroaddark
f  1318/98/3  1314/1857/3  1313/1858/3
usemtl tex/5sqtunnelroaddark
f  1316/1858/4  1315/1857/4  1317/98/4
usemtl tex/5sqtunnelroaddark
f  1318/1/6  1313/918/6  1316/919/6  1317/4/6

o entity1_brush158
usemtl tex/5sqtunnelroaddark
f  1319/1859/1  1320/1860/1  1321/1861/1  1322/1862/1
usemtl tex/5sqtunnelroaddark
f  1322/1863/3  1321/851/3  1323/1864/3
usemtl tex/5sqtunnelroaddark
f  1324/1864/4  1320/851/4  1319/1863/4
usemtl tex/5sqtunnelroaddark
f  1323/1865/5  1321/1866/5  1320/1867/5  1324/1868/5
usemtl tex/5sqtunnelroaddark
f  1319/1859/384  1322/1862/384  1323/1861/384  1324/1860/384

o entity1_brush159
usemtl tex/5sqtunnelroaddark
f  1325/1869/385  1326/1870/385  1327/1871/385  1328/1872/385
usemtl tex/5sqtunnelroaddark
f  1328/1873/3  1327/1874/3  1329/1875/3
usemtl tex/5sqtunnelroaddark
f  1330/1875/4  1326/1874/4  1325/1873/4
usemtl tex/5sqtunnelroaddark
f  1329/1876/5  1327/1877/5  1326/1878/5  1330/1879/5
usemtl tex/5sqtunnelroaddark
f  1325/1044/6  1328/1045/6  1329/1046/6  1330/1047/6

o entity1_brush160
usemtl tex/5sqtunnelroaddark
f  1331/1024/1  1332/1025/1  1333/1026/1  1334/1027/1
usemtl tex/5sqtunnelroaddark
f  1335/1880/2  1333/1881/2  1332/1882/2  1336/1883/2
usemtl tex/5sqtunnelroaddark
f  1336/1884/3  1332/1885/3  1331/1886/3
usemtl tex/5sqtunnelroaddark
f  1334/1886/4  1333/1885/4  1335/1884/4
usemtl tex/5sqtunnelroaddark
f  1336/1887/386  1331/1888/386  1334/1889/386  1335/1890/386

o entity1_brush161
usemtl tex/5sqtunnelroaddark
f  1337/1891/1  1338/1892/1  1339/1893/1  1340/1894/1
usemtl tex/5sqtunnelroaddark
f  1341/1895/387  1340/1896/387  1339/1897/387  1342/1898/387
usemtl tex/5sqtunnelroaddark
f  1342/1899/2  1339/1900/2  1338/1901/2  1343/1902/2
usemtl tex/5sqtunnelroaddark
f  1343/1903/3  1338/1897/3  1337/1896/3  1344/1904/3
usemtl tex/5sqtunnelroaddark
f  1344/1902/5  1337/1901/5  1340/1900/5  1341/1899/5
usemtl tex/5sqtunnelroaddark
f  1343/1892/388  1344/1891/388  1341/1894/388  1342/1893/388

o entity1_brush162
usemtl tex/5sqtunnelroaddark
f  1345/1892/389  1346/1893/389  1347/1894/389  1348/1891/389
usemtl tex/5sqtunnelroaddark
f  1349/1905/390  1347/1906/390  1346/1907/390  1350/1908/390
usemtl tex/5sqtunnelroaddark
f  1351/1909/2  1350/1910/2  1346/1911/2  1345/1912/2
usemtl tex/5sqtunnelroaddark
f  1348/1912/5  1347/1911/5  1349/1910/5  1352/1909/5
usemtl tex/5sqtunnelroaddark
f  1352/1913/391  1349/1914/391  1350/1915/391  1351/1916/391
usemtl tex/5sqtunnelroaddark
f  1345/1917/392  1348/1918/392  1352/1919/392  1351/1920/392

o entity1_brush163
usemtl tex/5sqtunnelroaddark
f  1353/1921/1  1354/1922/1  1355/1923/1  1356/1924/1
usemtl tex/5sqtunnelroaddark
f  1357/1913/393  1356/1914/393  1355/1915/393  1358/1916/393
usemtl tex/5sqtunnelroaddark
f  1359/1916/394  1354/1915/394  1353/1914/394  1360/1913/394
usemtl tex/5sqtunnelroaddark
f  1358/1925/2  1355/1926/2  1354/1927/2  1359/1928/2
usemtl tex/5sqtunnelroaddark
f  1360/1928/5  1353/1927/5  1356/1926/5  1357/1925/5
usemtl tex/5sqtunnelroaddark
f  1357/1929/6  1358/1930/6  1359/1931/6  1360/1932/6

o entity1_brush164
usemtl tex/5sqtunnelroaddark
f  1361/1933/1  1362/1934/1  1363/1935/1  1364/1936/1
usemtl tex/5sqtunnelroaddark
f  1365/1937/2  1362/1938/2  1361/1939/2  1366/1940/2
usemtl tex/5sqtunnelroaddark
f  1367/1904/4  1363/1896/4  1362/1897/4  1365/1903/4
usemtl tex/5sqtunnelroaddark
f  1368/1940/5  1364/1939/5  1363/1938/5  1367/1937/5
usemtl tex/5sqtunnelroaddark
f  1366/1898/395  1361/1897/395  1364/1896/395  1368/1895/395
usemtl tex/5sqtunnelroaddark
f  1368/1936/396  1367/1935/396  1365/1934/396  1366/1933/396

o entity1_brush165
usemtl tex/5sqtunnelroaddark
f  1369/1935/397  1370/1936/397  1371/1933/397  1372/1934/397
usemtl tex/5sqtunnelroaddark
f  1373/1941/398  1371/1942/398  1370/1943/398  1374/1944/398
usemtl tex/5sqtunnelroaddark
f  1372/1937/2  1371/1945/2  1373/1946/2  1375/1925/2
usemtl tex/5sqtunnelroaddark
f  1376/1925/5  1374/1946/5  1370/1945/5  1369/1937/5
usemtl tex/5sqtunnelroaddark
f  1375/1916/399  1373/1915/399  1374/1914/399  1376/1913/399
usemtl tex/5sqtunnelroaddark
f  1376/1947/400  1369/1935/400  1372/1934/400  1375/1948/400

o entity1_brush166
usemtl tex/5sqtunnelroaddark
f  1377/1949/1  1378/1950/1  1379/1951/1  1380/1952/1
usemtl tex/5sqtunnelroaddark
f  1381/1953/2  1379/1954/2  1378/1955/2  1382/1956/2
usemtl tex/5sqtunnelroaddark
f  1382/1957/3  1378/1958/3  1377/1959/3
usemtl tex/5sqtunnelroaddark
f  1380/1959/4  1379/1958/4  1381/1957/4
usemtl tex/5sqtunnelroaddark
f  1382/1960/401  1377/1961/401  1380/1962/401  1381/1963/401

o entity1_brush167
usemtl tex/5sqtunnelroaddark
f  1383/1964/1  1384/1965/1  1385/1966/1  1386/1967/1
usemtl tex/5sqtunnelroaddark
f  1387/1968/2  1385/1969/2  1384/1970/2  1388/1971/2
usemtl tex/5sqtunnelroaddark
f  1388/1972/3  1384/1973/3  1383/1974/3  1389/1975/3
usemtl tex/5sqtunnelroaddark
f  1390/1975/4  1386/1974/4  1385/1973/4  1387/1972/4
usemtl tex/5sqtunnelroaddark
f  1389/1971/5  1383/1970/5  1386/1969/5  1390/1968/5
usemtl tex/5sqtunnelroaddark
f  1390/1967/6  1387/1966/6  1388/1965/6  1389/1964/6

o entity1_brush168
usemtl tex/5sqtunnelroaddark
f  1391/1976/1  1392/1977/1  1393/1978/1  1394/1979/1
usemtl tex/5sqtunnelroaddark
f  1395/1980/2  1393/1981/2  1392/1982/2  1396/1983/2
usemtl tex/5sqtunnelroaddark
f  1396/1984/3  1392/1985/3  1391/1986/3  1397/1915/3
usemtl tex/5sqtunnelroaddark
f  1398/1915/4  1394/1986/4  1393/1985/4  1395/1984/4
usemtl tex/5sqtunnelroaddark
f  1397/1983/5  1391/1982/5  1394/1981/5  1398/1980/5
usemtl tex/5sqtunnelroaddark
f  1398/1979/6  1395/1978/6  1396/1977/6  1397/1976/6

o entity1_brush169
usemtl tex/5sqtunnelroaddark
f  1399/1976/1  1400/1977/1  1401/1978/1  1402/1979/1
usemtl tex/5sqtunnelroaddark
f  1403/1987/2  1401/1988/2  1400/1989/2  1404/1990/2
usemtl tex/5sqtunnelroaddark
f  1404/1991/3  1400/1992/3  1399/90/3  1405/1993/3
usemtl tex/5sqtunnelroaddark
f  1406/1993/4  1402/90/4  1401/1992/4  1403/1991/4
usemtl tex/5sqtunnelroaddark
f  1405/1990/5  1399/1989/5  1402/1988/5  1406/1987/5
usemtl tex/5sqtunnelroaddark
f  1406/1979/6  1403/1978/6  1404/1977/6  1405/1976/6

o entity1_brush170
usemtl tex/5sqtunnelroaddark
f  1407/1994/1  1408/1995/1  1409/1996/1  1410/1997/1
usemtl tex/5sqtunnelroaddark
f  1411/1998/402  1410/1999/402  1409/2000/402  1412/2001/402
usemtl tex/5sqtunnelroaddark
f  1412/2002/2  1409/2003/2  1408/2004/2  1413/2005/2
usemtl tex/5sqtunnelroaddark
f  1413/2001/3  1408/2000/3  1407/1999/3  1414/1998/3
usemtl tex/5sqtunnelroaddark
f  1414/2005/5  1407/2004/5  1410/2003/5  1411/2002/5
usemtl tex/5sqtunnelroaddark
f  1413/2006/6  1414/2007/6  1411/2008/6  1412/2009/6

o entity1_brush171
usemtl tex/5sqtunnelroaddark
f  1415/2010/403  1416/2011/403  1417/2012/403  1418/2013/403
usemtl tex/5sqtunnelroaddark
f  1419/2014/404  1417/2015/404  1416/2016/404  1420/2017/404
usemtl tex/5sqtunnelroaddark
f  1420/2018/2  1416/2019/2  1415/2020/2  1421/2021/2
usemtl tex/5sqtunnelroaddark
f  1422/2021/5  1418/2020/5  1417/2019/5  1419/2018/5
usemtl tex/5sqtunnelroaddark
f  1421/2001/405  1415/2000/405  1418/1999/405  1422/1998/405
usemtl tex/5sqtunnelroaddark
f  1422/2022/406  1419/2023/406  1420/2024/406  1421/2025/406

o entity1_brush172
usemtl tex/5sqtunnelroaddark
f  1423/2015/407  1424/2016/407  1425/2017/407  1426/2014/407
usemtl tex/5sqtunnelroaddark
f  1427/2026/2  1425/2027/2  1424/2028/2  1428/2029/2
usemtl tex/5sqtunnelroaddark
f  1428/2030/3  1424/2031/3  1423/2032/3  1429/2033/3
usemtl tex/5sqtunnelroaddark
f  1430/2034/4  1426/2035/4  1425/2036/4  1427/2037/4
usemtl tex/5sqtunnelroaddark
f  1429/2029/5  1423/2028/5  1426/2027/5  1430/2026/5
usemtl tex/5sqtunnelroaddark
f  1430/2014/408  1427/2017/408  1428/2016/408  1429/2015/408

o entity1_brush173
usemtl tex/5sqtunnelroaddark
f  1431/2023/409  1432/2022/409  1433/2025/409  1434/2024/409
usemtl tex/5sqtunnelroaddark
f  1435/2038/410  1433/2039/410  1432/2040/410  1436/2041/410
usemtl tex/5sqtunnelroaddark
f  1437/2042/2  1434/2043/2  1433/2044/2  1435/2045/2
usemtl tex/5sqtunnelroaddark
f  1436/2045/5  1432/2044/5  1431/2043/5  1438/2042/5
usemtl tex/5sqtunnelroaddark
f  1438/2015/411  1431/2014/411  1434/2017/411  1437/2016/411
usemtl tex/5sqtunnelroaddark
f  1437/2011/412  1435/2010/412  1436/2013/412  1438/2012/412

o entity1_brush174
usemtl tex/5sqtunnelroaddark
f  1439/2008/1  1440/2007/1  1441/2006/1  1442/2009/1
usemtl tex/5sqtunnelroaddark
f  1443/2046/2  1442/2047/2  1441/2048/2  1444/2049/2
usemtl tex/5sqtunnelroaddark
f  1444/2038/3  1441/2039/3  1440/2040/3  1445/2041/3
usemtl tex/5sqtunnelroaddark
f  1445/2049/5  1440/2048/5  1439/2047/5  1446/2046/5
usemtl tex/5sqtunnelroaddark
f  1446/2041/413  1439/2040/413  1442/2039/413  1443/2038/413
usemtl tex/5sqtunnelroaddark
f  1445/1994/6  1446/1997/6  1443/1996/6  1444/1995/6

o entity1_brush175
usemtl tex/5sqtunnelroaddark
f  1447/2050/1  1448/2051/1  1449/2052/1  1450/2053/1
usemtl tex/5sqtunnelroaddark
f  1451/2054/2  1449/2055/2  1448/2056/2  1452/2057/2
usemtl tex/5sqtunnelroaddark
f  1452/2058/3  1448/2059/3  1447/2060/3  1453/2061/3
usemtl tex/5sqtunnelroaddark
f  1454/2061/4  1450/2060/4  1449/2059/4  1451/2058/4
usemtl tex/5sqtunnelroaddark
f  1453/2057/5  1447/2056/5  1450/2055/5  1454/2054/5
usemtl tex/5sqtunnelroaddark
f  1454/2053/6  1451/2052/6  1452/2051/6  1453/2050/6

o entity1_brush176
usemtl tex/5sqtunnelroaddark
f  1455/2050/1  1456/2051/1  1457/2052/1  1458/2053/1
usemtl tex/5sqtunnelroaddark
f  1459/2062/2  1457/2063/2  1456/2064/2  1460/2065/2
usemtl tex/5sqtunnelroaddark
f  1460/2066/3  1456/2067/3  1455/2068/3  1461/2069/3
usemtl tex/5sqtunnelroaddark
f  1462/2069/4  1458/2068/4  1457/2067/4  1459/2066/4
usemtl tex/5sqtunnelroaddark
f  1461/2065/5  1455/2064/5  1458/2063/5  1462/2062/5
usemtl tex/5sqtunnelroaddark
f  1462/2053/6  1459/2052/6  1460/2051/6  1461/2050/6

o entity1_brush177
usemtl tex/5sqtunnelroaddark
f  1463/2070/1  1464/2071/1  1465/2052/1  1466/2053/1
usemtl tex/5sqtunnelroaddark
f  1467/2062/2  1465/2072/2  1464/2073/2  1468/2074/2
usemtl tex/5sqtunnelroaddark
f  1468/2066/3  1464/1993/3  1463/2075/3  1469/2069/3
usemtl tex/5sqtunnelroaddark
f  1470/2069/4  1466/2075/4  1465/1993/4  1467/2066/4
usemtl tex/5sqtunnelroaddark
f  1469/2074/5  1463/2073/5  1466/2072/5  1470/2062/5
usemtl tex/5sqtunnelroaddark
f  1470/2053/6  1467/2052/6  1468/2071/6  1469/2070/6

o entity1_brush178
usemtl tex/5sqtunnelroaddark
f  1471/2070/1  1472/2071/1  1473/2052/1  1474/2053/1
usemtl tex/5sqtunnelroaddark
f  1475/2076/2  1473/2055/2  1472/2077/2  1476/2078/2
usemtl tex/5sqtunnelroaddark
f  1476/1986/3  1472/2059/3  1471/2060/3  1477/2079/3
usemtl tex/5sqtunnelroaddark
f  1478/2079/4  1474/2060/4  1473/2059/4  1475/1986/4
usemtl tex/5sqtunnelroaddark
f  1477/2078/5  1471/2077/5  1474/2055/5  1478/2076/5
usemtl tex/5sqtunnelroaddark
f  1478/2053/6  1475/2052/6  1476/2071/6  1477/2070/6

o entity1_brush179
usemtl tex/5sqtunnelroaddark
f  1479/2080/1  1480/2081/1  1481/2082/1  1482/2083/1
usemtl tex/5sqtunnelroaddark
f  1483/2084/2  1481/2085/2  1480/2086/2  1484/2087/2
usemtl tex/5sqtunnelroaddark
f  1484/2088/3  1480/2089/3  1479/2090/3  1485/2091/3
usemtl tex/5sqtunnelroaddark
f  1486/2091/4  1482/2090/4  1481/2089/4  1483/2088/4
usemtl tex/5sqtunnelroaddark
f  1485/2087/5  1479/2086/5  1482/2085/5  1486/2084/5
usemtl tex/5sqtunnelroaddark
f  1486/2083/6  1483/2082/6  1484/2081/6  1485/2080/6

o entity1_brush180
usemtl tex/5sqtunnelroaddark
f  1487/2092/1  1488/2093/1  1489/2094/1  1490/2095/1
usemtl tex/5sqtunnelroaddark
f  1491/2084/2  1489/1968/2  1488/1971/2  1492/2087/2
usemtl tex/5sqtunnelroaddark
f  1492/2096/3  1488/2097/3  1487/2098/3  1493/2099/3
usemtl tex/5sqtunnelroaddark
f  1494/2099/4  1490/2098/4  1489/2097/4  1491/2096/4
usemtl tex/5sqtunnelroaddark
f  1493/2087/5  1487/1971/5  1490/1968/5  1494/2084/5
usemtl tex/5sqtunnelroaddark
f  1494/2095/6  1491/2094/6  1492/2093/6  1493/2092/6

o entity1_brush181
usemtl tex/5sqtunnelroaddark
f  1495/2100/1  1496/2101/1  1497/2102/1  1498/2103/1
usemtl tex/5sqtunnelroaddark
f  1499/2104/414  1498/2105/414  1497/2106/414  1500/2107/414
usemtl tex/5sqtunnelroaddark
f  1500/2108/3  1497/2109/3  1496/2110/3  1501/2111/3
usemtl tex/5sqtunnelroaddark
f  1501/2107/5  1496/2106/5  1495/2112/5  1502/2113/5
usemtl tex/5sqtunnelroaddark
f  1502/2111/415  1495/2110/415  1498/2109/415  1499/2108/415
usemtl tex/5sqtunnelroaddark
f  1501/2101/6  1502/2100/6  1499/2103/6  1500/2102/6

o entity1_brush182
usemtl tex/5sqtunnelroaddark
f  1503/2100/1  1504/2103/1  1505/2114/1  1506/2115/1
usemtl tex/5sqtunnelroaddark
f  1507/2116/416  1506/2117/416  1505/2118/416  1508/2119/416
usemtl tex/5sqtunnelroaddark
f  1509/2108/417  1504/2109/417  1503/2110/417  1510/2111/417
usemtl tex/5sqtunnelroaddark
f  1508/2120/418  1505/2121/418  1504/2122/418  1509/2123/418
usemtl tex/5sqtunnelroaddark
f  1510/2111/419  1503/2110/419  1506/2124/419  1507/2125/419
usemtl tex/5sqtunnelroaddark
f  1507/2115/6  1508/2114/6  1509/2103/6  1510/2100/6

o entity1_brush183
usemtl tex/5sqtunnelroaddark
f  1511/2114/1  1512/2126/1  1513/2127/1  1514/2115/1
usemtl tex/5sqtunnelroaddark
f  1515/2116/420  1513/2117/420  1512/2118/420  1516/2119/420
usemtl tex/5sqtunnelroaddark
f  1516/2128/3  1512/2129/3  1511/2130/3  1517/2131/3
usemtl tex/5sqtunnelroaddark
f  1518/2125/4  1514/2124/4  1513/2132/4  1515/2133/4
usemtl tex/5sqtunnelroaddark
f  1517/2119/421  1511/2118/421  1514/2117/421  1518/2116/421
usemtl tex/5sqtunnelroaddark
f  1518/2115/6  1515/2127/6  1516/2126/6  1517/2114/6

o entity1_brush184
usemtl tex/5sqtunnelroaddark
f  1519/2127/1  1520/2126/1  1521/2134/1  1522/2135/1
usemtl tex/5sqtunnelroaddark
f  1523/2119/422  1520/2118/422  1519/2117/422  1524/2116/422
usemtl tex/5sqtunnelroaddark
f  1525/2136/423  1522/2137/423  1521/2138/423  1526/2139/423
usemtl tex/5sqtunnelroaddark
f  1526/2139/424  1521/2138/424  1520/2129/424  1523/2128/424
usemtl tex/5sqtunnelroaddark
f  1524/2140/425  1519/2141/425  1522/2142/425  1525/2143/425
usemtl tex/5sqtunnelroaddark
f  1526/2134/6  1523/2126/6  1524/2127/6  1525/2135/6

o entity1_brush185
usemtl tex/5sqtunnelroaddark
f  1527/2134/1  1528/2144/1  1529/2145/1  1530/2135/1
usemtl tex/5sqtunnelroaddark
f  1531/2113/2  1530/2112/2  1529/2106/2  1532/2107/2
usemtl tex/5sqtunnelroaddark
f  1532/2136/3  1529/2137/3  1528/2138/3  1533/2139/3
usemtl tex/5sqtunnelroaddark
f  1533/2107/5  1528/2106/5  1527/2105/5  1534/2104/5
usemtl tex/5sqtunnelroaddark
f  1534/2139/426  1527/2138/426  1530/2137/426  1531/2136/426
usemtl tex/5sqtunnelroaddark
f  1533/2144/6  1534/2134/6  1531/2135/6  1532/2145/6

o entity1_brush186
usemtl tex/5sqtunnelroaddark
f  1535/2146/1  1536/2147/1  1537/2148/1  1538/2149/1
usemtl tex/5sqtunnelroaddark
f  1539/2150/427  1536/2151/427  1535/2152/427  1540/2153/427
usemtl tex/5sqtunnelroaddark
f  1541/2154/428  1538/2155/428  1537/2156/428  1542/2157/428
usemtl tex/5sqtunnelroaddark
f  1542/2158/429  1537/2159/429  1536/2160/429  1539/2161/429
usemtl tex/5sqtunnelroaddark
f  1540/2162/430  1535/2163/430  1538/2155/430  1541/2154/430
usemtl tex/5sqtunnelroaddark
f  1542/2148/6  1539/2147/6  1540/2146/6  1541/2149/6

o entity1_brush187
usemtl tex/5sqtunnelroaddark
f  1543/2164/1  1544/2165/1  1545/2166/1  1546/2167/1
usemtl tex/5sqtunnelroaddark
f  1547/2153/431  1545/2152/431  1544/2151/431  1548/2150/431
usemtl tex/5sqtunnelroaddark
f  1548/2168/3  1544/2169/3  1543/2170/3  1549/2171/3
usemtl tex/5sqtunnelroaddark
f  1550/2172/4  1546/2173/4  1545/2163/4  1547/2162/4
usemtl tex/5sqtunnelroaddark
f  1549/2150/432  1543/2151/432  1546/2152/432  1550/2153/432
usemtl tex/5sqtunnelroaddark
f  1550/2167/6  1547/2166/6  1548/2165/6  1549/2164/6

o entity1_brush188
usemtl tex/5sqtunnelroaddark
f  1551/2174/1  1552/2175/1  1553/2164/1  1554/2167/1
usemtl tex/5sqtunnelroaddark
f  1555/2153/433  1554/2152/433  1553/2151/433  1556/2150/433
usemtl tex/5sqtunnelroaddark
f  1557/2176/434  1552/2177/434  1551/2178/434  1558/2179/434
usemtl tex/5sqtunnelroaddark
f  1556/2171/435  1553/2170/435  1552/2177/435  1557/2176/435
usemtl tex/5sqtunnelroaddark
f  1558/2180/436  1551/2181/436  1554/2182/436  1555/2183/436
usemtl tex/5sqtunnelroaddark
f  1555/2167/6  1556/2164/6  1557/2175/6  1558/2174/6

o entity1_brush189
usemtl tex/5sqtunnelroaddark
f  1559/2174/1  1560/2184/1  1561/920/1  1562/2175/1
usemtl tex/5sqtunnelroaddark
f  1563/2185/2  1562/2186/2  1561/2187/2  1564/2188/2
usemtl tex/5sqtunnelroaddark
f  1564/2176/3  1561/2177/3  1560/2178/3  1565/2179/3
usemtl tex/5sqtunnelroaddark
f  1565/2188/5  1560/2187/5  1559/2189/5  1566/2190/5
usemtl tex/5sqtunnelroaddark
f  1566/2179/437  1559/2178/437  1562/2177/437  1563/2176/437
usemtl tex/5sqtunnelroaddark
f  1565/2184/6  1566/2174/6  1563/2175/6  1564/920/6

o entity1_brush190
usemtl tex/5sqtunnelroaddark
f  1567/2191/1  1568/2192/1  1569/2193/1  1570/2194/1
usemtl tex/5sqtunnelroaddark
f  1571/2190/2  1570/2189/2  1569/2187/2  1572/2188/2
usemtl tex/5sqtunnelroaddark
f  1572/2154/3  1569/2155/3  1568/2156/3  1573/2157/3
usemtl tex/5sqtunnelroaddark
f  1573/2188/5  1568/2187/5  1567/2186/5  1574/2185/5
usemtl tex/5sqtunnelroaddark
f  1574/2157/438  1567/2156/438  1570/2155/438  1571/2154/438
usemtl tex/5sqtunnelroaddark
f  1573/2192/6  1574/2191/6  1571/2194/6  1572/2193/6

o entity1_brush191
usemtl tex/5sqtunnelroaddark
f  1575/2195/439  1576/2196/439  1577/2197/439  1578/2198/439
usemtl tex/5sqtunnelroaddark
f  1579/2199/440  1577/2200/440  1576/2201/440  1580/2202/440
usemtl tex/5sqtunnelroaddark
f  1578/2203/2  1577/2204/2  1579/2205/2  1581/2206/2
usemtl tex/5sqtunnelroaddark
f  1582/2206/5  1580/2205/5  1576/2204/5  1575/2203/5
usemtl tex/5sqtunnelroaddark
f  1581/2207/441  1579/2199/441  1580/2202/441  1582/2208/441
usemtl tex/5sqtunnelroaddark
f  1582/2209/442  1575/2210/442  1578/2211/442  1581/2212/442

o entity1_brush192
usemtl tex/5sqtunnelroaddark
f  1583/2213/1  1584/2214/1  1585/2215/1  1586/2216/1
usemtl tex/5sqtunnelroaddark
f  1587/2208/443  1586/2202/443  1585/2199/443  1588/2207/443
usemtl tex/5sqtunnelroaddark
f  1588/2206/2  1585/2205/2  1584/2217/2  1589/2218/2
usemtl tex/5sqtunnelroaddark
f  1589/2207/3  1584/2199/3  1583/2202/3  1590/2208/3
usemtl tex/5sqtunnelroaddark
f  1590/2218/5  1583/2217/5  1586/2205/5  1587/2206/5
usemtl tex/5sqtunnelroaddark
f  1589/2214/6  1590/2213/6  1587/2219/6  1588/2220/6

o entity1_brush193
usemtl tex/5sqtunnelroaddark
f  1591/2219/1  1592/2213/1  1593/2214/1  1594/2220/1
usemtl tex/5sqtunnelroaddark
f  1595/2221/2  1594/2222/2  1593/2223/2  1596/2224/2
usemtl tex/5sqtunnelroaddark
f  1596/2225/3  1593/2226/3  1592/2227/3  1597/2228/3
usemtl tex/5sqtunnelroaddark
f  1597/2224/5  1592/2223/5  1591/2222/5  1598/2221/5
usemtl tex/5sqtunnelroaddark
f  1598/2228/444  1591/2227/444  1594/2226/444  1595/2225/444
usemtl tex/5sqtunnelroaddark
f  1597/2213/6  1598/2216/6  1595/2215/6  1596/2214/6

o entity1_brush194
usemtl tex/5sqtunnelroaddark
f  1599/2229/445  1600/2230/445  1601/2231/445  1602/2232/445
usemtl tex/5sqtunnelroaddark
f  1603/2225/446  1601/2226/446  1600/2227/446  1604/2228/446
usemtl tex/5sqtunnelroaddark
f  1602/2233/2  1601/2222/2  1603/2221/2  1605/2234/2
usemtl tex/5sqtunnelroaddark
f  1606/2234/5  1604/2221/5  1600/2222/5  1599/2233/5
usemtl tex/5sqtunnelroaddark
f  1605/2235/447  1603/2225/447  1604/2228/447  1606/2236/447
usemtl tex/5sqtunnelroaddark
f  1606/2196/448  1599/2195/448  1602/2198/448  1605/2197/448

o entity1_brush195
usemtl tex/5sqtunnelroaddark
f  1607/2196/449  1608/2197/449  1609/2198/449  1610/2195/449
usemtl tex/5sqtunnelroaddark
f  1611/2203/2  1609/2233/2  1608/2234/2  1612/2204/2
usemtl tex/5sqtunnelroaddark
f  1612/2200/3  1608/2235/3  1607/2236/3  1613/2201/3
usemtl tex/5sqtunnelroaddark
f  1614/2237/4  1610/2238/4  1609/2239/4  1611/2240/4
usemtl tex/5sqtunnelroaddark
f  1613/2204/5  1607/2234/5  1610/2233/5  1614/2203/5
usemtl tex/5sqtunnelroaddark
f  1614/2195/450  1611/2198/450  1612/2197/450  1613/2196/450

o entity1_brush196
usemtl tex/5sqtunnelroaddark
f  1615/2241/1  1616/2242/1  1617/2243/1  1618/2244/1
usemtl tex/5sqtunnelroaddark
f  1619/2245/451  1616/2246/451  1615/2247/451  1620/2248/451
usemtl tex/5sqtunnelroaddark
f  1618/2249/452  1617/2250/452  1621/2251/452  1622/2252/452
usemtl tex/5sqtunnelroaddark
f  1623/2253/2  1622/2254/2  1621/2255/2  1624/2256/2
usemtl tex/5sqtunnelroaddark
f  1625/2257/3  1624/2258/3  1621/2259/3  1617/2260/3  1616/2261/3  1619/2262/3  1626/2263/3  1627/2264/3
usemtl tex/5sqtunnelroaddark
f  1628/2264/4  1629/2263/4  1620/2262/4  1615/2261/4  1618/2260/4  1622/2259/4  1623/2258/4  1630/2257/4
usemtl tex/5sqtunnelroaddark
f  1626/2256/5  1619/2255/5  1620/2254/5  1629/2253/5
usemtl tex/5sqtunnelroaddark
f  1630/2265/453  1623/2266/453  1624/2267/453  1625/2268/453
usemtl tex/5sqtunnelroaddark
f  1627/2269/454  1626/2270/454  1629/2271/454  1628/2272/454
usemtl tex/5sqtunnelroaddark
f  1630/2244/6  1625/2243/6  1627/2242/6  1628/2241/6

o entity1_brush197
usemtl tex/5sqtunnelroaddark
f  1631/2191/1  1632/2192/1  1633/2193/1  1634/2194/1
usemtl tex/5sqtunnelroaddark
f  1635/2273/2  1634/2274/2  1633/2275/2  1636/2276/2
usemtl tex/5sqtunnelroaddark
f  1636/2277/3  1633/2278/3  1632/2279/3  1637/2280/3
usemtl tex/5sqtunnelroaddark
f  1637/2276/5  1632/2275/5  1631/2281/5  1638/2282/5
usemtl tex/5sqtunnelroaddark
f  1638/2280/455  1631/2279/455  1634/2278/455  1635/2277/455
usemtl tex/5sqtunnelroaddark
f  1637/2192/6  1638/2191/6  1635/2194/6  1636/2193/6

o entity1_brush198
usemtl tex/5sqtunnelroaddark
f  1639/2146/1  1640/2147/1  1641/2148/1  1642/2149/1
usemtl tex/5sqtunnelroaddark
f  1643/2283/456  1640/2284/456  1639/2285/456  1644/2286/456
usemtl tex/5sqtunnelroaddark
f  1645/2277/457  1642/2278/457  1641/2279/457  1646/2280/457
usemtl tex/5sqtunnelroaddark
f  1646/2287/458  1641/2288/458  1640/2289/458  1643/2290/458
usemtl tex/5sqtunnelroaddark
f  1644/2291/459  1639/2292/459  1642/2278/459  1645/2277/459
usemtl tex/5sqtunnelroaddark
f  1646/2148/6  1643/2147/6  1644/2146/6  1645/2149/6

o entity1_brush199
usemtl tex/5sqtunnelroaddark
f  1647/2174/1  1648/2175/1  1649/2164/1  1650/2167/1
usemtl tex/5sqtunnelroaddark
f  1651/2286/460  1650/2285/460  1649/2284/460  1652/2283/460
usemtl tex/5sqtunnelroaddark
f  1653/2293/461  1648/2294/461  1647/2295/461  1654/2296/461
usemtl tex/5sqtunnelroaddark
f  1652/2297/462  1649/2298/462  1648/2294/462  1653/2293/462
usemtl tex/5sqtunnelroaddark
f  1654/2299/463  1647/2300/463  1650/2301/463  1651/2302/463
usemtl tex/5sqtunnelroaddark
f  1651/2167/6  1652/2164/6  1653/2175/6  1654/2174/6

o entity1_brush200
usemtl tex/5sqtunnelroaddark
f  1655/2174/1  1656/2184/1  1657/920/1  1658/2175/1
usemtl tex/5sqtunnelroaddark
f  1659/2303/2  1658/2281/2  1657/2275/2  1660/2304/2
usemtl tex/5sqtunnelroaddark
f  1660/2305/3  1657/2294/3  1656/2295/3  1661/2306/3
usemtl tex/5sqtunnelroaddark
f  1661/2304/5  1656/2275/5  1655/2274/5  1662/2307/5
usemtl tex/5sqtunnelroaddark
f  1662/2306/464  1655/2295/464  1658/2294/464  1659/2305/464
usemtl tex/5sqtunnelroaddark
f  1661/2184/6  1662/2174/6  1659/2175/6  1660/920/6

o entity1_brush201
usemtl tex/5sqtunnelroaddark
f  1663/2164/1  1664/2165/1  1665/2166/1  1666/2167/1
usemtl tex/5sqtunnelroaddark
f  1667/2286/465  1665/2285/465  1664/2284/465  1668/2283/465
usemtl tex/5sqtunnelroaddark
f  1668/2308/3  1664/2309/3  1663/2298/3  1669/2297/3
usemtl tex/5sqtunnelroaddark
f  1670/2310/4  1666/2311/4  1665/2292/4  1667/2291/4
usemtl tex/5sqtunnelroaddark
f  1669/2283/466  1663/2284/466  1666/2285/466  1670/2286/466
usemtl tex/5sqtunnelroaddark
f  1670/2167/6  1667/2166/6  1668/2165/6  1669/2164/6

o entity1_brush202
usemtl tex/5sqtunnelroaddark
f  1671/2312/1  1672/2313/1  1673/2314/1  1674/2315/1
usemtl tex/5sqtunnelroaddark
f  1675/2316/467  1674/2317/467  1673/2318/467  1676/2319/467
usemtl tex/5sqtunnelroaddark
f  1676/2206/2  1673/2205/2  1672/2217/2  1677/2218/2
usemtl tex/5sqtunnelroaddark
f  1677/2319/3  1672/2318/3  1671/2317/3  1678/2316/3
usemtl tex/5sqtunnelroaddark
f  1678/2218/5  1671/2217/5  1674/2205/5  1675/2206/5
usemtl tex/5sqtunnelroaddark
f  1677/2313/6  1678/2312/6  1675/2320/6  1676/2321/6

o entity1_brush203
usemtl tex/5sqtunnelroaddark
f  1679/2322/468  1680/2323/468  1681/2324/468  1682/2325/468
usemtl tex/5sqtunnelroaddark
f  1683/2318/469  1681/2326/469  1680/2327/469  1684/2317/469
usemtl tex/5sqtunnelroaddark
f  1682/2203/2  1681/2204/2  1683/2205/2  1685/2206/2
usemtl tex/5sqtunnelroaddark
f  1686/2206/5  1684/2205/5  1680/2204/5  1679/2203/5
usemtl tex/5sqtunnelroaddark
f  1685/2319/470  1683/2318/470  1684/2317/470  1686/2316/470
usemtl tex/5sqtunnelroaddark
f  1686/2328/471  1679/2329/471  1682/2330/471  1685/2331/471

o entity1_brush204
usemtl tex/5sqtunnelroaddark
f  1687/2323/472  1688/2324/472  1689/2325/472  1690/2322/472
usemtl tex/5sqtunnelroaddark
f  1691/2203/2  1689/2233/2  1688/2234/2  1692/2204/2
usemtl tex/5sqtunnelroaddark
f  1692/2326/3  1688/2332/3  1687/2333/3  1693/2327/3
usemtl tex/5sqtunnelroaddark
f  1694/2334/4  1690/2335/4  1689/2336/4  1691/2337/4
usemtl tex/5sqtunnelroaddark
f  1693/2204/5  1687/2234/5  1690/2233/5  1694/2203/5
usemtl tex/5sqtunnelroaddark
f  1694/2322/473  1691/2325/473  1692/2324/473  1693/2323/473

o entity1_brush205
usemtl tex/5sqtunnelroaddark
f  1695/2338/474  1696/2339/474  1697/2340/474  1698/2341/474
usemtl tex/5sqtunnelroaddark
f  1699/2342/475  1697/2343/475  1696/2344/475  1700/2345/475
usemtl tex/5sqtunnelroaddark
f  1698/2233/2  1697/2222/2  1699/2221/2  1701/2234/2
usemtl tex/5sqtunnelroaddark
f  1702/2234/5  1700/2221/5  1696/2222/5  1695/2233/5
usemtl tex/5sqtunnelroaddark
f  1701/2332/476  1699/2342/476  1700/2345/476  1702/2333/476
usemtl tex/5sqtunnelroaddark
f  1702/2323/477  1695/2322/477  1698/2325/477  1701/2324/477

o entity1_brush206
usemtl tex/5sqtunnelroaddark
f  1703/2320/1  1704/2312/1  1705/2313/1  1706/2321/1
usemtl tex/5sqtunnelroaddark
f  1707/2221/2  1706/2222/2  1705/2223/2  1708/2224/2
usemtl tex/5sqtunnelroaddark
f  1708/2342/3  1705/2343/3  1704/2344/3  1709/2345/3
usemtl tex/5sqtunnelroaddark
f  1709/2224/5  1704/2223/5  1703/2222/5  1710/2221/5
usemtl tex/5sqtunnelroaddark
f  1710/2345/478  1703/2344/478  1706/2343/478  1707/2342/478
usemtl tex/5sqtunnelroaddark
f  1709/2312/6  1710/2315/6  1707/2314/6  1708/2313/6

o entity1_brush207
usemtl tex/5sqtunnelroaddark
f  1711/2346/1  1712/2347/1  1713/2348/1  1714/2349/1
usemtl tex/5sqtunnelroaddark
f  1715/2245/479  1712/2246/479  1711/2247/479  1716/2248/479
usemtl tex/5sqtunnelroaddark
f  1714/2249/480  1713/2250/480  1717/2251/480  1718/2252/480
usemtl tex/5sqtunnelroaddark
f  1719/2253/2  1718/2254/2  1717/2255/2  1720/2256/2
usemtl tex/5sqtunnelroaddark
f  1721/2350/3  1720/2351/3  1717/2352/3  1713/2353/3  1712/2354/3  1715/2355/3  1722/2356/3  1723/2357/3
usemtl tex/5sqtunnelroaddark
f  1724/2357/4  1725/2356/4  1716/2355/4  1711/2354/4  1714/2353/4  1718/2352/4  1719/2351/4  1726/2350/4
usemtl tex/5sqtunnelroaddark
f  1722/2256/5  1715/2255/5  1716/2254/5  1725/2253/5
usemtl tex/5sqtunnelroaddark
f  1726/2265/481  1719/2266/481  1720/2267/481  1721/2268/481
usemtl tex/5sqtunnelroaddark
f  1723/2269/482  1722/2270/482  1725/2271/482  1724/2272/482
usemtl tex/5sqtunnelroaddark
f  1726/2349/6  1721/2348/6  1723/2347/6  1724/2346/6

o entity1_brush208
usemtl tex/5sqtunnelroaddark
f  1727/2100/1  1728/2101/1  1729/2102/1  1730/2103/1
usemtl tex/5sqtunnelroaddark
f  1731/2358/2  1730/2185/2  1729/2188/2  1732/2359/2
usemtl tex/5sqtunnelroaddark
f  1732/2360/3  1729/2361/3  1728/2362/3  1733/2363/3
usemtl tex/5sqtunnelroaddark
f  1733/2359/5  1728/2188/5  1727/2190/5  1734/2364/5
usemtl tex/5sqtunnelroaddark
f  1734/2363/483  1727/2362/483  1730/2361/483  1731/2360/483
usemtl tex/5sqtunnelroaddark
f  1733/2101/6  1734/2100/6  1731/2103/6  1732/2102/6

o entity1_brush209
usemtl tex/5sqtunnelroaddark
f  1735/2100/1  1736/2103/1  1737/2114/1  1738/2115/1
usemtl tex/5sqtunnelroaddark
f  1739/2365/484  1738/2153/484  1737/2150/484  1740/2366/484
usemtl tex/5sqtunnelroaddark
f  1741/2360/485  1736/2361/485  1735/2362/485  1742/2363/485
usemtl tex/5sqtunnelroaddark
f  1740/2367/486  1737/2368/486  1736/2369/486  1741/2370/486
usemtl tex/5sqtunnelroaddark
f  1742/2363/487  1735/2362/487  1738/2371/487  1739/2372/487
usemtl tex/5sqtunnelroaddark
f  1739/2115/6  1740/2114/6  1741/2103/6  1742/2100/6

o entity1_brush210
usemtl tex/5sqtunnelroaddark
f  1743/2114/1  1744/2126/1  1745/2127/1  1746/2115/1
usemtl tex/5sqtunnelroaddark
f  1747/2365/420  1745/2153/420  1744/2150/420  1748/2366/420
usemtl tex/5sqtunnelroaddark
f  1748/2373/3  1744/2374/3  1743/2375/3  1749/2376/3
usemtl tex/5sqtunnelroaddark
f  1750/2372/4  1746/2371/4  1745/2377/4  1747/2378/4
usemtl tex/5sqtunnelroaddark
f  1749/2366/488  1743/2150/488  1746/2153/488  1750/2365/488
usemtl tex/5sqtunnelroaddark
f  1750/2115/6  1747/2127/6  1748/2126/6  1749/2114/6

o entity1_brush211
usemtl tex/5sqtunnelroaddark
f  1751/2127/1  1752/2126/1  1753/2134/1  1754/2135/1
usemtl tex/5sqtunnelroaddark
f  1755/2366/489  1752/2150/489  1751/2153/489  1756/2365/489
usemtl tex/5sqtunnelroaddark
f  1757/2379/490  1754/2380/490  1753/2381/490  1758/2382/490
usemtl tex/5sqtunnelroaddark
f  1758/2382/491  1753/2381/491  1752/2374/491  1755/2373/491
usemtl tex/5sqtunnelroaddark
f  1756/2383/492  1751/2384/492  1754/2385/492  1757/2386/492
usemtl tex/5sqtunnelroaddark
f  1758/2134/6  1755/2126/6  1756/2127/6  1757/2135/6

o entity1_brush212
usemtl tex/5sqtunnelroaddark
f  1759/2134/1  1760/2144/1  1761/2145/1  1762/2135/1
usemtl tex/5sqtunnelroaddark
f  1763/2364/2  1762/2190/2  1761/2188/2  1764/2359/2
usemtl tex/5sqtunnelroaddark
f  1764/2379/3  1761/2380/3  1760/2381/3  1765/2382/3
usemtl tex/5sqtunnelroaddark
f  1765/2359/5  1760/2188/5  1759/2185/5  1766/2358/5
usemtl tex/5sqtunnelroaddark
f  1766/2382/493  1759/2381/493  1762/2380/493  1763/2379/493
usemtl tex/5sqtunnelroaddark
f  1765/2144/6  1766/2134/6  1763/2135/6  1764/2145/6

o entity1_brush213
usemtl tex/5sqtunnelroaddark
f  1767/2100/1  1768/2101/1  1769/2102/1  1770/2103/1
usemtl tex/5sqtunnelroaddark
f  1771/2387/2  1770/2388/2  1769/2389/2  1772/2390/2
usemtl tex/5sqtunnelroaddark
f  1772/2391/3  1769/2392/3  1768/2393/3  1773/2394/3
usemtl tex/5sqtunnelroaddark
f  1773/2390/5  1768/2389/5  1767/2395/5  1774/2396/5
usemtl tex/5sqtunnelroaddark
f  1774/2394/494  1767/2393/494  1770/2392/494  1771/2391/494
usemtl tex/5sqtunnelroaddark
f  1773/2101/6  1774/2100/6  1771/2103/6  1772/2102/6

o entity1_brush214
usemtl tex/5sqtunnelroaddark
f  1775/2100/1  1776/2103/1  1777/2114/1  1778/2115/1
usemtl tex/5sqtunnelroaddark
f  1779/2397/495  1778/2398/495  1777/2399/495  1780/2400/495
usemtl tex/5sqtunnelroaddark
f  1781/2401/496  1776/2392/496  1775/2393/496  1782/2402/496
usemtl tex/5sqtunnelroaddark
f  1780/2403/497  1777/2404/497  1776/2405/497  1781/2406/497
usemtl tex/5sqtunnelroaddark
f  1782/2402/498  1775/2393/498  1778/2407/498  1779/2408/498
usemtl tex/5sqtunnelroaddark
f  1779/2115/6  1780/2114/6  1781/2103/6  1782/2100/6

o entity1_brush215
usemtl tex/5sqtunnelroaddark
f  1783/2114/1  1784/2126/1  1785/2127/1  1786/2115/1
usemtl tex/5sqtunnelroaddark
f  1787/2397/499  1785/2398/499  1784/2399/499  1788/2400/499
usemtl tex/5sqtunnelroaddark
f  1788/2409/3  1784/2410/3  1783/2411/3  1789/2412/3
usemtl tex/5sqtunnelroaddark
f  1790/2408/4  1786/2407/4  1785/2413/4  1787/2414/4
usemtl tex/5sqtunnelroaddark
f  1789/2400/500  1783/2399/500  1786/2398/500  1790/2397/500
usemtl tex/5sqtunnelroaddark
f  1790/2115/6  1787/2127/6  1788/2126/6  1789/2114/6

o entity1_brush216
usemtl tex/5sqtunnelroaddark
f  1791/2127/1  1792/2126/1  1793/2134/1  1794/2135/1
usemtl tex/5sqtunnelroaddark
f  1795/2400/501  1792/2399/501  1791/2398/501  1796/2397/501
usemtl tex/5sqtunnelroaddark
f  1797/2415/502  1794/2416/502  1793/2417/502  1798/2418/502
usemtl tex/5sqtunnelroaddark
f  1798/2418/503  1793/2417/503  1792/2410/503  1795/2409/503
usemtl tex/5sqtunnelroaddark
f  1796/2419/504  1791/2420/504  1794/2421/504  1797/2422/504
usemtl tex/5sqtunnelroaddark
f  1798/2134/6  1795/2126/6  1796/2127/6  1797/2135/6

o entity1_brush217
usemtl tex/5sqtunnelroaddark
f  1799/2134/1  1800/2144/1  1801/2145/1  1802/2135/1
usemtl tex/5sqtunnelroaddark
f  1803/2423/2  1802/2395/2  1801/2389/2  1804/2424/2
usemtl tex/5sqtunnelroaddark
f  1804/2415/3  1801/2416/3  1800/2417/3  1805/2418/3
usemtl tex/5sqtunnelroaddark
f  1805/2424/5  1800/2389/5  1799/2388/5  1806/2425/5
usemtl tex/5sqtunnelroaddark
f  1806/2418/505  1799/2417/505  1802/2416/505  1803/2415/505
usemtl tex/5sqtunnelroaddark
f  1805/2144/6  1806/2134/6  1803/2135/6  1804/2145/6

o entity1_brush218
usemtl tex/5sqtunnelroaddark
f  1807/2426/1  1808/2427/1  1809/2428/1  1810/2429/1
usemtl tex/5sqtunnelroaddark
f  1811/2430/2  1810/2431/2  1809/2432/2  1812/2433/2
usemtl tex/5sqtunnelroaddark
f  1812/2434/3  1809/2435/3  1808/2436/3  1813/2437/3
usemtl tex/5sqtunnelroaddark
f  1813/2433/5  1808/2432/5  1807/2431/5  1814/2430/5
usemtl tex/5sqtunnelroaddark
f  1814/2437/506  1807/2436/506  1810/2435/506  1811/2434/506
usemtl tex/5sqtunnelroaddark
f  1813/2427/6  1814/2438/6  1811/2439/6  1812/2428/6

o entity1_brush219
usemtl tex/5sqtunnelroaddark
f  1815/2440/507  1816/2436/507  1817/2435/507  1818/2441/507
usemtl tex/5sqtunnelroaddark
f  1819/2434/508  1817/2435/508  1816/2436/508  1820/2437/508
usemtl tex/5sqtunnelroaddark
f  1818/2442/2  1817/2443/2  1819/2444/2  1821/2445/2
usemtl tex/5sqtunnelroaddark
f  1822/2445/5  1820/2444/5  1816/2443/5  1815/2442/5
usemtl tex/5sqtunnelroaddark
f  1821/2446/509  1819/2434/509  1820/2437/509  1822/2447/509
usemtl tex/5sqtunnelroaddark
f  1822/2448/510  1815/2449/510  1818/2450/510  1821/2451/510

o entity1_brush220
usemtl tex/5sqtunnelroaddark
f  1823/2448/511  1824/2451/511  1825/2450/511  1826/2449/511
usemtl tex/5sqtunnelroaddark
f  1827/2452/2  1825/2442/2  1824/2445/2  1828/2453/2
usemtl tex/5sqtunnelroaddark
f  1828/2454/3  1824/2455/3  1823/2456/3  1829/2457/3
usemtl tex/5sqtunnelroaddark
f  1830/2458/4  1826/2459/4  1825/2460/4  1827/2461/4
usemtl tex/5sqtunnelroaddark
f  1829/2453/5  1823/2445/5  1826/2442/5  1830/2452/5
usemtl tex/5sqtunnelroaddark
f  1830/2449/512  1827/2450/512  1828/2451/512  1829/2448/512

o entity1_brush221
usemtl tex/5sqtunnelroaddark
f  1831/2449/513  1832/2448/513  1833/2451/513  1834/2450/513
usemtl tex/5sqtunnelroaddark
f  1835/2462/514  1833/2454/514  1832/2457/514  1836/2463/514
usemtl tex/5sqtunnelroaddark
f  1834/2464/2  1833/2465/2  1835/2466/2  1837/2467/2
usemtl tex/5sqtunnelroaddark
f  1838/2467/5  1836/2466/5  1832/2465/5  1831/2464/5
usemtl tex/5sqtunnelroaddark
f  1837/2468/515  1835/2462/515  1836/2463/515  1838/2469/515
usemtl tex/5sqtunnelroaddark
f  1838/2470/516  1831/2471/516  1834/2472/516  1837/2473/516

o entity1_brush222
usemtl tex/5sqtunnelroaddark
f  1839/2427/1  1840/2428/1  1841/2439/1  1842/2438/1
usemtl tex/5sqtunnelroaddark
f  1843/2469/517  1842/2463/517  1841/2462/517  1844/2468/517
usemtl tex/5sqtunnelroaddark
f  1844/2474/2  1841/2475/2  1840/2476/2  1845/2477/2
usemtl tex/5sqtunnelroaddark
f  1845/2468/3  1840/2462/3  1839/2463/3  1846/2469/3
usemtl tex/5sqtunnelroaddark
f  1846/2477/5  1839/2476/5  1842/2475/5  1843/2474/5
usemtl tex/5sqtunnelroaddark
f  1845/2428/6  1846/2427/6  1843/2426/6  1844/2429/6

o entity1_brush223
usemtl tex/5sqtunnelroaddark
f  1847/2478/1  1848/2479/1  1849/2480/1  1850/2481/1
usemtl tex/5sqtunnelroaddark
f  1851/2482/2  1849/2483/2  1848/2484/2  1852/2485/2
usemtl tex/5sqtunnelroaddark
f  1852/2486/3  1848/2487/3  1847/2488/3  1853/2489/3
usemtl tex/5sqtunnelroaddark
f  1854/2489/4  1850/2488/4  1849/2487/4  1851/2486/4
usemtl tex/5sqtunnelroaddark
f  1853/2485/5  1847/2484/5  1850/2483/5  1854/2482/5
usemtl tex/5sqtunnelroaddark
f  1854/2481/6  1851/2480/6  1852/2479/6  1853/2478/6

o entity1_brush224
usemtl tex/5sqtunnelroaddark
f  1855/2490/1  1856/2491/1  1857/2492/1  1858/2493/1
usemtl tex/5sqtunnelroaddark
f  1859/2494/2  1857/2495/2  1856/2496/2  1860/2497/2
usemtl tex/5sqtunnelroaddark
f  1860/2498/3  1856/2499/3  1855/2500/3  1861/2501/3
usemtl tex/5sqtunnelroaddark
f  1862/2501/4  1858/2500/4  1857/2499/4  1859/2498/4
usemtl tex/5sqtunnelroaddark
f  1861/2497/5  1855/2496/5  1858/2495/5  1862/2494/5
usemtl tex/5sqtunnelroaddark
f  1862/2493/6  1859/2492/6  1860/2491/6  1861/2490/6

o entity1_brush225
usemtl tex/5sqtunnelroaddark
f  1863/2502/1  1864/2503/1  1865/2428/1  1866/2429/1
usemtl tex/5sqtunnelroaddark
f  1867/2221/2  1866/2222/2  1865/2223/2  1868/2224/2
usemtl tex/5sqtunnelroaddark
f  1868/2504/3  1865/2505/3  1864/2506/3  1869/2507/3
usemtl tex/5sqtunnelroaddark
f  1869/2224/5  1864/2223/5  1863/2222/5  1870/2221/5
usemtl tex/5sqtunnelroaddark
f  1870/2507/518  1863/2506/518  1866/2505/518  1867/2504/518
usemtl tex/5sqtunnelroaddark
f  1869/2503/6  1870/2508/6  1867/2439/6  1868/2428/6

o entity1_brush226
usemtl tex/5sqtunnelroaddark
f  1871/2509/519  1872/2510/519  1873/2511/519  1874/2512/519
usemtl tex/5sqtunnelroaddark
f  1875/2504/520  1873/2505/520  1872/2506/520  1876/2507/520
usemtl tex/5sqtunnelroaddark
f  1874/2233/2  1873/2222/2  1875/2221/2  1877/2234/2
usemtl tex/5sqtunnelroaddark
f  1878/2234/5  1876/2221/5  1872/2222/5  1871/2233/5
usemtl tex/5sqtunnelroaddark
f  1877/2513/521  1875/2504/521  1876/2507/521  1878/2514/521
usemtl tex/5sqtunnelroaddark
f  1878/2515/522  1871/2516/522  1874/2450/522  1877/2451/522

o entity1_brush227
usemtl tex/5sqtunnelroaddark
f  1879/2515/523  1880/2451/523  1881/2450/523  1882/2516/523
usemtl tex/5sqtunnelroaddark
f  1883/2203/2  1881/2233/2  1880/2234/2  1884/2204/2
usemtl tex/5sqtunnelroaddark
f  1884/2517/3  1880/2513/3  1879/2514/3  1885/2518/3
usemtl tex/5sqtunnelroaddark
f  1886/2519/4  1882/2520/4  1881/2521/4  1883/2522/4
usemtl tex/5sqtunnelroaddark
f  1885/2204/5  1879/2234/5  1882/2233/5  1886/2203/5
usemtl tex/5sqtunnelroaddark
f  1886/2516/524  1883/2450/524  1884/2451/524  1885/2515/524

o entity1_brush228
usemtl tex/5sqtunnelroaddark
f  1887/2516/525  1888/2515/525  1889/2451/525  1890/2450/525
usemtl tex/5sqtunnelroaddark
f  1891/2523/526  1889/2517/526  1888/2518/526  1892/2524/526
usemtl tex/5sqtunnelroaddark
f  1890/2203/2  1889/2204/2  1891/2205/2  1893/2206/2
usemtl tex/5sqtunnelroaddark
f  1894/2206/5  1892/2205/5  1888/2204/5  1887/2203/5
usemtl tex/5sqtunnelroaddark
f  1893/2525/527  1891/2523/527  1892/2524/527  1894/2526/527
usemtl tex/5sqtunnelroaddark
f  1894/2527/528  1887/2528/528  1890/2529/528  1893/2530/528

o entity1_brush229
usemtl tex/5sqtunnelroaddark
f  1895/2503/1  1896/2428/1  1897/2439/1  1898/2508/1
usemtl tex/5sqtunnelroaddark
f  1899/2526/529  1898/2524/529  1897/2523/529  1900/2525/529
usemtl tex/5sqtunnelroaddark
f  1900/2206/2  1897/2205/2  1896/2217/2  1901/2218/2
usemtl tex/5sqtunnelroaddark
f  1901/2525/3  1896/2523/3  1895/2524/3  1902/2526/3
usemtl tex/5sqtunnelroaddark
f  1902/2218/5  1895/2217/5  1898/2205/5  1899/2206/5
usemtl tex/5sqtunnelroaddark
f  1901/2428/6  1902/2503/6  1899/2502/6  1900/2429/6

o entity1_brush230
usemtl tex/5sqtunnelroaddark
f  1903/2531/1  1904/2532/1  1905/2479/1  1906/2478/1
usemtl tex/5sqtunnelroaddark
f  1907/2533/2  1905/2534/2  1904/2535/2  1908/2536/2
usemtl tex/5sqtunnelroaddark
f  1908/2537/3  1904/2538/3  1903/2539/3
usemtl tex/5sqtunnelroaddark
f  1906/2539/4  1905/2538/4  1907/2537/4
usemtl tex/5sqtunnelroaddark
f  1908/2540/530  1903/2541/530  1906/2542/530  1907/2543/530

o entity1_brush231
usemtl tex/5sqtunnelroaddark
f  1909/2544/1  1910/2052/1  1911/2071/1  1912/2545/1
usemtl tex/5sqtunnelroaddark
f  1912/2546/3  1911/2547/3  1913/2548/3
usemtl tex/5sqtunnelroaddark
f  1914/2548/4  1910/2547/4  1909/2546/4
usemtl tex/5sqtunnelroaddark
f  1913/2549/5  1911/2550/5  1910/2551/5  1914/2552/5
usemtl tex/5sqtunnelroaddark
f  1909/2553/531  1912/2554/531  1913/2555/531  1914/2556/531

o entity1_brush232
usemtl tex/5sqtunnelroaddark
f  1915/2557/532  1916/2558/532  1917/2559/532  1918/2560/532
usemtl tex/5sqtunnelroaddark
f  1918/2561/3  1917/2562/3  1919/2563/3
usemtl tex/5sqtunnelroaddark
f  1920/2563/4  1916/2562/4  1915/2561/4
usemtl tex/5sqtunnelroaddark
f  1919/2560/5  1917/2559/5  1916/2558/5  1920/2557/5
usemtl tex/5sqtunnelroaddark
f  1915/2564/6  1918/2565/6  1919/2566/6  1920/2567/6

o entity1_brush233
usemtl tex/5sqtunnelroaddark
f  1921/2568/533  1922/2569/533  1923/2570/533  1924/2571/533
usemtl tex/5sqtunnelroaddark
f  1925/2572/2  1923/2573/2  1922/2574/2  1926/2575/2
usemtl tex/5sqtunnelroaddark
f  1926/2576/3  1922/2577/3  1921/2578/3
usemtl tex/5sqtunnelroaddark
f  1924/2578/4  1923/2577/4  1925/2576/4
usemtl tex/5sqtunnelroaddark
f  1926/2579/6  1921/2580/6  1924/2581/6  1925/2582/6

o entity1_brush234
usemtl tex/5sqtunnelroaddark
f  1927/2583/1  1928/2584/1  1929/2585/1  1930/2586/1
usemtl tex/5sqtunnelroaddark
f  1931/2533/2  1929/2534/2  1928/2535/2  1932/2536/2
usemtl tex/5sqtunnelroaddark
f  1932/2587/3  1928/2588/3  1927/2589/3
usemtl tex/5sqtunnelroaddark
f  1930/2589/4  1929/2588/4  1931/2587/4
usemtl tex/5sqtunnelroaddark
f  1932/2590/534  1927/2591/534  1930/2592/534  1931/2593/534

o entity1_brush235
usemtl tex/5sqtunnelroaddark
f  1933/2594/1  1934/2595/1  1935/2596/1  1936/2597/1
usemtl tex/5sqtunnelroaddark
f  1936/2598/3  1935/2599/3  1937/2600/3
usemtl tex/5sqtunnelroaddark
f  1938/2600/4  1934/2599/4  1933/2598/4
usemtl tex/5sqtunnelroaddark
f  1937/2601/5  1935/2602/5  1934/2603/5  1938/2604/5
usemtl tex/5sqtunnelroaddark
f  1933/2605/535  1936/2606/535  1937/2607/535  1938/2608/535

o entity1_brush236
usemtl tex/5sqtunnelroaddark
f  1939/2604/536  1940/2603/536  1941/2602/536  1942/2601/536
usemtl tex/5sqtunnelroaddark
f  1942/2609/3  1941/2610/3  1943/2611/3
usemtl tex/5sqtunnelroaddark
f  1944/2611/4  1940/2610/4  1939/2609/4
usemtl tex/5sqtunnelroaddark
f  1943/2560/5  1941/2559/5  1940/2558/5  1944/2557/5
usemtl tex/5sqtunnelroaddark
f  1939/2612/6  1942/2613/6  1943/2614/6  1944/2615/6

o entity1_brush237
usemtl tex/5sqtunnelroaddark
f  1945/2616/537  1946/2617/537  1947/2618/537  1948/2619/537
usemtl tex/5sqtunnelroaddark
f  1949/2572/2  1947/2573/2  1946/2574/2  1950/2575/2
usemtl tex/5sqtunnelroaddark
f  1950/2620/3  1946/2621/3  1945/2622/3
usemtl tex/5sqtunnelroaddark
f  1948/2622/4  1947/2621/4  1949/2620/4
usemtl tex/5sqtunnelroaddark
f  1950/2623/6  1945/2624/6  1948/2625/6  1949/2626/6

o entity1_brush238
usemtl tex/5sqtunnelroaddark
f  1951/2213/1  1952/2627/1  1953/2628/1  1954/2216/1
usemtl tex/5sqtunnelroaddark
f  1955/2629/538  1954/2630/538  1953/2631/538  1956/2632/538
usemtl tex/5sqtunnelroaddark
f  1956/2633/2  1953/2634/2  1952/2635/2  1957/2636/2
usemtl tex/5sqtunnelroaddark
f  1957/2632/3  1952/2631/3  1951/2630/3  1958/2629/3
usemtl tex/5sqtunnelroaddark
f  1958/2636/5  1951/2635/5  1954/2634/5  1955/2633/5
usemtl tex/5sqtunnelroaddark
f  1957/2627/6  1958/2213/6  1955/2219/6  1956/2637/6

o entity1_brush239
usemtl tex/5sqtunnelroaddark
f  1959/2195/539  1960/2196/539  1961/2638/539  1962/2639/539
usemtl tex/5sqtunnelroaddark
f  1963/2631/540  1961/2640/540  1960/2641/540  1964/2630/540
usemtl tex/5sqtunnelroaddark
f  1962/2642/2  1961/2643/2  1963/2634/2  1965/2633/2
usemtl tex/5sqtunnelroaddark
f  1966/2633/5  1964/2634/5  1960/2643/5  1959/2642/5
usemtl tex/5sqtunnelroaddark
f  1965/2632/541  1963/2631/541  1964/2630/541  1966/2629/541
usemtl tex/5sqtunnelroaddark
f  1966/2644/542  1959/2645/542  1962/2646/542  1965/2647/542

o entity1_brush240
usemtl tex/5sqtunnelroaddark
f  1967/2648/543  1968/2649/543  1969/2650/543  1970/2651/543
usemtl tex/5sqtunnelroaddark
f  1971/2652/544  1969/2653/544  1968/2654/544  1972/2655/544
usemtl tex/5sqtunnelroaddark
f  1970/2656/2  1969/2657/2  1971/2658/2  1973/2659/2
usemtl tex/5sqtunnelroaddark
f  1974/2659/5  1972/2658/5  1968/2657/5  1967/2656/5
usemtl tex/5sqtunnelroaddark
f  1973/2660/545  1971/2652/545  1972/2655/545  1974/2661/545
usemtl tex/5sqtunnelroaddark
f  1974/2196/546  1967/2195/546  1970/2639/546  1973/2638/546

o entity1_brush241
usemtl tex/5sqtunnelroaddark
f  1975/2219/1  1976/2213/1  1977/2627/1  1978/2637/1
usemtl tex/5sqtunnelroaddark
f  1979/2662/2  1978/2663/2  1977/2664/2  1980/2665/2
usemtl tex/5sqtunnelroaddark
f  1980/2652/3  1977/2653/3  1976/2654/3  1981/2655/3
usemtl tex/5sqtunnelroaddark
f  1981/2665/5  1976/2664/5  1975/2663/5  1982/2662/5
usemtl tex/5sqtunnelroaddark
f  1982/2655/547  1975/2654/547  1978/2653/547  1979/2652/547
usemtl tex/5sqtunnelroaddark
f  1981/2213/6  1982/2216/6  1979/2628/6  1980/2627/6

o entity1_brush242
usemtl tex/5sqtunnelroaddark
f  1983/2196/548  1984/2638/548  1985/2639/548  1986/2195/548
usemtl tex/5sqtunnelroaddark
f  1987/2666/2  1985/2656/2  1984/2659/2  1988/2667/2
usemtl tex/5sqtunnelroaddark
f  1988/2640/3  1984/2660/3  1983/2661/3  1989/2641/3
usemtl tex/5sqtunnelroaddark
f  1990/2668/4  1986/2669/4  1985/2670/4  1987/2671/4
usemtl tex/5sqtunnelroaddark
f  1989/2667/5  1983/2659/5  1986/2656/5  1990/2666/5
usemtl tex/5sqtunnelroaddark
f  1990/2195/549  1987/2639/549  1988/2638/549  1989/2196/549

o entity1_brush243
usemtl tex/5sqtunnelroaddark
f  1991/2672/1  1992/2493/1  1993/2673/1  1994/2674/1
usemtl tex/5sqtunnelroaddark
f  1995/2675/2  1993/2676/2  1992/2482/2  1996/2677/2
usemtl tex/5sqtunnelroaddark
f  1996/2678/3  1992/2679/3  1991/2680/3  1997/2681/3
usemtl tex/5sqtunnelroaddark
f  1998/2681/4  1994/2680/4  1993/2679/4  1995/2678/4
usemtl tex/5sqtunnelroaddark
f  1997/2677/5  1991/2482/5  1994/2676/5  1998/2675/5
usemtl tex/5sqtunnelroaddark
f  1998/2674/6  1995/2673/6  1996/2493/6  1997/2672/6

o entity1_brush244
usemtl tex/5sqtunnelroaddark
f  1999/2682/1  2000/2683/1  2001/2684/1  2002/2685/1
usemtl tex/5sqtunnelroaddark
f  2003/2686/2  2001/2687/2  2000/2688/2  2004/2689/2
usemtl tex/5sqtunnelroaddark
f  2004/2690/3  2000/2691/3  1999/2692/3  2005/2693/3
usemtl tex/5sqtunnelroaddark
f  2006/2693/4  2002/2692/4  2001/2691/4  2003/2690/4
usemtl tex/5sqtunnelroaddark
f  2005/2689/5  1999/2688/5  2002/2687/5  2006/2686/5
usemtl tex/5sqtunnelroaddark
f  2006/2685/6  2003/2684/6  2004/2683/6  2005/2682/6

o entity1_brush245
usemtl tex/5sqtunnelroaddark
f  2007/2694/1  2008/2695/1  2009/2082/1  2010/1967/1
usemtl tex/5sqtunnelroaddark
f  2011/2084/2  2009/1969/2  2008/2696/2  2012/2697/2
usemtl tex/5sqtunnelroaddark
f  2012/2088/3  2008/2698/3  2007/1974/3  2013/2699/3
usemtl tex/5sqtunnelroaddark
f  2014/2699/4  2010/1974/4  2009/2698/4  2011/2088/4
usemtl tex/5sqtunnelroaddark
f  2013/2697/5  2007/2696/5  2010/1969/5  2014/2084/5
usemtl tex/5sqtunnelroaddark
f  2014/1967/6  2011/2082/6  2012/2695/6  2013/2694/6

o entity1_brush246
usemtl tex/5sqtunnelroaddark
f  2015/2700/1  2016/2701/1  2017/2702/1  2018/2703/1
usemtl tex/5sqtunnelroaddark
f  2019/2273/2  2018/2190/2  2017/2188/2  2020/2276/2
usemtl tex/5sqtunnelroaddark
f  2020/2704/3  2017/2705/3  2016/2706/3  2021/2707/3
usemtl tex/5sqtunnelroaddark
f  2021/2276/5  2016/2188/5  2015/2185/5  2022/2282/5
usemtl tex/5sqtunnelroaddark
f  2022/2707/550  2015/2706/550  2018/2705/550  2019/2704/550
usemtl tex/5sqtunnelroaddark
f  2021/2701/6  2022/2700/6  2019/2703/6  2020/2702/6

o entity1_brush247
usemtl tex/5sqtunnelroaddark
f  2023/2708/1  2024/2709/1  2025/2700/1  2026/2703/1
usemtl tex/5sqtunnelroaddark
f  2027/2283/551  2024/2150/551  2023/2153/551  2028/2286/551
usemtl tex/5sqtunnelroaddark
f  2029/2704/552  2026/2705/552  2025/2706/552  2030/2707/552
usemtl tex/5sqtunnelroaddark
f  2030/2710/553  2025/2711/553  2024/2712/553  2027/2713/553
usemtl tex/5sqtunnelroaddark
f  2028/2714/554  2023/2715/554  2026/2705/554  2029/2704/554
usemtl tex/5sqtunnelroaddark
f  2030/2700/6  2027/2709/6  2028/2708/6  2029/2703/6

o entity1_brush248
usemtl tex/5sqtunnelroaddark
f  2031/2716/1  2032/2717/1  2033/2718/1  2034/2719/1
usemtl tex/5sqtunnelroaddark
f  2035/2286/555  2033/2153/555  2032/2150/555  2036/2283/555
usemtl tex/5sqtunnelroaddark
f  2036/2713/3  2032/2712/3  2031/2720/3  2037/2721/3
usemtl tex/5sqtunnelroaddark
f  2038/2722/4  2034/2723/4  2033/2724/4  2035/2725/4
usemtl tex/5sqtunnelroaddark
f  2037/2283/556  2031/2150/556  2034/2153/556  2038/2286/556
usemtl tex/5sqtunnelroaddark
f  2038/2719/6  2035/2718/6  2036/2717/6  2037/2716/6

o entity1_brush249
usemtl tex/5sqtunnelroaddark
f  2039/2726/1  2040/2727/1  2041/2728/1  2042/2729/1
usemtl tex/5sqtunnelroaddark
f  2043/2286/557  2042/2153/557  2041/2150/557  2044/2283/557
usemtl tex/5sqtunnelroaddark
f  2045/2730/558  2040/2731/558  2039/2732/558  2046/2733/558
usemtl tex/5sqtunnelroaddark
f  2044/2721/559  2041/2720/559  2040/2734/559  2045/2735/559
usemtl tex/5sqtunnelroaddark
f  2046/2733/560  2039/2732/560  2042/2736/560  2043/2737/560
usemtl tex/5sqtunnelroaddark
f  2043/2729/6  2044/2728/6  2045/2727/6  2046/2726/6

o entity1_brush250
usemtl tex/5sqtunnelroaddark
f  2047/2726/1  2048/2738/1  2049/2739/1  2050/2727/1
usemtl tex/5sqtunnelroaddark
f  2051/2303/2  2050/2185/2  2049/2188/2  2052/2304/2
usemtl tex/5sqtunnelroaddark
f  2052/2740/3  2049/2731/3  2048/2732/3  2053/2741/3
usemtl tex/5sqtunnelroaddark
f  2053/2304/5  2048/2188/5  2047/2190/5  2054/2307/5
usemtl tex/5sqtunnelroaddark
f  2054/2741/561  2047/2732/561  2050/2731/561  2051/2740/561
usemtl tex/5sqtunnelroaddark
f  2053/2738/6  2054/2726/6  2051/2727/6  2052/2739/6

o entity1_brush251
usemtl tex/5sqtunnelroaddark
f  2055/2742/1  2056/2743/1  2057/2744/1  2058/2745/1
usemtl tex/5sqtunnelroaddark
f  2059/2245/562  2056/2246/562  2055/2247/562  2060/2248/562
usemtl tex/5sqtunnelroaddark
f  2058/2249/563  2057/2250/563  2061/2251/563  2062/2252/563
usemtl tex/5sqtunnelroaddark
f  2063/2253/2  2062/2254/2  2061/2255/2  2064/2256/2
usemtl tex/5sqtunnelroaddark
f  2065/2746/3  2064/2747/3  2061/2748/3  2057/2749/3  2056/2750/3  2059/2751/3  2066/2752/3  2067/2753/3
usemtl tex/5sqtunnelroaddark
f  2068/2753/4  2069/2752/4  2060/2751/4  2055/2750/4  2058/2749/4  2062/2748/4  2063/2747/4  2070/2746/4
usemtl tex/5sqtunnelroaddark
f  2066/2256/5  2059/2255/5  2060/2254/5  2069/2253/5
usemtl tex/5sqtunnelroaddark
f  2070/2265/564  2063/2266/564  2064/2267/564  2065/2268/564
usemtl tex/5sqtunnelroaddark
f  2067/2269/565  2066/2270/565  2069/2271/565  2068/2272/565
usemtl tex/5sqtunnelroaddark
f  2070/2745/6  2065/2744/6  2067/2743/6  2068/2742/6

o entity1_brush252
usemtl tex/5sqtunnelroaddark
f  2071/2700/1  2072/2701/1  2073/2702/1  2074/2703/1
usemtl tex/5sqtunnelroaddark
f  2075/2754/2  2074/2755/2  2073/2756/2  2076/2757/2
usemtl tex/5sqtunnelroaddark
f  2076/2758/3  2073/2759/3  2072/2760/3  2077/2761/3
usemtl tex/5sqtunnelroaddark
f  2077/2757/5  2072/2756/5  2071/2762/5  2078/2763/5
usemtl tex/5sqtunnelroaddark
f  2078/2761/566  2071/2760/566  2074/2759/566  2075/2758/566
usemtl tex/5sqtunnelroaddark
f  2077/2701/6  2078/2700/6  2075/2703/6  2076/2702/6

o entity1_brush253
usemtl tex/5sqtunnelroaddark
f  2079/2708/1  2080/2709/1  2081/2700/1  2082/2703/1
usemtl tex/5sqtunnelroaddark
f  2083/2764/567  2080/2765/567  2079/2766/567  2084/2767/567
usemtl tex/5sqtunnelroaddark
f  2085/2758/568  2082/2759/568  2081/2760/568  2086/2761/568
usemtl tex/5sqtunnelroaddark
f  2086/2768/569  2081/2769/569  2080/2770/569  2083/2771/569
usemtl tex/5sqtunnelroaddark
f  2084/2772/570  2079/2773/570  2082/2759/570  2085/2758/570
usemtl tex/5sqtunnelroaddark
f  2086/2700/6  2083/2709/6  2084/2708/6  2085/2703/6

o entity1_brush254
usemtl tex/5sqtunnelroaddark
f  2087/2716/1  2088/2717/1  2089/2718/1  2090/2719/1
usemtl tex/5sqtunnelroaddark
f  2091/2767/571  2089/2766/571  2088/2765/571  2092/2764/571
usemtl tex/5sqtunnelroaddark
f  2092/2771/3  2088/2770/3  2087/2774/3  2093/2775/3
usemtl tex/5sqtunnelroaddark
f  2094/2776/4  2090/2777/4  2089/2778/4  2091/2779/4
usemtl tex/5sqtunnelroaddark
f  2093/2764/572  2087/2765/572  2090/2766/572  2094/2767/572
usemtl tex/5sqtunnelroaddark
f  2094/2719/6  2091/2718/6  2092/2717/6  2093/2716/6

o entity1_brush255
usemtl tex/5sqtunnelroaddark
f  2095/2726/1  2096/2727/1  2097/2728/1  2098/2729/1
usemtl tex/5sqtunnelroaddark
f  2099/2767/573  2098/2766/573  2097/2765/573  2100/2764/573
usemtl tex/5sqtunnelroaddark
f  2101/2780/574  2096/2781/574  2095/2782/574  2102/2783/574
usemtl tex/5sqtunnelroaddark
f  2100/2775/575  2097/2774/575  2096/2784/575  2101/2785/575
usemtl tex/5sqtunnelroaddark
f  2102/2783/576  2095/2782/576  2098/2786/576  2099/2787/576
usemtl tex/5sqtunnelroaddark
f  2099/2729/6  2100/2728/6  2101/2727/6  2102/2726/6

o entity1_brush256
usemtl tex/5sqtunnelroaddark
f  2103/2726/1  2104/2738/1  2105/2739/1  2106/2727/1
usemtl tex/5sqtunnelroaddark
f  2107/2788/2  2106/2762/2  2105/2756/2  2108/2789/2
usemtl tex/5sqtunnelroaddark
f  2108/2790/3  2105/2781/3  2104/2782/3  2109/2791/3
usemtl tex/5sqtunnelroaddark
f  2109/2789/5  2104/2756/5  2103/2755/5  2110/2792/5
usemtl tex/5sqtunnelroaddark
f  2110/2791/577  2103/2782/577  2106/2781/577  2107/2790/577
usemtl tex/5sqtunnelroaddark
f  2109/2738/6  2110/2726/6  2107/2727/6  2108/2739/6

o entity1_brush257
usemtl tex/5sqtunnelroaddark
f  2111/2793/1  2112/2794/1  2113/2795/1  2114/2796/1
usemtl tex/5sqtunnelroaddark
f  2115/2797/578  2114/2798/578  2113/2799/578  2116/2800/578
usemtl tex/5sqtunnelroaddark
f  2116/2206/2  2113/2205/2  2112/2217/2  2117/2218/2
usemtl tex/5sqtunnelroaddark
f  2117/2800/3  2112/2799/3  2111/2798/3  2118/2797/3
usemtl tex/5sqtunnelroaddark
f  2118/2218/5  2111/2217/5  2114/2205/5  2115/2206/5
usemtl tex/5sqtunnelroaddark
f  2117/2794/6  2118/2793/6  2115/2801/6  2116/2802/6

o entity1_brush258
usemtl tex/5sqtunnelroaddark
f  2119/2803/579  2120/2804/579  2121/2805/579  2122/2806/579
usemtl tex/5sqtunnelroaddark
f  2123/2799/580  2121/2807/580  2120/2808/580  2124/2798/580
usemtl tex/5sqtunnelroaddark
f  2122/2203/2  2121/2204/2  2123/2205/2  2125/2206/2
usemtl tex/5sqtunnelroaddark
f  2126/2206/5  2124/2205/5  2120/2204/5  2119/2203/5
usemtl tex/5sqtunnelroaddark
f  2125/2800/581  2123/2799/581  2124/2798/581  2126/2797/581
usemtl tex/5sqtunnelroaddark
f  2126/2809/582  2119/2810/582  2122/2811/582  2125/2812/582

o entity1_brush259
usemtl tex/5sqtunnelroaddark
f  2127/2804/583  2128/2805/583  2129/2806/583  2130/2803/583
usemtl tex/5sqtunnelroaddark
f  2131/2203/2  2129/2233/2  2128/2234/2  2132/2204/2
usemtl tex/5sqtunnelroaddark
f  2132/2807/3  2128/2813/3  2127/2814/3  2133/2808/3
usemtl tex/5sqtunnelroaddark
f  2134/2815/4  2130/2816/4  2129/2817/4  2131/2818/4
usemtl tex/5sqtunnelroaddark
f  2133/2204/5  2127/2234/5  2130/2233/5  2134/2203/5
usemtl tex/5sqtunnelroaddark
f  2134/2803/584  2131/2806/584  2132/2805/584  2133/2804/584

o entity1_brush260
usemtl tex/5sqtunnelroaddark
f  2135/2819/585  2136/2820/585  2137/2821/585  2138/2822/585
usemtl tex/5sqtunnelroaddark
f  2139/2823/586  2137/2824/586  2136/2825/586  2140/2826/586
usemtl tex/5sqtunnelroaddark
f  2138/2233/2  2137/2222/2  2139/2221/2  2141/2234/2
usemtl tex/5sqtunnelroaddark
f  2142/2234/5  2140/2221/5  2136/2222/5  2135/2233/5
usemtl tex/5sqtunnelroaddark
f  2141/2813/587  2139/2823/587  2140/2826/587  2142/2814/587
usemtl tex/5sqtunnelroaddark
f  2142/2804/588  2135/2803/588  2138/2806/588  2141/2805/588

o entity1_brush261
usemtl tex/5sqtunnelroaddark
f  2143/2801/1  2144/2793/1  2145/2794/1  2146/2802/1
usemtl tex/5sqtunnelroaddark
f  2147/2221/2  2146/2222/2  2145/2223/2  2148/2224/2
usemtl tex/5sqtunnelroaddark
f  2148/2823/3  2145/2824/3  2144/2825/3  2149/2826/3
usemtl tex/5sqtunnelroaddark
f  2149/2224/5  2144/2223/5  2143/2222/5  2150/2221/5
usemtl tex/5sqtunnelroaddark
f  2150/2826/589  2143/2825/589  2146/2824/589  2147/2823/589
usemtl tex/5sqtunnelroaddark
f  2149/2793/6  2150/2796/6  2147/2795/6  2148/2794/6

o entity1_brush262
usemtl tex/5sqtunnelroaddark
f  2151/2827/1  2152/2828/1  2153/2829/1  2154/2830/1
usemtl tex/5sqtunnelroaddark
f  2155/2533/2  2153/2534/2  2152/2535/2  2156/2536/2
usemtl tex/5sqtunnelroaddark
f  2156/2831/3  2152/2832/3  2151/2833/3
usemtl tex/5sqtunnelroaddark
f  2154/2833/4  2153/2832/4  2155/2831/4
usemtl tex/5sqtunnelroaddark
f  2156/2834/534  2151/2835/534  2154/2836/534  2155/2837/534

o entity1_brush263
usemtl tex/5sqtunnelroaddark
f  2157/2838/1  2158/2839/1  2159/2840/1  2160/2841/1
usemtl tex/5sqtunnelroaddark
f  2160/2842/3  2159/2843/3  2161/2844/3
usemtl tex/5sqtunnelroaddark
f  2162/2844/4  2158/2843/4  2157/2842/4
usemtl tex/5sqtunnelroaddark
f  2161/2601/5  2159/2602/5  2158/2603/5  2162/2604/5
usemtl tex/5sqtunnelroaddark
f  2157/2845/590  2160/2846/590  2161/2847/590  2162/2848/590

o entity1_brush264
usemtl tex/5sqtunnelroaddark
f  2163/2604/591  2164/2603/591  2165/2602/591  2166/2601/591
usemtl tex/5sqtunnelroaddark
f  2166/2849/3  2165/2850/3  2167/2851/3
usemtl tex/5sqtunnelroaddark
f  2168/2851/4  2164/2850/4  2163/2849/4
usemtl tex/5sqtunnelroaddark
f  2167/2560/5  2165/2559/5  2164/2558/5  2168/2557/5
usemtl tex/5sqtunnelroaddark
f  2163/2852/6  2166/2853/6  2167/2854/6  2168/2855/6

o entity1_brush265
usemtl tex/5sqtunnelroaddark
f  2169/2856/537  2170/2857/537  2171/2858/537  2172/2859/537
usemtl tex/5sqtunnelroaddark
f  2173/2572/2  2171/2573/2  2170/2574/2  2174/2575/2
usemtl tex/5sqtunnelroaddark
f  2174/2860/3  2170/2861/3  2169/2862/3
usemtl tex/5sqtunnelroaddark
f  2172/2862/4  2171/2861/4  2173/2860/4
usemtl tex/5sqtunnelroaddark
f  2174/2863/6  2169/2864/6  2172/2865/6  2173/2866/6

o entity1_brush266
usemtl tex/5sqtunnelroaddark
f  2175/2801/1  2176/2793/1  2177/2867/1  2178/2868/1
usemtl tex/5sqtunnelroaddark
f  2179/2662/2  2178/2663/2  2177/2664/2  2180/2665/2
usemtl tex/5sqtunnelroaddark
f  2180/2869/3  2177/2870/3  2176/2871/3  2181/2872/3
usemtl tex/5sqtunnelroaddark
f  2181/2665/5  2176/2664/5  2175/2663/5  2182/2662/5
usemtl tex/5sqtunnelroaddark
f  2182/2872/592  2175/2871/592  2178/2870/592  2179/2869/592
usemtl tex/5sqtunnelroaddark
f  2181/2793/6  2182/2796/6  2179/2873/6  2180/2867/6

o entity1_brush267
usemtl tex/5sqtunnelroaddark
f  2183/2874/593  2184/2875/593  2185/2876/593  2186/2877/593
usemtl tex/5sqtunnelroaddark
f  2187/2878/586  2185/2879/586  2184/2871/586  2188/2872/586
usemtl tex/5sqtunnelroaddark
f  2186/2656/2  2185/2657/2  2187/2658/2  2189/2659/2
usemtl tex/5sqtunnelroaddark
f  2190/2659/5  2188/2658/5  2184/2657/5  2183/2656/5
usemtl tex/5sqtunnelroaddark
f  2189/2880/594  2187/2878/594  2188/2872/594  2190/2881/594
usemtl tex/5sqtunnelroaddark
f  2190/2804/595  2183/2803/595  2186/2806/595  2189/2805/595

o entity1_brush268
usemtl tex/5sqtunnelroaddark
f  2191/2804/596  2192/2805/596  2193/2806/596  2194/2803/596
usemtl tex/5sqtunnelroaddark
f  2195/2666/2  2193/2656/2  2192/2659/2  2196/2667/2
usemtl tex/5sqtunnelroaddark
f  2196/2882/3  2192/2880/3  2191/2881/3  2197/2883/3
usemtl tex/5sqtunnelroaddark
f  2198/2884/4  2194/2885/4  2193/2886/4  2195/2887/4
usemtl tex/5sqtunnelroaddark
f  2197/2667/5  2191/2659/5  2194/2656/5  2198/2666/5
usemtl tex/5sqtunnelroaddark
f  2198/2803/597  2195/2806/597  2196/2805/597  2197/2804/597

o entity1_brush269
usemtl tex/5sqtunnelroaddark
f  2199/2803/598  2200/2804/598  2201/2805/598  2202/2806/598
usemtl tex/5sqtunnelroaddark
f  2203/2888/599  2201/2882/599  2200/2883/599  2204/2889/599
usemtl tex/5sqtunnelroaddark
f  2202/2642/2  2201/2643/2  2203/2634/2  2205/2633/2
usemtl tex/5sqtunnelroaddark
f  2206/2633/5  2204/2634/5  2200/2643/5  2199/2642/5
usemtl tex/5sqtunnelroaddark
f  2205/2890/600  2203/2888/600  2204/2889/600  2206/2891/600
usemtl tex/5sqtunnelroaddark
f  2206/2892/582  2199/2893/582  2202/2894/582  2205/2895/582

o entity1_brush270
usemtl tex/5sqtunnelroaddark
f  2207/2896/1  2208/2897/1  2209/2898/1  2210/2899/1
usemtl tex/5sqtunnelroaddark
f  2211/2900/601  2210/2901/601  2209/2902/601  2212/2903/601
usemtl tex/5sqtunnelroaddark
f  2212/2633/2  2209/2634/2  2208/2635/2  2213/2636/2
usemtl tex/5sqtunnelroaddark
f  2213/2903/3  2208/2902/3  2207/2901/3  2214/2900/3
usemtl tex/5sqtunnelroaddark
f  2214/2636/5  2207/2635/5  2210/2634/5  2211/2633/5
usemtl tex/5sqtunnelroaddark
f  2213/2897/6  2214/2896/6  2211/2904/6  2212/2905/6

o entity1_brush271
usemtl tex/5sqtunnelroaddark
f  2215/2718/1  2216/2719/1  2217/2716/1  2218/2717/1
usemtl tex/5sqtunnelroaddark
f  2219/2906/3  2218/2907/3  2217/2908/3  2220/2909/3
usemtl tex/5sqtunnelroaddark
f  2221/2910/4  2216/2911/4  2215/2912/4  2222/2913/4
usemtl tex/5sqtunnelroaddark
f  2220/2914/602  2217/2915/602  2216/2916/602  2221/2917/602
usemtl tex/5sqtunnelroaddark
f  2222/2917/603  2215/2916/603  2218/2915/603  2219/2914/603
usemtl tex/5sqtunnelroaddark
f  2219/2717/6  2220/2716/6  2221/2719/6  2222/2718/6

o entity1_brush272
usemtl tex/5sqtunnelroaddark
f  2223/2708/1  2224/2709/1  2225/2700/1  2226/2703/1
usemtl tex/5sqtunnelroaddark
f  2227/2914/604  2224/2915/604  2223/2916/604  2228/2917/604
usemtl tex/5sqtunnelroaddark
f  2229/2918/605  2226/2919/605  2225/2920/605  2230/2921/605
usemtl tex/5sqtunnelroaddark
f  2230/2922/606  2225/2923/606  2224/2907/606  2227/2906/606
usemtl tex/5sqtunnelroaddark
f  2228/2924/607  2223/2925/607  2226/2926/607  2229/2927/607
usemtl tex/5sqtunnelroaddark
f  2230/2700/6  2227/2709/6  2228/2708/6  2229/2703/6

o entity1_brush273
usemtl tex/5sqtunnelroaddark
f  2231/2700/1  2232/2701/1  2233/2702/1  2234/2703/1
usemtl tex/5sqtunnelroaddark
f  2235/2928/2  2234/2929/2  2233/2930/2  2236/2931/2
usemtl tex/5sqtunnelroaddark
f  2236/2932/3  2233/2919/3  2232/2920/3  2237/2933/3
usemtl tex/5sqtunnelroaddark
f  2237/2931/5  2232/2930/5  2231/2934/5  2238/2935/5
usemtl tex/5sqtunnelroaddark
f  2238/2933/608  2231/2920/608  2234/2919/608  2235/2932/608
usemtl tex/5sqtunnelroaddark
f  2237/2701/6  2238/2700/6  2235/2703/6  2236/2702/6

o entity1_brush274
usemtl tex/5sqtunnelroaddark
f  2239/2726/1  2240/2738/1  2241/2739/1  2242/2727/1
usemtl tex/5sqtunnelroaddark
f  2243/2936/2  2242/2934/2  2241/2930/2  2244/2937/2
usemtl tex/5sqtunnelroaddark
f  2244/2938/3  2241/2939/3  2240/2940/3  2245/2941/3
usemtl tex/5sqtunnelroaddark
f  2245/2937/5  2240/2930/5  2239/2929/5  2246/2942/5
usemtl tex/5sqtunnelroaddark
f  2246/2941/609  2239/2940/609  2242/2939/609  2243/2938/609
usemtl tex/5sqtunnelroaddark
f  2245/2738/6  2246/2726/6  2243/2727/6  2244/2739/6

o entity1_brush275
usemtl tex/5sqtunnelroaddark
f  2247/2726/1  2248/2727/1  2249/2728/1  2250/2729/1
usemtl tex/5sqtunnelroaddark
f  2251/2917/610  2250/2916/610  2249/2915/610  2252/2914/610
usemtl tex/5sqtunnelroaddark
f  2253/2938/611  2248/2939/611  2247/2940/611  2254/2941/611
usemtl tex/5sqtunnelroaddark
f  2252/2909/612  2249/2908/612  2248/2943/612  2253/2944/612
usemtl tex/5sqtunnelroaddark
f  2254/2945/613  2247/2946/613  2250/2911/613  2251/2910/613
usemtl tex/5sqtunnelroaddark
f  2251/2729/6  2252/2728/6  2253/2727/6  2254/2726/6

o entity1_brush276
usemtl tex/5sqtunnelroaddark
f  2255/2947/1  2256/2948/1  2257/2949/1  2258/2950/1
usemtl tex/5sqtunnelroaddark
f  2259/2951/2  2257/2676/2  2256/2482/2  2260/2952/2
usemtl tex/5sqtunnelroaddark
f  2260/2953/3  2256/2954/3  2255/2955/3  2261/2956/3
usemtl tex/5sqtunnelroaddark
f  2262/2956/4  2258/2955/4  2257/2954/4  2259/2953/4
usemtl tex/5sqtunnelroaddark
f  2261/2952/5  2255/2482/5  2258/2676/5  2262/2951/5
usemtl tex/5sqtunnelroaddark
f  2262/2950/6  2259/2949/6  2260/2948/6  2261/2947/6

